city,timestamp_utc,cycle_id,station_uid,station_name,lat,lon,pm25,pm10,no2,so2,co,o3,aqi,dominentpol,aqi_time,data_age_hours,current_speed,congestion_percent,nearest_source,nearest_source_dist_km,bearing_AluminiumSmelter,bearing_CHP,bearing_Kazzinc,bearing_Qarmet,bearing_UMZ,dist_AluminiumSmelter_km,dist_CHP_km,dist_Kazzinc_km,dist_Qarmet_km,dist_UMZ_km,downwind_AluminiumSmelter,downwind_CHP,downwind_Kazzinc,downwind_Qarmet,downwind_UMZ,temp_c,humidity,pressure,wind_speed,wind_deg,weather_desc,heating_season
Ust-Kamenogorsk,2026-09-07T01:40:03.531694+00:00,1788745203,517390,"Серікбаев көшесі, 19",49.956986944444,82.592090555556,5,1,1,53,2,3,3,pm25,2026-09-07T00:00:00Z,1.7,41,0,UMZ,1.02,,304.9,214.9,,282.5,,3.31,3.12,,1.02,,0,1,,0,8.99,87,1020,0,0,overcast clouds,0
Ust-Kamenogorsk,2026-09-07T01:40:03.531694+00:00,1788745203,517402,"Лев Толстой к-сі, 18",49.944817777778,82.653340277778,7,1,,0,0,1,7,pm25,2026-09-07T00:00:00Z,1.7,42,2.3,CHP,1.76,,72.2,146.4,,108.5,,1.76,4.7,,3.58,,0,1,,0,8.99,87,1020,0,0,overcast clouds,0
Ust-Kamenogorsk,2026-09-07T01:40:03.531694+00:00,1788745203,517507,"М. Тынышпаев к-сі, 126",50.009261944444,82.564498888889,0,0,61,0,21,,-,pm25,2026-08-26T09:00:00Z,280.7,69,0,Kazzinc,4.97,,328.7,310.9,,333.8,,9.02,4.97,,6.73,,0,0,,0,8.99,87,1020,0,0,overcast clouds,0
Karaganda,2026-09-07T01:40:03.531694+00:00,1788745203,506290,Майқұдық,49.89696663495,73.21133762598,50,12,,,,,50,pm25,2026-09-07T00:44:58Z,0.9,54,0,,,,,,,,,,,,,,,,,,5.95,32,1022,1.4,97,clear sky,0
Karaganda,2026-09-07T01:40:03.531694+00:00,1788745203,517423,"Мұқанов көшесі,57/3",49.786533888889,73.168150833333,211,113,2,0,1,1,-,pm25,2026-07-02T11:00:00Z,1598.7,45,0,,,,,,,,,,,,,,,,,,5.95,32,1022,1.4,97,clear sky,0
Pavlodar,2026-09-07T01:40:03.531694+00:00,1788745203,520273,  Торайғыров генералы Дүйсенов көшесі,52.294865277778,76.942828333333,32,12,24,2,0,0,32,pm25,2026-09-07T00:00:00Z,1.7,38,0,AluminiumSmelter,7.57,254.6,,,,,7.57,,,,,1,,,,,13.92,67,1022,3,120,clear sky,0
Pavlodar,2026-09-07T01:40:03.531694+00:00,1788745203,537550,"Естай к-сі, 54",52.281193333333,76.946898055556,4,1,0,2,5,1,4,pm25,2026-09-07T00:00:00Z,1.7,31,0,AluminiumSmelter,7.86,243.3,,,,,7.86,,,,,1,,,,,13.92,67,1022,3,120,clear sky,0
Pavlodar,2026-09-07T01:40:03.531694+00:00,1788745203,573904,Каз. Правда  к-сі,52.252530555556,76.974843611111,,,4,3,0,4,4,pm25,2026-09-07T00:00:00Z,1.7,43,0,AluminiumSmelter,8.46,217.3,,,,,8.46,,,,,0,,,,,13.92,67,1022,3,120,clear sky,0
Pavlodar,2026-09-07T01:40:03.531694+00:00,1788745203,573907,Ломов к-сі (ПМУ),52.264703055556,76.9640775,,,,0,0,0,0,pm25,2026-09-07T00:00:00Z,1.7,31,11.4,AluminiumSmelter,7.95,227.5,,,,,7.95,,,,,0,,,,,13.92,67,1022,3,120,clear sky,0
Pavlodar,2026-09-07T01:40:03.531694+00:00,1788745203,114532,Пед. колледж,52.2789,76.9384,78,27,,,,,-,pm25,2026-08-31T12:48:04Z,156.9,32,0,AluminiumSmelter,8.49,243.5,,,,,8.49,,,,,1,,,,,13.92,67,1022,3,120,clear sky,0
Astana,2026-09-07T01:40:03.531694+00:00,1788745203,10497,"Astana, US Embassy, Kazakhstan (Нұр-Сұлтан, АҚШ елшілігі)",51.125286,71.46722,,,14.4,10.6,5.7,0.1,11,so2,2026-09-07T06:00:00+06:00,1.7,35,2.8,,,,,,,,,,,,,,,,,,7.99,81,1021,3,80,clear sky,0
Ust-Kamenogorsk,2026-09-07T06:04:34.958919+00:00,1788761074,517390,"Серікбаев көшесі, 19",49.956986944444,82.592090555556,5,1,1,53,5,6,6,pm25,2026-09-07T05:00:00Z,1.1,41,0,UMZ,1.02,,304.9,214.9,,282.5,,3.31,3.12,,1.02,,0,1,,0,21.99,46,1019,1,0,overcast clouds,0
Ust-Kamenogorsk,2026-09-07T06:04:34.958919+00:00,1788761074,517402,"Лев Толстой к-сі, 18",49.944817777778,82.653340277778,9,2,,0,1,2,9,pm25,2026-09-07T05:00:00Z,1.1,43,0,CHP,1.76,,72.2,146.4,,108.5,,1.76,4.7,,3.58,,0,1,,0,21.99,46,1019,1,0,overcast clouds,0
Ust-Kamenogorsk,2026-09-07T06:04:34.958919+00:00,1788761074,517507,"М. Тынышпаев к-сі, 126",50.009261944444,82.564498888889,0,0,61,0,21,,-,pm25,2026-08-26T09:00:00Z,285.1,69,0,Kazzinc,4.97,,328.7,310.9,,333.8,,9.02,4.97,,6.73,,0,0,,0,21.99,46,1019,1,0,overcast clouds,0
Karaganda,2026-09-07T06:04:34.958919+00:00,1788761074,506290,Майқұдық,49.89696663495,73.21133762598,24,5,,,,,24,pm25,2026-09-07T05:50:52Z,0.2,54,0,,,,,,,,,,,,,,,,,,25.95,21,1021,3.86,80,clear sky,0
Karaganda,2026-09-07T06:04:34.958919+00:00,1788761074,517423,"Мұқанов көшесі,57/3",49.786533888889,73.168150833333,211,113,7,0,2,1,-,pm25,2026-07-02T11:00:00Z,1603.1,33,26.7,,,,,,,,,,,,,,,,,,25.95,21,1021,3.86,80,clear sky,0
Pavlodar,2026-09-07T06:04:34.958919+00:00,1788761074,520273,  Торайғыров генералы Дүйсенов көшесі,52.294865277778,76.942828333333,34,22,24,2,0,1,34,pm25,2026-09-07T05:00:00Z,1.1,28,26.3,AluminiumSmelter,7.57,254.6,,,,,7.57,,,,,1,,,,,26.92,29,1022,5,130,clear sky,0
Pavlodar,2026-09-07T06:04:34.958919+00:00,1788761074,537550,"Естай к-сі, 54",52.281193333333,76.946898055556,4,1,0,2,5,1,4,pm25,2026-09-07T05:00:00Z,1.1,25,16.7,AluminiumSmelter,7.86,243.3,,,,,7.86,,,,,0,,,,,26.92,29,1022,5,130,clear sky,0
Pavlodar,2026-09-07T06:04:34.958919+00:00,1788761074,573904,Каз. Правда  к-сі,52.252530555556,76.974843611111,,,15,3,0,4,4,pm25,2026-09-07T05:00:00Z,1.1,43,0,AluminiumSmelter,8.46,217.3,,,,,8.46,,,,,0,,,,,26.92,29,1022,5,130,clear sky,0
Pavlodar,2026-09-07T06:04:34.958919+00:00,1788761074,573907,Ломов к-сі (ПМУ),52.264703055556,76.9640775,,,,0,1,0,0,pm25,2026-09-07T05:00:00Z,1.1,35,0,AluminiumSmelter,7.95,227.5,,,,,7.95,,,,,0,,,,,26.92,29,1022,5,130,clear sky,0
Pavlodar,2026-09-07T06:04:34.958919+00:00,1788761074,114532,Пед. колледж,52.2789,76.9384,78,27,,,,,-,pm25,2026-08-31T12:48:04Z,161.3,32,0,AluminiumSmelter,8.49,243.5,,,,,8.49,,,,,0,,,,,26.92,29,1022,5,130,clear sky,0
Astana,2026-09-07T06:04:34.958919+00:00,1788761074,10497,"Astana, US Embassy, Kazakhstan (Нұр-Сұлтан, АҚШ елшілігі)",51.125286,71.46722,,,29.1,15.6,11.3,0.1,16,so2,2026-09-07T11:00:00+06:00,1.1,31,13.9,,,,,,,,,,,,,,,,,,24.99,29,1021,2,70,clear sky,0
Ust-Kamenogorsk,2026-09-07T12:22:55.752518+00:00,1788783775,517390,"Серікбаев көшесі, 19",49.956986944444,82.592090555556,5,1,1,53,2,16,16,pm25,2026-09-07T12:00:00Z,0.4,31,24.4,UMZ,1.02,,304.9,214.9,,282.5,,3.31,3.12,,1.02,,0,0,,0,25.99,24,1016,4,320,overcast clouds,0
Ust-Kamenogorsk,2026-09-07T12:22:55.752518+00:00,1788783775,517402,"Лев Толстой к-сі, 18",49.944817777778,82.653340277778,4,1,,0,3,7,7,pm25,2026-09-07T12:00:00Z,0.4,43,0,CHP,1.76,,72.2,146.4,,108.5,,1.76,4.7,,3.58,,0,1,,1,25.99,24,1016,4,320,overcast clouds,0
Ust-Kamenogorsk,2026-09-07T12:22:55.752518+00:00,1788783775,517507,"М. Тынышпаев к-сі, 126",50.009261944444,82.564498888889,0,0,61,0,21,,-,pm25,2026-08-26T09:00:00Z,291.4,69,0,Kazzinc,4.97,,328.7,310.9,,333.8,,9.02,4.97,,6.73,,0,0,,0,25.99,24,1016,4,320,overcast clouds,0
Karaganda,2026-09-07T12:22:55.752518+00:00,1788783775,506290,Майқұдық,49.89696663495,73.21133762598,13,4,,,,,13,pm25,2026-09-07T12:15:39Z,0.1,46,16.4,,,,,,,,,,,,,,,,,,25.95,19,1019,6.31,65,clear sky,0
Karaganda,2026-09-07T12:22:55.752518+00:00,1788783775,517423,"Мұқанов көшесі,57/3",49.786533888889,73.168150833333,211,113,6,0,1,1,-,pm25,2026-07-02T11:00:00Z,1609.4,40,11.1,,,,,,,,,,,,,,,,,,25.95,19,1019,6.31,65,clear sky,0
Pavlodar,2026-09-07T12:22:55.752518+00:00,1788783775,520273,  Торайғыров генералы Дүйсенов көшесі,52.294865277778,76.942828333333,27,15,24,2,8,2,-,pm25,2026-09-07T06:00:00Z,6.4,24,38.5,AluminiumSmelter,7.57,254.6,,,,,7.57,,,,,1,,,,,26.92,28,1021,6,80,clear sky,0
Pavlodar,2026-09-07T12:22:55.752518+00:00,1788783775,537550,"Естай к-сі, 54",52.281193333333,76.946898055556,4,1,0,1,5,1,4,pm25,2026-09-07T12:00:00Z,0.4,31,0,AluminiumSmelter,7.86,243.3,,,,,7.86,,,,,1,,,,,26.92,28,1021,6,80,clear sky,0
Pavlodar,2026-09-07T12:22:55.752518+00:00,1788783775,573904,Каз. Правда  к-сі,52.252530555556,76.974843611111,,,13,10,0,4,4,pm25,2026-09-07T11:00:00Z,1.4,35,16.7,AluminiumSmelter,8.46,217.3,,,,,8.46,,,,,1,,,,,26.92,28,1021,6,80,clear sky,0
Pavlodar,2026-09-07T12:22:55.752518+00:00,1788783775,573907,Ломов к-сі (ПМУ),52.264703055556,76.9640775,,,,0,0,0,0,pm25,2026-09-07T12:00:00Z,0.4,22,37.1,AluminiumSmelter,7.95,227.5,,,,,7.95,,,,,1,,,,,26.92,28,1021,6,80,clear sky,0
Pavlodar,2026-09-07T12:22:55.752518+00:00,1788783775,114532,Пед. колледж,52.2789,76.9384,78,27,,,,,-,pm25,2026-08-31T12:48:04Z,167.6,27,15.6,AluminiumSmelter,8.49,243.5,,,,,8.49,,,,,1,,,,,26.92,28,1021,6,80,clear sky,0
Astana,2026-09-07T12:22:55.752518+00:00,1788783775,10497,"Astana, US Embassy, Kazakhstan (Нұр-Сұлтан, АҚШ елшілігі)",51.125286,71.46722,,,3.3,11,2.4,0.1,11,so2,2026-09-07T18:00:00+06:00,0.4,29,21.6,,,,,,,,,,,,,,,,,,27.99,18,1019,1,0,clear sky,0
Ust-Kamenogorsk,2026-09-07T17:53:52.635601+00:00,1788803632,517390,"Серікбаев көшесі, 19",49.956986944444,82.592090555556,5,1,1,53,22,3,3,pm25,2026-09-07T17:00:00Z,0.9,41,0,UMZ,1.02,,304.9,214.9,,282.5,,3.31,3.12,,1.02,,1,0,,1,12.99,76,1018,2,130,broken clouds,0
Ust-Kamenogorsk,2026-09-07T17:53:52.635601+00:00,1788803632,517402,"Лев Толстой к-сі, 18",49.944817777778,82.653340277778,8,2,,0,0,1,8,pm25,2026-09-07T17:00:00Z,0.9,43,0,CHP,1.76,,72.2,146.4,,108.5,,1.76,4.7,,3.58,,0,0,,0,12.99,76,1018,2,130,broken clouds,0
Ust-Kamenogorsk,2026-09-07T17:53:52.635601+00:00,1788803632,517507,"М. Тынышпаев к-сі, 126",50.009261944444,82.564498888889,0,0,61,0,21,,-,pm25,2026-08-26T09:00:00Z,296.9,69,0,Kazzinc,4.97,,328.7,310.9,,333.8,,9.02,4.97,,6.73,,1,1,,1,12.99,76,1018,2,130,broken clouds,0
Karaganda,2026-09-07T17:53:52.635601+00:00,1788803632,506290,Майқұдық,49.89696663495,73.21133762598,29,9,,,,,29,pm25,2026-09-07T17:47:57Z,0.1,54,0,,,,,,,,,,,,,,,,,,9.95,41,1021,4.7,99,clear sky,0
Karaganda,2026-09-07T17:53:52.635601+00:00,1788803632,517423,"Мұқанов көшесі,57/3",49.786533888889,73.168150833333,211,113,3,0,1,1,-,pm25,2026-07-02T11:00:00Z,1614.9,45,0,,,,,,,,,,,,,,,,,,9.95,41,1021,4.7,99,clear sky,0
Pavlodar,2026-09-07T17:53:52.635601+00:00,1788803632,520273,  Торайғыров генералы Дүйсенов көшесі,52.294865277778,76.942828333333,27,15,24,2,8,2,-,pm25,2026-09-07T06:00:00Z,11.9,38,0,AluminiumSmelter,7.57,254.6,,,,,7.57,,,,,1,,,,,19.56,40,1022,3.58,86,few clouds,0
Pavlodar,2026-09-07T17:53:52.635601+00:00,1788803632,537550,"Естай к-сі, 54",52.281193333333,76.946898055556,4,1,0,2,6,1,4,pm25,2026-09-07T17:00:00Z,0.9,31,0,AluminiumSmelter,7.86,243.3,,,,,7.86,,,,,1,,,,,19.56,40,1022,3.58,86,few clouds,0
Pavlodar,2026-09-07T17:53:52.635601+00:00,1788803632,573904,Каз. Правда  к-сі,52.252530555556,76.974843611111,,,11,7,0,4,4,pm25,2026-09-07T17:00:00Z,0.9,43,0,AluminiumSmelter,8.46,217.3,,,,,8.46,,,,,1,,,,,19.56,40,1022,3.58,86,few clouds,0
Pavlodar,2026-09-07T17:53:52.635601+00:00,1788803632,573907,Ломов к-сі (ПМУ),52.264703055556,76.9640775,,,,0,1,0,0,pm25,2026-09-07T17:00:00Z,0.9,35,0,AluminiumSmelter,7.95,227.5,,,,,7.95,,,,,1,,,,,19.56,40,1022,3.58,86,few clouds,0
Pavlodar,2026-09-07T17:53:52.635601+00:00,1788803632,114532,Пед. колледж,52.2789,76.9384,78,27,,,,,-,pm25,2026-08-31T12:48:04Z,173.1,32,0,AluminiumSmelter,8.49,243.5,,,,,8.49,,,,,1,,,,,19.56,40,1022,3.58,86,few clouds,0
Astana,2026-09-07T17:53:52.635601+00:00,1788803632,10497,"Astana, US Embassy, Kazakhstan (Нұр-Сұлтан, АҚШ елшілігі)",51.125286,71.46722,,,5.2,11.8,3,0.1,12,so2,2026-09-07T23:00:00+06:00,0.9,33,8.3,,,,,,,,,,,,,,,,,,13.99,62,1020,2,100,few clouds,0
Ust-Kamenogorsk,2026-09-07T21:28:16.019404+00:00,1788816496,517390,"Серікбаев көшесі, 19",49.956986944444,82.592090555556,5,1,1,53,5,1,1,pm25,2026-09-07T20:00:00Z,1.5,41,0,UMZ,1.02,,304.9,214.9,,282.5,,3.31,3.12,,1.02,,0,1,,0,7.99,87,1018,0,0,clear sky,0
Ust-Kamenogorsk,2026-09-07T21:28:16.019404+00:00,1788816496,517402,"Лев Толстой к-сі, 18",49.944817777778,82.653340277778,6,2,,0,0,1,6,pm25,2026-09-07T20:00:00Z,1.5,43,0,CHP,1.76,,72.2,146.4,,108.5,,1.76,4.7,,3.58,,0,1,,0,7.99,87,1018,0,0,clear sky,0
Ust-Kamenogorsk,2026-09-07T21:28:16.019404+00:00,1788816496,517507,"М. Тынышпаев к-сі, 126",50.009261944444,82.564498888889,0,0,61,0,21,,-,pm25,2026-08-26T09:00:00Z,300.5,69,0,Kazzinc,4.97,,328.7,310.9,,333.8,,9.02,4.97,,6.73,,0,0,,0,7.99,87,1018,0,0,clear sky,0
Karaganda,2026-09-07T21:28:16.019404+00:00,1788816496,506290,Майқұдық,49.89696663495,73.21133762598,20,5,,,,,20,pm25,2026-09-07T21:17:24Z,0.2,54,0,,,,,,,,,,,,,,,,,,7.95,44,1020,4.15,96,clear sky,0
Karaganda,2026-09-07T21:28:16.019404+00:00,1788816496,517423,"Мұқанов көшесі,57/3",49.786533888889,73.168150833333,211,113,1,0,1,1,-,pm25,2026-07-02T11:00:00Z,1618.5,45,0,,,,,,,,,,,,,,,,,,7.95,44,1020,4.15,96,clear sky,0
Pavlodar,2026-09-07T21:28:16.019404+00:00,1788816496,520273,  Торайғыров генералы Дүйсенов көшесі,52.294865277778,76.942828333333,27,15,24,2,8,2,-,pm25,2026-09-07T06:00:00Z,15.5,38,0,AluminiumSmelter,7.57,254.6,,,,,7.57,,,,,1,,,,,17.9,47,1022,3.44,80,scattered clouds,0
Pavlodar,2026-09-07T21:28:16.019404+00:00,1788816496,537550,"Естай к-сі, 54",52.281193333333,76.946898055556,4,1,0,2,5,1,4,pm25,2026-09-07T20:00:00Z,1.5,31,0,AluminiumSmelter,7.86,243.3,,,,,7.86,,,,,1,,,,,17.9,47,1022,3.44,80,scattered clouds,0
Pavlodar,2026-09-07T21:28:16.019404+00:00,1788816496,573904,Каз. Правда  к-сі,52.252530555556,76.974843611111,,,12,6,0,4,4,pm25,2026-09-07T20:00:00Z,1.5,43,0,AluminiumSmelter,8.46,217.3,,,,,8.46,,,,,1,,,,,17.9,47,1022,3.44,80,scattered clouds,0
Pavlodar,2026-09-07T21:28:16.019404+00:00,1788816496,573907,Ломов к-сі (ПМУ),52.264703055556,76.9640775,,,,0,0,0,0,pm25,2026-09-07T20:00:00Z,1.5,35,0,AluminiumSmelter,7.95,227.5,,,,,7.95,,,,,1,,,,,17.9,47,1022,3.44,80,scattered clouds,0
Pavlodar,2026-09-07T21:28:16.019404+00:00,1788816496,114532,Пед. колледж,52.2789,76.9384,78,27,,,,,-,pm25,2026-08-31T12:48:04Z,176.7,32,0,AluminiumSmelter,8.49,243.5,,,,,8.49,,,,,1,,,,,17.9,47,1022,3.44,80,scattered clouds,0
Astana,2026-09-07T21:28:16.019404+00:00,1788816496,10497,"Astana, US Embassy, Kazakhstan (Нұр-Сұлтан, АҚШ елшілігі)",51.125286,71.46722,,,2.7,10,2.4,0.1,10,so2,2026-09-08T03:00:00+06:00,0.5,35,2.8,,,,,,,,,,,,,,,,,,9.99,76,1020,4,70,scattered clouds,0
Ust-Kamenogorsk,2026-09-07T23:44:40.294809+00:00,1788824680,517390,"Серікбаев көшесі, 19",49.956986944444,82.592090555556,5,1,1,53,3,4,4,pm25,2026-09-07T23:00:00Z,0.7,41,0,UMZ,1.02,,304.9,214.9,,282.5,,3.31,3.12,,1.02,,0,1,,0,6.99,87,1019,0,0,clear sky,0
Ust-Kamenogorsk,2026-09-07T23:44:40.294809+00:00,1788824680,517402,"Лев Толстой к-сі, 18",49.944817777778,82.653340277778,10,3,,0,0,1,10,pm25,2026-09-07T23:00:00Z,0.7,43,0,CHP,1.76,,72.2,146.4,,108.5,,1.76,4.7,,3.58,,0,1,,0,6.99,87,1019,0,0,clear sky,0
Ust-Kamenogorsk,2026-09-07T23:44:40.294809+00:00,1788824680,517507,"М. Тынышпаев к-сі, 126",50.009261944444,82.564498888889,0,0,61,0,21,,-,pm25,2026-08-26T09:00:00Z,302.7,69,0,Kazzinc,4.97,,328.7,310.9,,333.8,,9.02,4.97,,6.73,,0,0,,0,6.99,87,1019,0,0,clear sky,0
Karaganda,2026-09-07T23:44:40.294809+00:00,1788824680,506290,Майқұдық,49.89696663495,73.21133762598,38,8,,,,,38,pm25,2026-09-07T23:35:38Z,0.2,54,0,,,,,,,,,,,,,,,,,,4.95,50,1021,3.81,93,clear sky,0
Karaganda,2026-09-07T23:44:40.294809+00:00,1788824680,517423,"Мұқанов көшесі,57/3",49.786533888889,73.168150833333,211,113,0,0,1,1,-,pm25,2026-07-02T11:00:00Z,1620.7,45,0,,,,,,,,,,,,,,,,,,4.95,50,1021,3.81,93,clear sky,0
Pavlodar,2026-09-07T23:44:40.294809+00:00,1788824680,520273,  Торайғыров генералы Дүйсенов көшесі,52.294865277778,76.942828333333,27,15,24,2,8,2,-,pm25,2026-09-07T06:00:00Z,17.7,38,0,AluminiumSmelter,7.57,254.6,,,,,7.57,,,,,1,,,,,12.92,76,1023,3,50,scattered clouds,0
Pavlodar,2026-09-07T23:44:40.294809+00:00,1788824680,537550,"Естай к-сі, 54",52.281193333333,76.946898055556,4,1,0,2,3,1,4,pm25,2026-09-07T23:00:00Z,0.7,31,0,AluminiumSmelter,7.86,243.3,,,,,7.86,,,,,1,,,,,12.92,76,1023,3,50,scattered clouds,0
Pavlodar,2026-09-07T23:44:40.294809+00:00,1788824680,573904,Каз. Правда  к-сі,52.252530555556,76.974843611111,,,9,4,0,4,4,pm25,2026-09-07T23:00:00Z,0.7,43,0,AluminiumSmelter,8.46,217.3,,,,,8.46,,,,,1,,,,,12.92,76,1023,3,50,scattered clouds,0
Pavlodar,2026-09-07T23:44:40.294809+00:00,1788824680,573907,Ломов к-сі (ПМУ),52.264703055556,76.9640775,,,,0,0,0,0,pm25,2026-09-07T23:00:00Z,0.7,35,0,AluminiumSmelter,7.95,227.5,,,,,7.95,,,,,1,,,,,12.92,76,1023,3,50,scattered clouds,0
Pavlodar,2026-09-07T23:44:40.294809+00:00,1788824680,114532,Пед. колледж,52.2789,76.9384,78,27,,,,,-,pm25,2026-08-31T12:48:04Z,178.9,32,0,AluminiumSmelter,8.49,243.5,,,,,8.49,,,,,1,,,,,12.92,76,1023,3,50,scattered clouds,0
Astana,2026-09-07T23:44:40.294809+00:00,1788824680,10497,"Astana, US Embassy, Kazakhstan (Нұр-Сұлтан, АҚШ елшілігі)",51.125286,71.46722,,,1.5,10.4,2,0.1,10,so2,2026-09-08T05:00:00+06:00,0.7,36,0,,,,,,,,,,,,,,,,,,8.99,81,1021,3,80,few clouds,0
Ust-Kamenogorsk,2026-09-08T01:24:14.101359+00:00,1788830654,517390,"Серікбаев көшесі, 19",49.956986944444,82.592090555556,5,1,1,53,3,4,4,pm25,2026-09-07T23:00:00Z,2.4,41,0,UMZ,1.02,,304.9,214.9,,282.5,,3.31,3.12,,1.02,,0,1,,0,8.99,81,1018,0,0,clear sky,0
Ust-Kamenogorsk,2026-09-08T01:24:14.101359+00:00,1788830654,517402,"Лев Толстой к-сі, 18",49.944817777778,82.653340277778,10,3,,0,0,1,10,pm25,2026-09-07T23:00:00Z,2.4,43,0,CHP,1.76,,72.2,146.4,,108.5,,1.76,4.7,,3.58,,0,1,,0,8.99,81,1018,0,0,clear sky,0
Ust-Kamenogorsk,2026-09-08T01:24:14.101359+00:00,1788830654,517507,"М. Тынышпаев к-сі, 126",50.009261944444,82.564498888889,0,0,61,0,21,,-,pm25,2026-08-26T09:00:00Z,304.4,69,0,Kazzinc,4.97,,328.7,310.9,,333.8,,9.02,4.97,,6.73,,0,0,,0,8.99,81,1018,0,0,clear sky,0
Karaganda,2026-09-08T01:24:14.101359+00:00,1788830654,506290,Майқұдық,49.89696663495,73.21133762598,39,9,,,,,39,pm25,2026-09-08T01:13:39Z,0.2,54,0,,,,,,,,,,,,,,,,,,5.95,51,1022,4,91,clear sky,0
Karaganda,2026-09-08T01:24:14.101359+00:00,1788830654,517423,"Мұқанов көшесі,57/3",49.786533888889,73.168150833333,211,113,0,0,1,1,-,pm25,2026-07-02T11:00:00Z,1622.4,45,0,,,,,,,,,,,,,,,,,,5.95,51,1022,4,91,clear sky,0
Pavlodar,2026-09-08T01:24:14.101359+00:00,1788830654,520273,  Торайғыров генералы Дүйсенов көшесі,52.294865277778,76.942828333333,27,15,24,2,8,2,-,pm25,2026-09-07T06:00:00Z,19.4,38,0,AluminiumSmelter,7.57,254.6,,,,,7.57,,,,,1,,,,,12.92,76,1023,3,50,scattered clouds,0
Pavlodar,2026-09-08T01:24:14.101359+00:00,1788830654,537550,"Естай к-сі, 54",52.281193333333,76.946898055556,4,1,0,2,3,1,4,pm25,2026-09-07T23:00:00Z,2.4,31,0,AluminiumSmelter,7.86,243.3,,,,,7.86,,,,,1,,,,,12.92,76,1023,3,50,scattered clouds,0
Pavlodar,2026-09-08T01:24:14.101359+00:00,1788830654,573904,Каз. Правда  к-сі,52.252530555556,76.974843611111,,,9,4,0,4,4,pm25,2026-09-07T23:00:00Z,2.4,43,0,AluminiumSmelter,8.46,217.3,,,,,8.46,,,,,1,,,,,12.92,76,1023,3,50,scattered clouds,0
Pavlodar,2026-09-08T01:24:14.101359+00:00,1788830654,573907,Ломов к-сі (ПМУ),52.264703055556,76.9640775,,,,0,0,0,0,pm25,2026-09-07T23:00:00Z,2.4,35,0,AluminiumSmelter,7.95,227.5,,,,,7.95,,,,,1,,,,,12.92,76,1023,3,50,scattered clouds,0
Pavlodar,2026-09-08T01:24:14.101359+00:00,1788830654,114532,Пед. колледж,52.2789,76.9384,78,27,,,,,-,pm25,2026-08-31T12:48:04Z,180.6,32,0,AluminiumSmelter,8.49,243.5,,,,,8.49,,,,,1,,,,,12.92,76,1023,3,50,scattered clouds,0
Astana,2026-09-08T01:24:14.101359+00:00,1788830654,10497,"Astana, US Embassy, Kazakhstan (Нұр-Сұлтан, АҚШ елшілігі)",51.125286,71.46722,,,1.5,10.4,2,0.1,10,so2,2026-09-08T05:00:00+06:00,2.4,36,0,,,,,,,,,,,,,,,,,,9.99,76,1020,3,110,clear sky,0
Ust-Kamenogorsk,2026-09-08T06:31:13.066679+00:00,1788849073,517390,"Серікбаев көшесі, 19",49.956986944444,82.592090555556,5,1,1,53,3,10,10,pm25,2026-09-08T05:00:00Z,1.5,32,22.0,UMZ,1.02,,304.9,214.9,,282.5,,3.31,3.12,,1.02,,0,0,,0,24.99,36,1017,2,230,clear sky,0
Ust-Kamenogorsk,2026-09-08T06:31:13.066679+00:00,1788849073,517402,"Лев Толстой к-сі, 18",49.944817777778,82.653340277778,4,1,,0,6,3,4,pm25,2026-09-08T05:00:00Z,1.5,36,16.3,CHP,1.76,,72.2,146.4,,108.5,,1.76,4.7,,3.58,,1,0,,1,24.99,36,1017,2,230,clear sky,0
Ust-Kamenogorsk,2026-09-08T06:31:13.066679+00:00,1788849073,517507,"М. Тынышпаев к-сі, 126",50.009261944444,82.564498888889,0,0,61,0,21,,-,pm25,2026-08-26T09:00:00Z,309.5,69,0,Kazzinc,4.97,,328.7,310.9,,333.8,,9.02,4.97,,6.73,,0,0,,0,24.99,36,1017,2,230,clear sky,0
Karaganda,2026-09-08T06:31:13.066679+00:00,1788849073,506290,Майқұдық,49.89696663495,73.21133762598,29,7,,,,,29,pm25,2026-09-08T06:05:36Z,0.4,54,0,,,,,,,,,,,,,,,,,,22.95,28,1019,6.59,96,clear sky,0
Karaganda,2026-09-08T06:31:13.066679+00:00,1788849073,517423,"Мұқанов көшесі,57/3",49.786533888889,73.168150833333,211,113,3,0,2,1,-,pm25,2026-07-02T11:00:00Z,1627.5,45,0,,,,,,,,,,,,,,,,,,22.95,28,1019,6.59,96,clear sky,0
Pavlodar,2026-09-08T06:31:13.066679+00:00,1788849073,520273,  Торайғыров генералы Дүйсенов көшесі,52.294865277778,76.942828333333,27,15,24,2,8,2,-,pm25,2026-09-07T06:00:00Z,24.5,30,21.1,AluminiumSmelter,7.57,254.6,,,,,7.57,,,,,1,,,,,26.92,26,1022,10,70,clear sky,0
Pavlodar,2026-09-08T06:31:13.066679+00:00,1788849073,537550,"Естай к-сі, 54",52.281193333333,76.946898055556,4,1,0,2,4,2,4,pm25,2026-09-08T05:00:00Z,1.5,31,0,AluminiumSmelter,7.86,243.3,,,,,7.86,,,,,1,,,,,26.92,26,1022,10,70,clear sky,0
Pavlodar,2026-09-08T06:31:13.066679+00:00,1788849073,573904,Каз. Правда  к-сі,52.252530555556,76.974843611111,,,13,5,0,4,4,pm25,2026-09-08T05:00:00Z,1.5,43,0,AluminiumSmelter,8.46,217.3,,,,,8.46,,,,,1,,,,,26.92,26,1022,10,70,clear sky,0
Pavlodar,2026-09-08T06:31:13.066679+00:00,1788849073,573907,Ломов к-сі (ПМУ),52.264703055556,76.9640775,,,,0,0,0,0,pm25,2026-09-08T05:00:00Z,1.5,23,34.3,AluminiumSmelter,7.95,227.5,,,,,7.95,,,,,1,,,,,26.92,26,1022,10,70,clear sky,0
Pavlodar,2026-09-08T06:31:13.066679+00:00,1788849073,114532,Пед. колледж,52.2789,76.9384,78,27,,,,,-,pm25,2026-08-31T12:48:04Z,185.7,32,0,AluminiumSmelter,8.49,243.5,,,,,8.49,,,,,1,,,,,26.92,26,1022,10,70,clear sky,0
Astana,2026-09-08T06:31:13.066679+00:00,1788849073,10497,"Astana, US Embassy, Kazakhstan (Нұр-Сұлтан, АҚШ елшілігі)",51.125286,71.46722,,,4.4,10,2.7,0.1,10,so2,2026-09-08T12:00:00+06:00,0.5,31,13.9,,,,,,,,,,,,,,,,,,23.99,33,1020,7,130,clear sky,0
Ust-Kamenogorsk,2026-09-08T11:43:15.786411+00:00,1788867795,517390,"Серікбаев көшесі, 19",49.956986944444,82.592090555556,5,1,1,53,2,17,17,pm25,2026-09-08T11:00:00Z,0.7,41,0,UMZ,1.02,,304.9,214.9,,282.5,,3.31,3.12,,1.02,,0,0,,0,28.99,24,1017,3,290,clear sky,0
Ust-Kamenogorsk,2026-09-08T11:43:15.786411+00:00,1788867795,517402,"Лев Толстой к-сі, 18",49.944817777778,82.653340277778,9,2,,0,3,7,9,pm25,2026-09-08T11:00:00Z,0.7,43,0,CHP,1.76,,72.2,146.4,,108.5,,1.76,4.7,,3.58,,1,1,,1,28.99,24,1017,3,290,clear sky,0
Ust-Kamenogorsk,2026-09-08T11:43:15.786411+00:00,1788867795,517507,"М. Тынышпаев к-сі, 126",50.009261944444,82.564498888889,0,0,61,0,21,,-,pm25,2026-08-26T09:00:00Z,314.7,69,0,Kazzinc,4.97,,328.7,310.9,,333.8,,9.02,4.97,,6.73,,0,0,,0,28.99,24,1017,3,290,clear sky,0
Karaganda,2026-09-08T11:43:15.786411+00:00,1788867795,506290,Майқұдық,49.89696663495,73.21133762598,9,3,,,,,9,pm25,2026-09-08T11:31:57Z,0.2,54,0,,,,,,,,,,,,,,,,,,27.95,17,1018,6.1,96,clear sky,0
Karaganda,2026-09-08T11:43:15.786411+00:00,1788867795,517423,"Мұқанов көшесі,57/3",49.786533888889,73.168150833333,211,113,2,0,1,1,-,pm25,2026-07-02T11:00:00Z,1632.7,39,13.3,,,,,,,,,,,,,,,,,,27.95,17,1018,6.1,96,clear sky,0
Pavlodar,2026-09-08T11:43:15.786411+00:00,1788867795,520273,  Торайғыров генералы Дүйсенов көшесі,52.294865277778,76.942828333333,64,30,24,2,0,3,64,pm25,2026-09-08T11:00:00Z,0.7,26,31.6,AluminiumSmelter,7.57,254.6,,,,,7.57,,,,,1,,,,,27.92,26,1020,8,70,few clouds,0
Pavlodar,2026-09-08T11:43:15.786411+00:00,1788867795,537550,"Естай к-сі, 54",52.281193333333,76.946898055556,4,1,0,2,4,2,4,pm25,2026-09-08T11:00:00Z,0.7,31,0,AluminiumSmelter,7.86,243.3,,,,,7.86,,,,,1,,,,,27.92,26,1020,8,70,few clouds,0
Pavlodar,2026-09-08T11:43:15.786411+00:00,1788867795,573904,Каз. Правда  к-сі,52.252530555556,76.974843611111,,,13,16,0,4,4,pm25,2026-09-08T11:00:00Z,0.7,37,14.0,AluminiumSmelter,8.46,217.3,,,,,8.46,,,,,1,,,,,27.92,26,1020,8,70,few clouds,0
Pavlodar,2026-09-08T11:43:15.786411+00:00,1788867795,573907,Ломов к-сі (ПМУ),52.264703055556,76.9640775,,,,0,0,0,0,pm25,2026-09-08T11:00:00Z,0.7,22,37.1,AluminiumSmelter,7.95,227.5,,,,,7.95,,,,,1,,,,,27.92,26,1020,8,70,few clouds,0
Pavlodar,2026-09-08T11:43:15.786411+00:00,1788867795,114532,Пед. колледж,52.2789,76.9384,78,27,,,,,-,pm25,2026-08-31T12:48:04Z,190.9,32,0,AluminiumSmelter,8.49,243.5,,,,,8.49,,,,,1,,,,,27.92,26,1020,8,70,few clouds,0
Astana,2026-09-08T11:43:15.786411+00:00,1788867795,10497,"Astana, US Embassy, Kazakhstan (Нұр-Сұлтан, АҚШ елшілігі)",51.125286,71.46722,,,4.5,10.1,2.5,0.1,10,so2,2026-09-08T17:00:00+06:00,0.7,28,22.2,,,,,,,,,,,,,,,,,,26.99,24,1018,6,130,clear sky,0
Ust-Kamenogorsk,2026-09-08T15:19:01.408407+00:00,1788880741,517390,"Серікбаев көшесі, 19",49.956986944444,82.592090555556,5,1,1,53,10,3,3,pm25,2026-09-08T14:00:00Z,1.3,41,0,UMZ,1.02,,304.9,214.9,,282.5,,3.31,3.12,,1.02,,1,0,,1,16.99,55,1019,1,110,clear sky,0
Ust-Kamenogorsk,2026-09-08T15:19:01.408407+00:00,1788880741,517402,"Лев Толстой к-сі, 18",49.944817777778,82.653340277778,4,1,,0,16,1,4,pm25,2026-09-08T14:00:00Z,1.3,43,0,CHP,1.76,,72.2,146.4,,108.5,,1.76,4.7,,3.58,,0,0,,0,16.99,55,1019,1,110,clear sky,0
Ust-Kamenogorsk,2026-09-08T15:19:01.408407+00:00,1788880741,517507,"М. Тынышпаев к-сі, 126",50.009261944444,82.564498888889,0,0,61,0,21,,-,pm25,2026-08-26T09:00:00Z,318.3,69,0,Kazzinc,4.97,,328.7,310.9,,333.8,,9.02,4.97,,6.73,,1,1,,1,16.99,55,1019,1,110,clear sky,0
Karaganda,2026-09-08T15:19:01.408407+00:00,1788880741,506290,Майқұдық,49.89696663495,73.21133762598,98,39,,,,,98,pm25,2026-09-08T15:07:37Z,0.2,54,0,,,,,,,,,,,,,,,,,,13.95,34,1019,5.22,84,clear sky,0
Karaganda,2026-09-08T15:19:01.408407+00:00,1788880741,517423,"Мұқанов көшесі,57/3",49.786533888889,73.168150833333,211,113,9,0,1,1,-,pm25,2026-07-02T11:00:00Z,1636.3,45,0,,,,,,,,,,,,,,,,,,13.95,34,1019,5.22,84,clear sky,0
Pavlodar,2026-09-08T15:19:01.408407+00:00,1788880741,520273,  Торайғыров генералы Дүйсенов көшесі,52.294865277778,76.942828333333,57,34,24,2,1,1,57,pm25,2026-09-08T14:00:00Z,1.3,30,21.1,AluminiumSmelter,7.57,254.6,,,,,7.57,,,,,1,,,,,16.92,51,1022,4,50,clear sky,0
Pavlodar,2026-09-08T15:19:01.408407+00:00,1788880741,537550,"Естай к-сі, 54",52.281193333333,76.946898055556,4,1,0,2,6,1,4,pm25,2026-09-08T14:00:00Z,1.3,31,0,AluminiumSmelter,7.86,243.3,,,,,7.86,,,,,1,,,,,16.92,51,1022,4,50,clear sky,0
Pavlodar,2026-09-08T15:19:01.408407+00:00,1788880741,573904,Каз. Правда  к-сі,52.252530555556,76.974843611111,,,16,15,0,4,4,pm25,2026-09-08T14:00:00Z,1.3,43,0,AluminiumSmelter,8.46,217.3,,,,,8.46,,,,,1,,,,,16.92,51,1022,4,50,clear sky,0
Pavlodar,2026-09-08T15:19:01.408407+00:00,1788880741,573907,Ломов к-сі (ПМУ),52.264703055556,76.9640775,,,,0,0,0,0,pm25,2026-09-08T14:00:00Z,1.3,35,0,AluminiumSmelter,7.95,227.5,,,,,7.95,,,,,1,,,,,16.92,51,1022,4,50,clear sky,0
Pavlodar,2026-09-08T15:19:01.408407+00:00,1788880741,114532,Пед. колледж,52.2789,76.9384,78,27,,,,,-,pm25,2026-08-31T12:48:04Z,194.5,32,0,AluminiumSmelter,8.49,243.5,,,,,8.49,,,,,1,,,,,16.92,51,1022,4,50,clear sky,0
Astana,2026-09-08T15:19:01.408407+00:00,1788880741,10497,"Astana, US Embassy, Kazakhstan (Нұр-Сұлтан, АҚШ елшілігі)",51.125286,71.46722,,,7,10.5,3.3,0.1,11,so2,2026-09-08T20:00:00+06:00,1.3,29,19.4,,,,,,,,,,,,,,,,,,14.99,63,1019,5,80,clear sky,0
Ust-Kamenogorsk,2026-09-08T18:57:20.542335+00:00,1788893840,517390,"Серікбаев көшесі, 19",49.956986944444,82.592090555556,5,1,1,53,11,3,3,pm25,2026-09-08T18:00:00Z,1.0,41,0,UMZ,1.02,,304.9,214.9,,282.5,,3.31,3.12,,1.02,,0,1,,0,12.99,71,1019,0,0,clear sky,0
Ust-Kamenogorsk,2026-09-08T18:57:20.542335+00:00,1788893840,517402,"Лев Толстой к-сі, 18",49.944817777778,82.653340277778,4,1,,0,1,1,4,pm25,2026-09-08T18:00:00Z,1.0,43,0,CHP,1.76,,72.2,146.4,,108.5,,1.76,4.7,,3.58,,0,1,,0,12.99,71,1019,0,0,clear sky,0
Ust-Kamenogorsk,2026-09-08T18:57:20.542335+00:00,1788893840,517507,"М. Тынышпаев к-сі, 126",50.009261944444,82.564498888889,0,0,61,0,21,,-,pm25,2026-08-26T09:00:00Z,322.0,69,0,Kazzinc,4.97,,328.7,310.9,,333.8,,9.02,4.97,,6.73,,0,0,,0,12.99,71,1019,0,0,clear sky,0
Karaganda,2026-09-08T18:57:20.542335+00:00,1788893840,506290,Майқұдық,49.89696663495,73.21133762598,25,6,,,,,25,pm25,2026-09-08T18:51:54Z,0.1,54,0,,,,,,,,,,,,,,,,,,8.95,45,1019,4.69,100,clear sky,0
Karaganda,2026-09-08T18:57:20.542335+00:00,1788893840,517423,"Мұқанов көшесі,57/3",49.786533888889,73.168150833333,211,113,2,0,1,1,-,pm25,2026-07-02T11:00:00Z,1640.0,45,0,,,,,,,,,,,,,,,,,,8.95,45,1019,4.69,100,clear sky,0
Pavlodar,2026-09-08T18:57:20.542335+00:00,1788893840,520273,  Торайғыров генералы Дүйсенов көшесі,52.294865277778,76.942828333333,39,22,24,2,5,0,39,pm25,2026-09-08T18:00:00Z,1.0,38,0,AluminiumSmelter,7.57,254.6,,,,,7.57,,,,,1,,,,,18.67,43,1021,4.15,89,clear sky,0
Pavlodar,2026-09-08T18:57:20.542335+00:00,1788893840,537550,"Естай к-сі, 54",52.281193333333,76.946898055556,4,1,0,2,4,1,4,pm25,2026-09-08T18:00:00Z,1.0,31,0,AluminiumSmelter,7.86,243.3,,,,,7.86,,,,,1,,,,,18.67,43,1021,4.15,89,clear sky,0
Pavlodar,2026-09-08T18:57:20.542335+00:00,1788893840,573904,Каз. Правда  к-сі,52.252530555556,76.974843611111,,,8,4,0,4,4,pm25,2026-09-08T18:00:00Z,1.0,43,0,AluminiumSmelter,8.46,217.3,,,,,8.46,,,,,1,,,,,18.67,43,1021,4.15,89,clear sky,0
Pavlodar,2026-09-08T18:57:20.542335+00:00,1788893840,573907,Ломов к-сі (ПМУ),52.264703055556,76.9640775,,,,0,0,0,0,pm25,2026-09-08T18:00:00Z,1.0,35,0,AluminiumSmelter,7.95,227.5,,,,,7.95,,,,,1,,,,,18.67,43,1021,4.15,89,clear sky,0
Pavlodar,2026-09-08T18:57:20.542335+00:00,1788893840,114532,Пед. колледж,52.2789,76.9384,78,27,,,,,-,pm25,2026-08-31T12:48:04Z,198.2,32,0,AluminiumSmelter,8.49,243.5,,,,,8.49,,,,,1,,,,,18.67,43,1021,4.15,89,clear sky,0
Astana,2026-09-08T18:57:20.542335+00:00,1788893840,10497,"Astana, US Embassy, Kazakhstan (Нұр-Сұлтан, АҚШ елшілігі)",51.125286,71.46722,,,4.4,10.5,2.6,0.1,11,so2,2026-09-09T00:00:00+06:00,1.0,35,2.8,,,,,,,,,,,,,,,,,,13.99,58,1019,3,80,clear sky,0
Ust-Kamenogorsk,2026-09-08T21:49:00.922098+00:00,1788904140,517390,"Серікбаев көшесі, 19",49.956986944444,82.592090555556,5,1,1,53,4,4,4,pm25,2026-09-08T20:00:00Z,1.8,41,0,UMZ,1.02,,304.9,214.9,,282.5,,3.31,3.12,,1.02,,1,0,,1,11.99,76,1020,3,110,clear sky,0
Ust-Kamenogorsk,2026-09-08T21:49:00.922098+00:00,1788904140,517402,"Лев Толстой к-сі, 18",49.944817777778,82.653340277778,3,1,,0,0,1,3,pm25,2026-09-08T21:00:00Z,0.8,43,0,CHP,1.76,,72.2,146.4,,108.5,,1.76,4.7,,3.58,,0,0,,0,11.99,76,1020,3,110,clear sky,0
Ust-Kamenogorsk,2026-09-08T21:49:00.922098+00:00,1788904140,517507,"М. Тынышпаев к-сі, 126",50.009261944444,82.564498888889,0,0,61,0,21,,-,pm25,2026-08-26T09:00:00Z,324.8,69,0,Kazzinc,4.97,,328.7,310.9,,333.8,,9.02,4.97,,6.73,,1,1,,1,11.99,76,1020,3,110,clear sky,0
Karaganda,2026-09-08T21:49:00.922098+00:00,1788904140,506290,Майқұдық,49.89696663495,73.21133762598,10,4,,,,,10,pm25,2026-09-08T21:41:07Z,0.1,54,0,,,,,,,,,,,,,,,,,,5.95,38,1018,4.1,97,clear sky,0
Karaganda,2026-09-08T21:49:00.922098+00:00,1788904140,517423,"Мұқанов көшесі,57/3",49.786533888889,73.168150833333,211,113,1,0,1,1,-,pm25,2026-07-02T11:00:00Z,1642.8,45,0,,,,,,,,,,,,,,,,,,5.95,38,1018,4.1,97,clear sky,0
Pavlodar,2026-09-08T21:49:00.922098+00:00,1788904140,520273,  Торайғыров генералы Дүйсенов көшесі,52.294865277778,76.942828333333,32,17,24,2,0,1,32,pm25,2026-09-08T21:00:00Z,0.8,38,0,AluminiumSmelter,7.57,254.6,,,,,7.57,,,,,1,,,,,11.92,76,1021,3,50,clear sky,0
Pavlodar,2026-09-08T21:49:00.922098+00:00,1788904140,537550,"Естай к-сі, 54",52.281193333333,76.946898055556,4,1,0,2,3,1,4,pm25,2026-09-08T21:00:00Z,0.8,31,0,AluminiumSmelter,7.86,243.3,,,,,7.86,,,,,1,,,,,11.92,76,1021,3,50,clear sky,0
Pavlodar,2026-09-08T21:49:00.922098+00:00,1788904140,573904,Каз. Правда  к-сі,52.252530555556,76.974843611111,,,5,4,0,4,4,pm25,2026-09-08T21:00:00Z,0.8,43,0,AluminiumSmelter,8.46,217.3,,,,,8.46,,,,,1,,,,,11.92,76,1021,3,50,clear sky,0
Pavlodar,2026-09-08T21:49:00.922098+00:00,1788904140,573907,Ломов к-сі (ПМУ),52.264703055556,76.9640775,,,,0,0,0,0,pm25,2026-09-08T21:00:00Z,0.8,35,0,AluminiumSmelter,7.95,227.5,,,,,7.95,,,,,1,,,,,11.92,76,1021,3,50,clear sky,0
Pavlodar,2026-09-08T21:49:00.922098+00:00,1788904140,114532,Пед. колледж,52.2789,76.9384,78,27,,,,,-,pm25,2026-08-31T12:48:04Z,201.0,32,0,AluminiumSmelter,8.49,243.5,,,,,8.49,,,,,1,,,,,11.92,76,1021,3,50,clear sky,0
Astana,2026-09-08T21:49:00.922098+00:00,1788904140,10497,"Astana, US Embassy, Kazakhstan (Нұр-Сұлтан, АҚШ елшілігі)",51.125286,71.46722,,,2.7,10.7,2.1,0.1,11,so2,2026-09-09T03:00:00+06:00,0.8,35,2.8,,,,,,,,,,,,,,,,,,9.99,76,1018,4,70,few clouds,0
Ust-Kamenogorsk,2026-09-09T00:09:49.765000+00:00,1788912589,517390,"Серікбаев көшесі, 19",49.956986944444,82.592090555556,5,1,1,53,2,5,5,pm25,2026-09-08T23:00:00Z,1.2,41,0,UMZ,1.02,,304.9,214.9,,282.5,,3.31,3.12,,1.02,,0,1,,0,8.99,81,1021,1,0,clear sky,0
Ust-Kamenogorsk,2026-09-09T00:09:49.765000+00:00,1788912589,517402,"Лев Толстой к-сі, 18",49.944817777778,82.653340277778,4,1,,0,0,1,4,pm25,2026-09-08T23:00:00Z,1.2,43,0,CHP,1.76,,72.2,146.4,,108.5,,1.76,4.7,,3.58,,0,1,,0,8.99,81,1021,1,0,clear sky,0
Ust-Kamenogorsk,2026-09-09T00:09:49.765000+00:00,1788912589,517507,"М. Тынышпаев к-сі, 126",50.009261944444,82.564498888889,0,0,61,0,21,,-,pm25,2026-08-26T09:00:00Z,327.2,69,0,Kazzinc,4.97,,328.7,310.9,,333.8,,9.02,4.97,,6.73,,0,0,,0,8.99,81,1021,1,0,clear sky,0
Karaganda,2026-09-09T00:09:49.765000+00:00,1788912589,506290,Майқұдық,49.89696663495,73.21133762598,9,2,,,,,9,pm25,2026-09-08T23:56:42Z,0.2,54,0,,,,,,,,,,,,,,,,,,5.95,40,1019,3.3,116,clear sky,0
Karaganda,2026-09-09T00:09:49.765000+00:00,1788912589,517423,"Мұқанов көшесі,57/3",49.786533888889,73.168150833333,211,113,1,0,1,1,-,pm25,2026-07-02T11:00:00Z,1645.2,45,0,,,,,,,,,,,,,,,,,,5.95,40,1019,3.3,116,clear sky,0
Pavlodar,2026-09-09T00:09:49.765000+00:00,1788912589,520273,  Торайғыров генералы Дүйсенов көшесі,52.294865277778,76.942828333333,35,17,24,2,0,1,35,pm25,2026-09-08T23:00:00Z,1.2,38,0,AluminiumSmelter,7.57,254.6,,,,,7.57,,,,,1,,,,,10.92,82,1022,2,50,clear sky,0
Pavlodar,2026-09-09T00:09:49.765000+00:00,1788912589,537550,"Естай к-сі, 54",52.281193333333,76.946898055556,4,1,0,2,3,1,4,pm25,2026-09-08T23:00:00Z,1.2,31,0,AluminiumSmelter,7.86,243.3,,,,,7.86,,,,,1,,,,,10.92,82,1022,2,50,clear sky,0
Pavlodar,2026-09-09T00:09:49.765000+00:00,1788912589,573904,Каз. Правда  к-сі,52.252530555556,76.974843611111,,,2,4,0,4,4,pm25,2026-09-08T23:00:00Z,1.2,43,0,AluminiumSmelter,8.46,217.3,,,,,8.46,,,,,1,,,,,10.92,82,1022,2,50,clear sky,0
Pavlodar,2026-09-09T00:09:49.765000+00:00,1788912589,573907,Ломов к-сі (ПМУ),52.264703055556,76.9640775,,,,0,0,0,0,pm25,2026-09-08T23:00:00Z,1.2,35,0,AluminiumSmelter,7.95,227.5,,,,,7.95,,,,,1,,,,,10.92,82,1022,2,50,clear sky,0
Pavlodar,2026-09-09T00:09:49.765000+00:00,1788912589,114532,Пед. колледж,52.2789,76.9384,78,27,,,,,-,pm25,2026-08-31T12:48:04Z,203.4,32,0,AluminiumSmelter,8.49,243.5,,,,,8.49,,,,,1,,,,,10.92,82,1022,2,50,clear sky,0
Astana,2026-09-09T00:09:49.765000+00:00,1788912589,10497,"Astana, US Embassy, Kazakhstan (Нұр-Сұлтан, АҚШ елшілігі)",51.125286,71.46722,,,1.5,10.5,1.9,0.1,11,so2,2026-09-09T05:00:00+06:00,1.2,35,2.8,,,,,,,,,,,,,,,,,,8.99,76,1018,4,70,scattered clouds,0
Ust-Kamenogorsk,2026-09-09T04:34:39.984384+00:00,1788928479,517390,"Серікбаев көшесі, 19",49.956986944444,82.592090555556,5,1,1,53,4,6,6,pm25,2026-09-09T03:00:00Z,1.6,41,0,UMZ,1.02,,304.9,214.9,,282.5,,3.31,3.12,,1.02,,1,0,,1,21.99,43,1021,2,150,clear sky,0
Ust-Kamenogorsk,2026-09-09T04:34:39.984384+00:00,1788928479,517402,"Лев Толстой к-сі, 18",49.944817777778,82.653340277778,6,1,,0,0,2,6,pm25,2026-09-09T03:00:00Z,1.6,38,11.6,CHP,1.76,,72.2,146.4,,108.5,,1.76,4.7,,3.58,,0,0,,0,21.99,43,1021,2,150,clear sky,0
Ust-Kamenogorsk,2026-09-09T04:34:39.984384+00:00,1788928479,517507,"М. Тынышпаев к-сі, 126",50.009261944444,82.564498888889,0,0,61,0,21,,-,pm25,2026-08-26T09:00:00Z,331.6,69,0,Kazzinc,4.97,,328.7,310.9,,333.8,,9.02,4.97,,6.73,,1,1,,1,21.99,43,1021,2,150,clear sky,0
Karaganda,2026-09-09T04:34:39.984384+00:00,1788928479,506290,Майқұдық,49.89696663495,73.21133762598,8,3,,,,,8,pm25,2026-09-09T04:21:45Z,0.2,54,0,,,,,,,,,,,,,,,,,,26.95,20,1018,4.08,189,clear sky,0
Karaganda,2026-09-09T04:34:39.984384+00:00,1788928479,517423,"Мұқанов көшесі,57/3",49.786533888889,73.168150833333,211,113,4,0,3,1,-,pm25,2026-07-02T11:00:00Z,1649.6,41,8.9,,,,,,,,,,,,,,,,,,26.95,20,1018,4.08,189,clear sky,0
Pavlodar,2026-09-09T04:34:39.984384+00:00,1788928479,520273,  Торайғыров генералы Дүйсенов көшесі,52.294865277778,76.942828333333,37,21,24,2,0,1,37,pm25,2026-09-09T03:00:00Z,1.6,29,23.7,AluminiumSmelter,7.57,254.6,,,,,7.57,,,,,0,,,,,23.92,35,1021,1,0,clear sky,0
Pavlodar,2026-09-09T04:34:39.984384+00:00,1788928479,537550,"Естай к-сі, 54",52.281193333333,76.946898055556,4,1,0,2,3,1,4,pm25,2026-09-09T03:00:00Z,1.6,31,0,AluminiumSmelter,7.86,243.3,,,,,7.86,,,,,0,,,,,23.92,35,1021,1,0,clear sky,0
Pavlodar,2026-09-09T04:34:39.984384+00:00,1788928479,573904,Каз. Правда  к-сі,52.252530555556,76.974843611111,,,7,4,0,4,4,pm25,2026-09-09T03:00:00Z,1.6,33,21.4,AluminiumSmelter,8.46,217.3,,,,,8.46,,,,,1,,,,,23.92,35,1021,1,0,clear sky,0
Pavlodar,2026-09-09T04:34:39.984384+00:00,1788928479,573907,Ломов к-сі (ПМУ),52.264703055556,76.9640775,,,,0,0,0,0,pm25,2026-09-09T03:00:00Z,1.6,27,22.9,AluminiumSmelter,7.95,227.5,,,,,7.95,,,,,1,,,,,23.92,35,1021,1,0,clear sky,0
Pavlodar,2026-09-09T04:34:39.984384+00:00,1788928479,114532,Пед. колледж,52.2789,76.9384,78,27,,,,,-,pm25,2026-08-31T12:48:04Z,207.8,32,0,AluminiumSmelter,8.49,243.5,,,,,8.49,,,,,0,,,,,23.92,35,1021,1,0,clear sky,0
Astana,2026-09-09T04:34:39.984384+00:00,1788928479,10497,"Astana, US Embassy, Kazakhstan (Нұр-Сұлтан, АҚШ елшілігі)",51.125286,71.46722,,,10.2,11.7,4.3,0.1,12,so2,2026-09-09T10:00:00+06:00,0.6,30,18.9,,,,,,,,,,,,,,,,,,20.99,35,1017,3,160,scattered clouds,0
Ust-Kamenogorsk,2026-09-09T09:09:39.229439+00:00,1788944979,517390,"Серікбаев көшесі, 19",49.956986944444,82.592090555556,5,1,1,53,2,19,19,pm25,2026-09-09T08:00:00Z,1.2,41,0,UMZ,1.02,,304.9,214.9,,282.5,,3.31,3.12,,1.02,,0,0,,0,29.99,23,1020,2,230,clear sky,0
Ust-Kamenogorsk,2026-09-09T09:09:39.229439+00:00,1788944979,517402,"Лев Толстой к-сі, 18",49.944817777778,82.653340277778,4,1,,0,2,10,10,pm25,2026-09-09T08:00:00Z,1.2,37,11.9,CHP,1.76,,72.2,146.4,,108.5,,1.76,4.7,,3.58,,1,0,,1,29.99,23,1020,2,230,clear sky,0
Ust-Kamenogorsk,2026-09-09T09:09:39.229439+00:00,1788944979,517507,"М. Тынышпаев к-сі, 126",50.009261944444,82.564498888889,0,0,61,0,21,,-,pm25,2026-08-26T09:00:00Z,336.2,69,0,Kazzinc,4.97,,328.7,310.9,,333.8,,9.02,4.97,,6.73,,0,0,,0,29.99,23,1020,2,230,clear sky,0
Karaganda,2026-09-09T09:09:39.229439+00:00,1788944979,506290,Майқұдық,49.89696663495,73.21133762598,15,3,,,,,15,pm25,2026-09-09T08:55:07Z,0.2,54,0,,,,,,,,,,,,,,,,,,30.95,13,1017,3.45,172,clear sky,0
Karaganda,2026-09-09T09:09:39.229439+00:00,1788944979,517423,"Мұқанов көшесі,57/3",49.786533888889,73.168150833333,211,113,4,0,2,1,-,pm25,2026-07-02T11:00:00Z,1654.2,39,15.2,,,,,,,,,,,,,,,,,,30.95,13,1017,3.45,172,clear sky,0
Pavlodar,2026-09-09T09:09:39.229439+00:00,1788944979,520273,  Торайғыров генералы Дүйсенов көшесі,52.294865277778,76.942828333333,25,14,24,2,0,2,25,pm25,2026-09-09T08:00:00Z,1.2,27,28.9,AluminiumSmelter,7.57,254.6,,,,,7.57,,,,,1,,,,,29.92,23,1019,3,110,clear sky,0
Pavlodar,2026-09-09T09:09:39.229439+00:00,1788944979,537550,"Естай к-сі, 54",52.281193333333,76.946898055556,4,1,0,1,4,1,4,pm25,2026-09-09T08:00:00Z,1.2,31,0,AluminiumSmelter,7.86,243.3,,,,,7.86,,,,,1,,,,,29.92,23,1019,3,110,clear sky,0
Pavlodar,2026-09-09T09:09:39.229439+00:00,1788944979,573904,Каз. Правда  к-сі,52.252530555556,76.974843611111,,,19,35,0,4,4,pm25,2026-09-09T08:00:00Z,1.2,33,23.3,AluminiumSmelter,8.46,217.3,,,,,8.46,,,,,0,,,,,29.92,23,1019,3,110,clear sky,0
Pavlodar,2026-09-09T09:09:39.229439+00:00,1788944979,573907,Ломов к-сі (ПМУ),52.264703055556,76.9640775,,,,0,0,0,0,pm25,2026-09-09T08:00:00Z,1.2,18,48.6,AluminiumSmelter,7.95,227.5,,,,,7.95,,,,,0,,,,,29.92,23,1019,3,110,clear sky,0
Pavlodar,2026-09-09T09:09:39.229439+00:00,1788944979,114532,Пед. колледж,52.2789,76.9384,78,27,,,,,-,pm25,2026-08-31T12:48:04Z,212.4,32,0,AluminiumSmelter,8.49,243.5,,,,,8.49,,,,,1,,,,,29.92,23,1019,3,110,clear sky,0
Astana,2026-09-09T09:09:39.229439+00:00,1788944979,10497,"Astana, US Embassy, Kazakhstan (Нұр-Сұлтан, АҚШ елшілігі)",51.125286,71.46722,,,3.7,10.3,2.3,0.1,10,so2,2026-09-09T14:00:00+06:00,1.2,32,11.1,,,,,,,,,,,,,,,,,,30.99,14,1016,6,210,clear sky,0
Ust-Kamenogorsk,2026-09-09T13:40:36.613323+00:00,1788961236,517390,"Серікбаев көшесі, 19",49.956986944444,82.592090555556,5,1,1,53,6,6,6,pm25,2026-09-09T13:00:00Z,0.7,41,0,UMZ,1.02,,304.9,214.9,,282.5,,3.31,3.12,,1.02,,0,1,,1,24.99,31,1020,3,50,clear sky,0
Ust-Kamenogorsk,2026-09-09T13:40:36.613323+00:00,1788961236,517402,"Лев Толстой к-сі, 18",49.944817777778,82.653340277778,3,1,,0,5,5,5,pm25,2026-09-09T13:00:00Z,0.7,43,0,CHP,1.76,,72.2,146.4,,108.5,,1.76,4.7,,3.58,,0,0,,0,24.99,31,1020,3,50,clear sky,0
Ust-Kamenogorsk,2026-09-09T13:40:36.613323+00:00,1788961236,517507,"М. Тынышпаев к-сі, 126",50.009261944444,82.564498888889,0,0,61,0,21,,-,pm25,2026-08-26T09:00:00Z,340.7,69,0,Kazzinc,4.97,,328.7,310.9,,333.8,,9.02,4.97,,6.73,,0,0,,0,24.99,31,1020,3,50,clear sky,0
Karaganda,2026-09-09T13:40:36.613323+00:00,1788961236,506290,Майқұдық,49.89696663495,73.21133762598,32,8,,,,,32,pm25,2026-09-09T13:29:58Z,0.2,44,18.5,,,,,,,,,,,,,,,,,,27.95,15,1017,2.3,182,clear sky,0
Karaganda,2026-09-09T13:40:36.613323+00:00,1788961236,517423,"Мұқанов көшесі,57/3",49.786533888889,73.168150833333,211,113,10,0,4,1,-,pm25,2026-07-02T11:00:00Z,1658.7,38,17.4,,,,,,,,,,,,,,,,,,27.95,15,1017,2.3,182,clear sky,0
Pavlodar,2026-09-09T13:40:36.613323+00:00,1788961236,520273,  Торайғыров генералы Дүйсенов көшесі,52.294865277778,76.942828333333,26,16,24,2,0,1,26,pm25,2026-09-09T13:00:00Z,0.7,28,26.3,AluminiumSmelter,7.57,254.6,,,,,7.57,,,,,0,,,,,24.92,36,1020,2,160,clear sky,0
Pavlodar,2026-09-09T13:40:36.613323+00:00,1788961236,537550,"Естай к-сі, 54",52.281193333333,76.946898055556,4,1,0,2,5,2,4,pm25,2026-09-09T13:00:00Z,0.7,22,26.7,AluminiumSmelter,7.86,243.3,,,,,7.86,,,,,0,,,,,24.92,36,1020,2,160,clear sky,0
Pavlodar,2026-09-09T13:40:36.613323+00:00,1788961236,573904,Каз. Правда  к-сі,52.252530555556,76.974843611111,,,17,5,0,4,4,pm25,2026-09-09T13:00:00Z,0.7,36,16.3,AluminiumSmelter,8.46,217.3,,,,,8.46,,,,,0,,,,,24.92,36,1020,2,160,clear sky,0
Pavlodar,2026-09-09T13:40:36.613323+00:00,1788961236,573907,Ломов к-сі (ПМУ),52.264703055556,76.9640775,,,,0,1,0,0,pm25,2026-09-09T13:00:00Z,0.7,22,35.3,AluminiumSmelter,7.95,227.5,,,,,7.95,,,,,0,,,,,24.92,36,1020,2,160,clear sky,0
Pavlodar,2026-09-09T13:40:36.613323+00:00,1788961236,114532,Пед. колледж,52.2789,76.9384,78,27,,,,,-,pm25,2026-08-31T12:48:04Z,216.9,26,18.8,AluminiumSmelter,8.49,243.5,,,,,8.49,,,,,0,,,,,24.92,36,1020,2,160,clear sky,0
Astana,2026-09-09T13:40:36.613323+00:00,1788961236,10497,"Astana, US Embassy, Kazakhstan (Нұр-Сұлтан, АҚШ елшілігі)",51.125286,71.46722,,,12.7,10.8,3.7,0.1,11,so2,2026-09-09T19:00:00+06:00,0.7,23,37.8,,,,,,,,,,,,,,,,,,25.99,29,1016,2,180,clear sky,0
Ust-Kamenogorsk,2026-09-09T17:16:14.119120+00:00,1788974174,517390,"Серікбаев көшесі, 19",49.956986944444,82.592090555556,5,1,1,53,8,3,3,pm25,2026-09-09T16:00:00Z,1.3,41,0,UMZ,1.02,,304.9,214.9,,282.5,,3.31,3.12,,1.02,,0,1,,0,16.99,55,1020,1,0,few clouds,0
Ust-Kamenogorsk,2026-09-09T17:16:14.119120+00:00,1788974174,517402,"Лев Толстой к-сі, 18",49.944817777778,82.653340277778,4,1,,0,7,2,4,pm25,2026-09-09T16:00:00Z,1.3,43,0,CHP,1.76,,72.2,146.4,,108.5,,1.76,4.7,,3.58,,0,1,,0,16.99,55,1020,1,0,few clouds,0
Ust-Kamenogorsk,2026-09-09T17:16:14.119120+00:00,1788974174,517507,"М. Тынышпаев к-сі, 126",50.009261944444,82.564498888889,0,0,61,0,21,,-,pm25,2026-08-26T09:00:00Z,344.3,69,0,Kazzinc,4.97,,328.7,310.9,,333.8,,9.02,4.97,,6.73,,0,0,,0,16.99,55,1020,1,0,few clouds,0
Karaganda,2026-09-09T17:16:14.119120+00:00,1788974174,506290,Майқұдық,49.89696663495,73.21133762598,17,4,,,,,17,pm25,2026-09-09T17:07:12Z,0.2,54,0,,,,,,,,,,,,,,,,,,12.95,24,1018,3.04,129,few clouds,0
Karaganda,2026-09-09T17:16:14.119120+00:00,1788974174,517423,"Мұқанов көшесі,57/3",49.786533888889,73.168150833333,211,113,23,0,5,1,-,pm25,2026-07-02T11:00:00Z,1662.3,43,6.5,,,,,,,,,,,,,,,,,,12.95,24,1018,3.04,129,few clouds,0
Pavlodar,2026-09-09T17:16:14.119120+00:00,1788974174,520273,  Торайғыров генералы Дүйсенов көшесі,52.294865277778,76.942828333333,59,35,24,2,29,0,59,pm25,2026-09-09T16:00:00Z,1.3,38,0,AluminiumSmelter,7.57,254.6,,,,,7.57,,,,,1,,,,,21.22,29,1020,3.2,117,clear sky,0
Pavlodar,2026-09-09T17:16:14.119120+00:00,1788974174,537550,"Естай к-сі, 54",52.281193333333,76.946898055556,4,1,0,3,11,1,4,pm25,2026-09-09T16:00:00Z,1.3,31,0,AluminiumSmelter,7.86,243.3,,,,,7.86,,,,,1,,,,,21.22,29,1020,3.2,117,clear sky,0
Pavlodar,2026-09-09T17:16:14.119120+00:00,1788974174,573904,Каз. Правда  к-сі,52.252530555556,76.974843611111,,,29,6,0,4,4,pm25,2026-09-09T16:00:00Z,1.3,43,0,AluminiumSmelter,8.46,217.3,,,,,8.46,,,,,0,,,,,21.22,29,1020,3.2,117,clear sky,0
Pavlodar,2026-09-09T17:16:14.119120+00:00,1788974174,573907,Ломов к-сі (ПМУ),52.264703055556,76.9640775,,,,0,16,0,0,pm25,2026-09-09T16:00:00Z,1.3,35,0,AluminiumSmelter,7.95,227.5,,,,,7.95,,,,,0,,,,,21.22,29,1020,3.2,117,clear sky,0
Pavlodar,2026-09-09T17:16:14.119120+00:00,1788974174,114532,Пед. колледж,52.2789,76.9384,78,27,,,,,-,pm25,2026-08-31T12:48:04Z,220.5,32,0,AluminiumSmelter,8.49,243.5,,,,,8.49,,,,,1,,,,,21.22,29,1020,3.2,117,clear sky,0
Astana,2026-09-09T17:16:14.119120+00:00,1788974174,10497,"Astana, US Embassy, Kazakhstan (Нұр-Сұлтан, АҚШ елшілігі)",51.125286,71.46722,,,31.6,12.5,15.1,0.1,15,co,2026-09-09T22:00:00+06:00,1.3,33,10.8,,,,,,,,,,,,,,,,,,15.99,55,1017,2,40,broken clouds,0
Ust-Kamenogorsk,2026-09-09T20:00:12.748799+00:00,1788984012,517390,"Серікбаев көшесі, 19",49.956986944444,82.592090555556,5,1,1,53,9,3,3,pm25,2026-09-09T19:00:00Z,1.0,41,0,UMZ,1.02,,304.9,214.9,,282.5,,3.31,3.12,,1.02,,0,1,,0,13.99,67,1021,2,10,broken clouds,0
Ust-Kamenogorsk,2026-09-09T20:00:12.748799+00:00,1788984012,517402,"Лев Толстой к-сі, 18",49.944817777778,82.653340277778,2,1,,0,1,1,2,pm25,2026-09-09T19:00:00Z,1.0,43,0,CHP,1.76,,72.2,146.4,,108.5,,1.76,4.7,,3.58,,0,1,,0,13.99,67,1021,2,10,broken clouds,0
Ust-Kamenogorsk,2026-09-09T20:00:12.748799+00:00,1788984012,517507,"М. Тынышпаев к-сі, 126",50.009261944444,82.564498888889,0,0,61,0,21,,-,pm25,2026-08-26T09:00:00Z,347.0,69,0,Kazzinc,4.97,,328.7,310.9,,333.8,,9.02,4.97,,6.73,,0,0,,0,13.99,67,1021,2,10,broken clouds,0
Karaganda,2026-09-09T20:00:12.748799+00:00,1788984012,506290,Майқұдық,49.89696663495,73.21133762598,38,10,,,,,38,pm25,2026-09-09T19:54:55Z,0.1,54,0,,,,,,,,,,,,,,,,,,12.95,22,1018,3.79,144,scattered clouds,0
Karaganda,2026-09-09T20:00:12.748799+00:00,1788984012,517423,"Мұқанов көшесі,57/3",49.786533888889,73.168150833333,211,113,8,0,2,1,-,pm25,2026-07-02T11:00:00Z,1665.0,45,2.2,,,,,,,,,,,,,,,,,,12.95,22,1018,3.79,144,scattered clouds,0
Pavlodar,2026-09-09T20:00:12.748799+00:00,1788984012,520273,  Торайғыров генералы Дүйсенов көшесі,52.294865277778,76.942828333333,64,44,24,2,8,0,64,pm25,2026-09-09T19:00:00Z,1.0,38,0,AluminiumSmelter,7.57,254.6,,,,,7.57,,,,,1,,,,,20.07,30,1020,3.26,115,clear sky,0
Pavlodar,2026-09-09T20:00:12.748799+00:00,1788984012,537550,"Естай к-сі, 54",52.281193333333,76.946898055556,4,1,0,3,15,1,4,pm25,2026-09-09T19:00:00Z,1.0,31,0,AluminiumSmelter,7.86,243.3,,,,,7.86,,,,,1,,,,,20.07,30,1020,3.26,115,clear sky,0
Pavlodar,2026-09-09T20:00:12.748799+00:00,1788984012,573904,Каз. Правда  к-сі,52.252530555556,76.974843611111,,,8,4,0,4,4,pm25,2026-09-09T19:00:00Z,1.0,43,0,AluminiumSmelter,8.46,217.3,,,,,8.46,,,,,0,,,,,20.07,30,1020,3.26,115,clear sky,0
Pavlodar,2026-09-09T20:00:12.748799+00:00,1788984012,573907,Ломов к-сі (ПМУ),52.264703055556,76.9640775,,,,0,11,0,0,pm25,2026-09-09T19:00:00Z,1.0,35,0,AluminiumSmelter,7.95,227.5,,,,,7.95,,,,,0,,,,,20.07,30,1020,3.26,115,clear sky,0
Pavlodar,2026-09-09T20:00:12.748799+00:00,1788984012,114532,Пед. колледж,52.2789,76.9384,78,27,,,,,-,pm25,2026-08-31T12:48:04Z,223.2,32,0,AluminiumSmelter,8.49,243.5,,,,,8.49,,,,,1,,,,,20.07,30,1020,3.26,115,clear sky,0
Astana,2026-09-09T20:00:12.748799+00:00,1788984012,10497,"Astana, US Embassy, Kazakhstan (Нұр-Сұлтан, АҚШ елшілігі)",51.125286,71.46722,,,9,11.7,3.7,0.1,12,so2,2026-09-10T01:00:00+06:00,1.0,35,2.8,,,,,,,,,,,,,,,,,,15.99,44,1018,4,90,overcast clouds,0
Ust-Kamenogorsk,2026-09-09T22:31:13.647328+00:00,1788993073,517390,"Серікбаев көшесі, 19",49.956986944444,82.592090555556,5,1,1,53,3,6,6,pm25,2026-09-09T21:00:00Z,1.5,41,0,UMZ,1.02,,304.9,214.9,,282.5,,3.31,3.12,,1.02,,0,1,,0,9.99,76,1022,1,0,scattered clouds,0
Ust-Kamenogorsk,2026-09-09T22:31:13.647328+00:00,1788993073,517402,"Лев Толстой к-сі, 18",49.944817777778,82.653340277778,8,2,,0,1,1,8,pm25,2026-09-09T21:00:00Z,1.5,43,0,CHP,1.76,,72.2,146.4,,108.5,,1.76,4.7,,3.58,,0,1,,0,9.99,76,1022,1,0,scattered clouds,0
Ust-Kamenogorsk,2026-09-09T22:31:13.647328+00:00,1788993073,517507,"М. Тынышпаев к-сі, 126",50.009261944444,82.564498888889,0,0,61,0,21,,-,pm25,2026-08-26T09:00:00Z,349.5,69,0,Kazzinc,4.97,,328.7,310.9,,333.8,,9.02,4.97,,6.73,,0,0,,0,9.99,76,1022,1,0,scattered clouds,0
Karaganda,2026-09-09T22:31:13.647328+00:00,1788993073,506290,Майқұдық,49.89696663495,73.21133762598,36,12,,,,,36,pm25,2026-09-09T22:17:09Z,0.2,54,0,,,,,,,,,,,,,,,,,,13.95,30,1019,3.45,148,broken clouds,0
Karaganda,2026-09-09T22:31:13.647328+00:00,1788993073,517423,"Мұқанов көшесі,57/3",49.786533888889,73.168150833333,211,113,3,0,3,1,-,pm25,2026-07-02T11:00:00Z,1667.5,45,2.2,,,,,,,,,,,,,,,,,,13.95,30,1019,3.45,148,broken clouds,0
Pavlodar,2026-09-09T22:31:13.647328+00:00,1788993073,520273,  Торайғыров генералы Дүйсенов көшесі,52.294865277778,76.942828333333,33,17,24,2,0,0,33,pm25,2026-09-09T21:00:00Z,1.5,38,0,AluminiumSmelter,7.57,254.6,,,,,7.57,,,,,1,,,,,12.92,58,1020,1,90,clear sky,0
Pavlodar,2026-09-09T22:31:13.647328+00:00,1788993073,537550,"Естай к-сі, 54",52.281193333333,76.946898055556,4,1,0,3,10,1,4,pm25,2026-09-09T21:00:00Z,1.5,31,0,AluminiumSmelter,7.86,243.3,,,,,7.86,,,,,1,,,,,12.92,58,1020,1,90,clear sky,0
Pavlodar,2026-09-09T22:31:13.647328+00:00,1788993073,573904,Каз. Правда  к-сі,52.252530555556,76.974843611111,,,7,5,0,4,4,pm25,2026-09-09T21:00:00Z,1.5,43,0,AluminiumSmelter,8.46,217.3,,,,,8.46,,,,,1,,,,,12.92,58,1020,1,90,clear sky,0
Pavlodar,2026-09-09T22:31:13.647328+00:00,1788993073,573907,Ломов к-сі (ПМУ),52.264703055556,76.9640775,,,,0,2,0,0,pm25,2026-09-09T21:00:00Z,1.5,35,0,AluminiumSmelter,7.95,227.5,,,,,7.95,,,,,1,,,,,12.92,58,1020,1,90,clear sky,0
Pavlodar,2026-09-09T22:31:13.647328+00:00,1788993073,114532,Пед. колледж,52.2789,76.9384,78,27,,,,,-,pm25,2026-08-31T12:48:04Z,225.7,32,0,AluminiumSmelter,8.49,243.5,,,,,8.49,,,,,1,,,,,12.92,58,1020,1,90,clear sky,0
Astana,2026-09-09T22:31:13.647328+00:00,1788993073,10497,"Astana, US Embassy, Kazakhstan (Нұр-Сұлтан, АҚШ елшілігі)",51.125286,71.46722,,,4.4,10.1,2.6,0.1,10,so2,2026-09-10T04:00:00+06:00,0.5,35,2.8,,,,,,,,,,,,,,,,,,13.99,54,1018,0,0,overcast clouds,0
Ust-Kamenogorsk,2026-09-10T00:33:44.137259+00:00,1789000424,517390,"Серікбаев көшесі, 19",49.956986944444,82.592090555556,5,1,1,53,2,7,7,pm25,2026-09-10T00:00:00Z,0.6,41,0,UMZ,1.02,,304.9,214.9,,282.5,,3.31,3.12,,1.02,,1,1,,1,8.99,76,1022,1,90,clear sky,0
Ust-Kamenogorsk,2026-09-10T00:33:44.137259+00:00,1789000424,517402,"Лев Толстой к-сі, 18",49.944817777778,82.653340277778,5,1,,0,0,1,5,pm25,2026-09-10T00:00:00Z,0.6,43,0,CHP,1.76,,72.2,146.4,,108.5,,1.76,4.7,,3.58,,0,0,,0,8.99,76,1022,1,90,clear sky,0
Ust-Kamenogorsk,2026-09-10T00:33:44.137259+00:00,1789000424,517507,"М. Тынышпаев к-сі, 126",50.009261944444,82.564498888889,0,0,61,0,21,,-,pm25,2026-08-26T09:00:00Z,351.6,69,0,Kazzinc,4.97,,328.7,310.9,,333.8,,9.02,4.97,,6.73,,1,1,,0,8.99,76,1022,1,90,clear sky,0
Karaganda,2026-09-10T00:33:44.137259+00:00,1789000424,506290,Майқұдық,49.89696663495,73.21133762598,29,6,,,,,29,pm25,2026-09-10T00:07:16Z,0.4,54,0,,,,,,,,,,,,,,,,,,11.95,28,1019,2.33,153,overcast clouds,0
Karaganda,2026-09-10T00:33:44.137259+00:00,1789000424,517423,"Мұқанов көшесі,57/3",49.786533888889,73.168150833333,211,113,2,0,2,1,-,pm25,2026-07-02T11:00:00Z,1669.6,45,0,,,,,,,,,,,,,,,,,,11.95,28,1019,2.33,153,overcast clouds,0
Pavlodar,2026-09-10T00:33:44.137259+00:00,1789000424,520273,  Торайғыров генералы Дүйсенов көшесі,52.294865277778,76.942828333333,23,11,24,2,0,0,23,pm25,2026-09-10T00:00:00Z,0.6,38,0,AluminiumSmelter,7.57,254.6,,,,,7.57,,,,,0,,,,,11.92,62,1021,0,0,clear sky,0
Pavlodar,2026-09-10T00:33:44.137259+00:00,1789000424,537550,"Естай к-сі, 54",52.281193333333,76.946898055556,4,1,0,1,5,1,4,pm25,2026-09-10T00:00:00Z,0.6,31,0,AluminiumSmelter,7.86,243.3,,,,,7.86,,,,,0,,,,,11.92,62,1021,0,0,clear sky,0
Pavlodar,2026-09-10T00:33:44.137259+00:00,1789000424,573904,Каз. Правда  к-сі,52.252530555556,76.974843611111,,,1,4,0,4,4,pm25,2026-09-10T00:00:00Z,0.6,43,0,AluminiumSmelter,8.46,217.3,,,,,8.46,,,,,1,,,,,11.92,62,1021,0,0,clear sky,0
Pavlodar,2026-09-10T00:33:44.137259+00:00,1789000424,573907,Ломов к-сі (ПМУ),52.264703055556,76.9640775,,,,0,0,0,0,pm25,2026-09-09T23:00:00Z,1.6,35,0,AluminiumSmelter,7.95,227.5,,,,,7.95,,,,,1,,,,,11.92,62,1021,0,0,clear sky,0
Pavlodar,2026-09-10T00:33:44.137259+00:00,1789000424,114532,Пед. колледж,52.2789,76.9384,78,27,,,,,-,pm25,2026-08-31T12:48:04Z,227.8,32,0,AluminiumSmelter,8.49,243.5,,,,,8.49,,,,,0,,,,,11.92,62,1021,0,0,clear sky,0
Astana,2026-09-10T00:33:44.137259+00:00,1789000424,10497,"Astana, US Embassy, Kazakhstan (Нұр-Сұлтан, АҚШ елшілігі)",51.125286,71.46722,,,2.9,10.4,2.3,0.1,10,so2,2026-09-10T06:00:00+06:00,0.6,36,0,,,,,,,,,,,,,,,,,,12.99,62,1018,1,0,overcast clouds,0
Ust-Kamenogorsk,2026-09-10T05:13:49.800307+00:00,1789017229,517390,"Серікбаев көшесі, 19",49.956986944444,82.592090555556,5,1,1,53,6,4,4,pm25,2026-09-10T04:00:00Z,1.2,35,12.5,UMZ,1.02,,304.9,214.9,,282.5,,3.31,3.12,,1.02,,1,0,,1,22.99,49,1022,2,150,clear sky,0
Ust-Kamenogorsk,2026-09-10T05:13:49.800307+00:00,1789017229,517402,"Лев Толстой к-сі, 18",49.944817777778,82.653340277778,5,1,,0,3,3,5,pm25,2026-09-10T04:00:00Z,1.2,33,23.3,CHP,1.76,,72.2,146.4,,108.5,,1.76,4.7,,3.58,,0,0,,0,22.99,49,1022,2,150,clear sky,0
Ust-Kamenogorsk,2026-09-10T05:13:49.800307+00:00,1789017229,517507,"М. Тынышпаев к-сі, 126",50.009261944444,82.564498888889,0,0,61,0,21,,-,pm25,2026-08-26T09:00:00Z,356.2,69,0,Kazzinc,4.97,,328.7,310.9,,333.8,,9.02,4.97,,6.73,,1,1,,1,22.99,49,1022,2,150,clear sky,0
Karaganda,2026-09-10T05:13:49.800307+00:00,1789017229,506290,Майқұдық,49.89696663495,73.21133762598,59,15,,,,,59,pm25,2026-09-10T05:03:40Z,0.2,54,0,,,,,,,,,,,,,,,,,,28.95,21,1020,4.22,140,overcast clouds,0
Karaganda,2026-09-10T05:13:49.800307+00:00,1789017229,517423,"Мұқанов көшесі,57/3",49.786533888889,73.168150833333,211,113,5,0,2,1,-,pm25,2026-07-02T11:00:00Z,1674.2,41,8.9,,,,,,,,,,,,,,,,,,28.95,21,1020,4.22,140,overcast clouds,0
Pavlodar,2026-09-10T05:13:49.800307+00:00,1789017229,520273,  Торайғыров генералы Дүйсенов көшесі,52.294865277778,76.942828333333,53,33,24,2,0,0,53,pm25,2026-09-10T04:00:00Z,1.2,30,21.1,AluminiumSmelter,7.57,254.6,,,,,7.57,,,,,0,,,,,27.92,28,1021,2,150,clear sky,0
Pavlodar,2026-09-10T05:13:49.800307+00:00,1789017229,537550,"Естай к-сі, 54",52.281193333333,76.946898055556,4,1,0,1,6,1,4,pm25,2026-09-10T04:00:00Z,1.2,31,0,AluminiumSmelter,7.86,243.3,,,,,7.86,,,,,0,,,,,27.92,28,1021,2,150,clear sky,0
Pavlodar,2026-09-10T05:13:49.800307+00:00,1789017229,573904,Каз. Правда  к-сі,52.252530555556,76.974843611111,,,14,4,0,4,4,pm25,2026-09-10T04:00:00Z,1.2,43,0,AluminiumSmelter,8.46,217.3,,,,,8.46,,,,,0,,,,,27.92,28,1021,2,150,clear sky,0
Pavlodar,2026-09-10T05:13:49.800307+00:00,1789017229,573907,Ломов к-сі (ПМУ),52.264703055556,76.9640775,,,,0,1,0,0,pm25,2026-09-10T04:00:00Z,1.2,25,30.6,AluminiumSmelter,7.95,227.5,,,,,7.95,,,,,0,,,,,27.92,28,1021,2,150,clear sky,0
Pavlodar,2026-09-10T05:13:49.800307+00:00,1789017229,114532,Пед. колледж,52.2789,76.9384,78,27,,,,,-,pm25,2026-08-31T12:48:04Z,232.4,26,18.8,AluminiumSmelter,8.49,243.5,,,,,8.49,,,,,0,,,,,27.92,28,1021,2,150,clear sky,0
Astana,2026-09-10T05:13:49.800307+00:00,1789017229,10497,"Astana, US Embassy, Kazakhstan (Нұр-Сұлтан, АҚШ елшілігі)",51.125286,71.46722,,,10.8,11.6,4.3,0.1,12,so2,2026-09-10T10:00:00+06:00,1.2,30,16.7,,,,,,,,,,,,,,,,,,24.99,27,1019,3,150,overcast clouds,0
Ust-Kamenogorsk,2026-09-10T09:42:57.665045+00:00,1789033377,517390,"Серікбаев көшесі, 19",49.956986944444,82.592090555556,5,1,1,53,2,22,22,pm25,2026-09-10T09:00:00Z,0.7,41,0,UMZ,1.02,,304.9,214.9,,282.5,,3.31,3.12,,1.02,,0,0,,0,31.99,19,1018,2,230,few clouds,0
Ust-Kamenogorsk,2026-09-10T09:42:57.665045+00:00,1789033377,517402,"Лев Толстой к-сі, 18",49.944817777778,82.653340277778,4,1,,0,2,9,9,pm25,2026-09-10T09:00:00Z,0.7,36,16.3,CHP,1.76,,72.2,146.4,,108.5,,1.76,4.7,,3.58,,1,0,,1,31.99,19,1018,2,230,few clouds,0
Ust-Kamenogorsk,2026-09-10T09:42:57.665045+00:00,1789033377,517507,"М. Тынышпаев к-сі, 126",50.009261944444,82.564498888889,0,0,61,0,21,,-,pm25,2026-08-26T09:00:00Z,360.7,69,0,Kazzinc,4.97,,328.7,310.9,,333.8,,9.02,4.97,,6.73,,0,0,,0,31.99,19,1018,2,230,few clouds,0
Karaganda,2026-09-10T09:42:57.665045+00:00,1789033377,506290,Майқұдық,49.89696663495,73.21133762598,70,21,,,,,70,pm25,2026-09-10T09:36:03Z,0.1,54,0,,,,,,,,,,,,,,,,,,29.95,14,1017,5.54,82,overcast clouds,0
Karaganda,2026-09-10T09:42:57.665045+00:00,1789033377,517423,"Мұқанов көшесі,57/3",49.786533888889,73.168150833333,211,113,2,0,1,1,-,pm25,2026-07-02T11:00:00Z,1678.7,43,4.4,,,,,,,,,,,,,,,,,,29.95,14,1017,5.54,82,overcast clouds,0
Pavlodar,2026-09-10T09:42:57.665045+00:00,1789033377,520273,  Торайғыров генералы Дүйсенов көшесі,52.294865277778,76.942828333333,24,15,24,2,0,3,24,pm25,2026-09-10T09:00:00Z,0.7,28,26.3,AluminiumSmelter,7.57,254.6,,,,,7.57,,,,,1,,,,,33.92,16,1019,3,90,clear sky,0
Pavlodar,2026-09-10T09:42:57.665045+00:00,1789033377,537550,"Естай к-сі, 54",52.281193333333,76.946898055556,4,1,0,0,4,2,4,pm25,2026-09-10T09:00:00Z,0.7,31,0,AluminiumSmelter,7.86,243.3,,,,,7.86,,,,,1,,,,,33.92,16,1019,3,90,clear sky,0
Pavlodar,2026-09-10T09:42:57.665045+00:00,1789033377,573904,Каз. Правда  к-сі,52.252530555556,76.974843611111,,,10,4,0,4,4,pm25,2026-09-10T09:00:00Z,0.7,37,14.0,AluminiumSmelter,8.46,217.3,,,,,8.46,,,,,1,,,,,33.92,16,1019,3,90,clear sky,0
Pavlodar,2026-09-10T09:42:57.665045+00:00,1789033377,573907,Ломов к-сі (ПМУ),52.264703055556,76.9640775,,,,0,1,0,0,pm25,2026-09-10T09:00:00Z,0.7,23,34.3,AluminiumSmelter,7.95,227.5,,,,,7.95,,,,,1,,,,,33.92,16,1019,3,90,clear sky,0
Pavlodar,2026-09-10T09:42:57.665045+00:00,1789033377,114532,Пед. колледж,52.2789,76.9384,78,27,,,,,-,pm25,2026-08-31T12:48:04Z,236.9,28,12.5,AluminiumSmelter,8.49,243.5,,,,,8.49,,,,,1,,,,,33.92,16,1019,3,90,clear sky,0
Astana,2026-09-10T09:42:57.665045+00:00,1789033377,10497,"Astana, US Embassy, Kazakhstan (Нұр-Сұлтан, АҚШ елшілігі)",51.125286,71.46722,,,5.7,11.4,3.1,0.1,11,so2,2026-09-10T15:00:00+06:00,0.7,30,16.7,,,,,,,,,,,,,,,,,,29.99,20,1017,2,60,overcast clouds,0
Ust-Kamenogorsk,2026-09-10T13:48:58.558518+00:00,1789048138,517390,"Серікбаев көшесі, 19",49.956986944444,82.592090555556,5,1,1,53,9,5,5,pm25,2026-09-10T13:00:00Z,0.8,31,24.4,UMZ,1.02,,304.9,214.9,,282.5,,3.31,3.12,,1.02,,0,1,,0,22.99,38,1019,2,350,clear sky,0
Ust-Kamenogorsk,2026-09-10T13:48:58.558518+00:00,1789048138,517402,"Лев Толстой к-сі, 18",49.944817777778,82.653340277778,7,2,,0,10,1,7,pm25,2026-09-10T13:00:00Z,0.8,43,0,CHP,1.76,,72.2,146.4,,108.5,,1.76,4.7,,3.58,,0,1,,0,22.99,38,1019,2,350,clear sky,0
Ust-Kamenogorsk,2026-09-10T13:48:58.558518+00:00,1789048138,517507,"М. Тынышпаев к-сі, 126",50.009261944444,82.564498888889,0,0,61,0,21,,-,pm25,2026-08-26T09:00:00Z,364.8,69,0,Kazzinc,4.97,,328.7,310.9,,333.8,,9.02,4.97,,6.73,,0,0,,0,22.99,38,1019,2,350,clear sky,0
Karaganda,2026-09-10T13:48:58.558518+00:00,1789048138,506290,Майқұдық,49.89696663495,73.21133762598,23,7,,,,,23,pm25,2026-09-10T13:39:05Z,0.2,44,18.5,,,,,,,,,,,,,,,,,,22.95,25,1017,4.72,77,scattered clouds,0
Karaganda,2026-09-10T13:48:58.558518+00:00,1789048138,517423,"Мұқанов көшесі,57/3",49.786533888889,73.168150833333,211,113,7,0,3,1,-,pm25,2026-07-02T11:00:00Z,1682.8,33,25.0,,,,,,,,,,,,,,,,,,22.95,25,1017,4.72,77,scattered clouds,0
Pavlodar,2026-09-10T13:48:58.558518+00:00,1789048138,520273,  Торайғыров генералы Дүйсенов көшесі,52.294865277778,76.942828333333,32,25,24,2,0,1,32,pm25,2026-09-10T13:00:00Z,0.8,26,31.6,AluminiumSmelter,7.57,254.6,,,,,7.57,,,,,1,,,,,23.92,35,1020,5,80,clear sky,0
Pavlodar,2026-09-10T13:48:58.558518+00:00,1789048138,537550,"Естай к-сі, 54",52.281193333333,76.946898055556,4,1,0,1,4,1,4,pm25,2026-09-10T13:00:00Z,0.8,23,25.8,AluminiumSmelter,7.86,243.3,,,,,7.86,,,,,1,,,,,23.92,35,1020,5,80,clear sky,0
Pavlodar,2026-09-10T13:48:58.558518+00:00,1789048138,573904,Каз. Правда  к-сі,52.252530555556,76.974843611111,,,22,14,0,4,4,pm25,2026-09-10T13:00:00Z,0.8,33,21.4,AluminiumSmelter,8.46,217.3,,,,,8.46,,,,,1,,,,,23.92,35,1020,5,80,clear sky,0
Pavlodar,2026-09-10T13:48:58.558518+00:00,1789048138,573907,Ломов к-сі (ПМУ),52.264703055556,76.9640775,,,,0,1,0,0,pm25,2026-09-10T13:00:00Z,0.8,23,36.1,AluminiumSmelter,7.95,227.5,,,,,7.95,,,,,1,,,,,23.92,35,1020,5,80,clear sky,0
Pavlodar,2026-09-10T13:48:58.558518+00:00,1789048138,114532,Пед. колледж,52.2789,76.9384,78,27,,,,,-,pm25,2026-08-31T12:48:04Z,241.0,23,28.1,AluminiumSmelter,8.49,243.5,,,,,8.49,,,,,1,,,,,23.92,35,1020,5,80,clear sky,0
Astana,2026-09-10T13:48:58.558518+00:00,1789048138,10497,"Astana, US Embassy, Kazakhstan (Нұр-Сұлтан, АҚШ елшілігі)",51.125286,71.46722,,,6.9,11.1,3.1,0.1,11,so2,2026-09-10T19:00:00+06:00,0.8,27,25.0,,,,,,,,,,,,,,,,,,26.99,22,1017,3,90,overcast clouds,0
Ust-Kamenogorsk,2026-09-10T17:40:30.836609+00:00,1789062030,517390,"Серікбаев көшесі, 19",49.956986944444,82.592090555556,5,1,1,53,16,5,5,pm25,2026-09-10T17:00:00Z,0.7,41,0,UMZ,1.02,,304.9,214.9,,282.5,,3.31,3.12,,1.02,,0,1,,1,15.99,63,1020,2,50,clear sky,0
Ust-Kamenogorsk,2026-09-10T17:40:30.836609+00:00,1789062030,517402,"Лев Толстой к-сі, 18",49.944817777778,82.653340277778,3,1,,0,1,1,3,pm25,2026-09-10T17:00:00Z,0.7,43,0,CHP,1.76,,72.2,146.4,,108.5,,1.76,4.7,,3.58,,0,0,,0,15.99,63,1020,2,50,clear sky,0
Ust-Kamenogorsk,2026-09-10T17:40:30.836609+00:00,1789062030,517507,"М. Тынышпаев к-сі, 126",50.009261944444,82.564498888889,0,0,61,0,21,,-,pm25,2026-08-26T09:00:00Z,368.7,69,0,Kazzinc,4.97,,328.7,310.9,,333.8,,9.02,4.97,,6.73,,0,0,,0,15.99,63,1020,2,50,clear sky,0
Karaganda,2026-09-10T17:40:30.836609+00:00,1789062030,506290,Майқұдық,49.89696663495,73.21133762598,23,6,,,,,23,pm25,2026-09-10T17:34:50Z,0.1,54,0,,,,,,,,,,,,,,,,,,14.95,34,1018,5.45,103,few clouds,0
Karaganda,2026-09-10T17:40:30.836609+00:00,1789062030,517423,"Мұқанов көшесі,57/3",49.786533888889,73.168150833333,211,113,4,0,2,1,-,pm25,2026-07-02T11:00:00Z,1686.7,42,6.7,,,,,,,,,,,,,,,,,,14.95,34,1018,5.45,103,few clouds,0
Pavlodar,2026-09-10T17:40:30.836609+00:00,1789062030,520273,  Торайғыров генералы Дүйсенов көшесі,52.294865277778,76.942828333333,37,24,24,2,0,0,37,pm25,2026-09-10T17:00:00Z,0.7,38,0,AluminiumSmelter,7.57,254.6,,,,,7.57,,,,,1,,,,,21.88,31,1020,4.75,87,few clouds,0
Pavlodar,2026-09-10T17:40:30.836609+00:00,1789062030,537550,"Естай к-сі, 54",52.281193333333,76.946898055556,4,1,0,0,5,1,4,pm25,2026-09-10T17:00:00Z,0.7,31,0,AluminiumSmelter,7.86,243.3,,,,,7.86,,,,,1,,,,,21.88,31,1020,4.75,87,few clouds,0
Pavlodar,2026-09-10T17:40:30.836609+00:00,1789062030,573904,Каз. Правда  к-сі,52.252530555556,76.974843611111,,,18,13,0,4,4,pm25,2026-09-10T16:00:00Z,1.7,43,0,AluminiumSmelter,8.46,217.3,,,,,8.46,,,,,1,,,,,21.88,31,1020,4.75,87,few clouds,0
Pavlodar,2026-09-10T17:40:30.836609+00:00,1789062030,573907,Ломов к-сі (ПМУ),52.264703055556,76.9640775,,,,0,0,0,0,pm25,2026-09-10T17:00:00Z,0.7,35,0,AluminiumSmelter,7.95,227.5,,,,,7.95,,,,,1,,,,,21.88,31,1020,4.75,87,few clouds,0
Pavlodar,2026-09-10T17:40:30.836609+00:00,1789062030,114532,Пед. колледж,52.2789,76.9384,78,27,,,,,-,pm25,2026-08-31T12:48:04Z,244.9,32,0,AluminiumSmelter,8.49,243.5,,,,,8.49,,,,,1,,,,,21.88,31,1020,4.75,87,few clouds,0
Astana,2026-09-10T17:40:30.836609+00:00,1789062030,10497,"Astana, US Embassy, Kazakhstan (Нұр-Сұлтан, АҚШ елшілігі)",51.125286,71.46722,,,8.1,11.1,3.5,0.1,11,so2,2026-09-10T23:00:00+06:00,0.7,33,8.3,,,,,,,,,,,,,,,,,,17.99,52,1017,3,90,broken clouds,0
Ust-Kamenogorsk,2026-09-10T20:00:24.991962+00:00,1789070424,517390,"Серікбаев көшесі, 19",49.956986944444,82.592090555556,5,1,1,53,7,4,4,pm25,2026-09-10T19:00:00Z,1.0,41,0,UMZ,1.02,,304.9,214.9,,282.5,,3.31,3.12,,1.02,,0,1,,0,12.99,67,1020,0,0,clear sky,0
Ust-Kamenogorsk,2026-09-10T20:00:24.991962+00:00,1789070424,517402,"Лев Толстой к-сі, 18",49.944817777778,82.653340277778,4,1,,0,1,1,4,pm25,2026-09-10T19:00:00Z,1.0,43,0,CHP,1.76,,72.2,146.4,,108.5,,1.76,4.7,,3.58,,0,1,,0,12.99,67,1020,0,0,clear sky,0
Ust-Kamenogorsk,2026-09-10T20:00:24.991962+00:00,1789070424,517507,"М. Тынышпаев к-сі, 126",50.009261944444,82.564498888889,0,0,61,0,21,,-,pm25,2026-08-26T09:00:00Z,371.0,69,0,Kazzinc,4.97,,328.7,310.9,,333.8,,9.02,4.97,,6.73,,0,0,,0,12.99,67,1020,0,0,clear sky,0
Karaganda,2026-09-10T20:00:24.991962+00:00,1789070424,506290,Майқұдық,49.89696663495,73.21133762598,5,1,,,,,5,pm25,2026-09-10T19:55:41Z,0.1,54,0,,,,,,,,,,,,,,,,,,11.95,40,1017,4.36,107,few clouds,0
Karaganda,2026-09-10T20:00:24.991962+00:00,1789070424,517423,"Мұқанов көшесі,57/3",49.786533888889,73.168150833333,211,113,3,0,3,1,-,pm25,2026-07-02T11:00:00Z,1689.0,45,2.2,,,,,,,,,,,,,,,,,,11.95,40,1017,4.36,107,few clouds,0
Pavlodar,2026-09-10T20:00:24.991962+00:00,1789070424,520273,  Торайғыров генералы Дүйсенов көшесі,52.294865277778,76.942828333333,40,22,24,2,3,1,40,pm25,2026-09-10T19:00:00Z,1.0,38,0,AluminiumSmelter,7.57,254.6,,,,,7.57,,,,,1,,,,,20.59,34,1020,4.43,94,overcast clouds,0
Pavlodar,2026-09-10T20:00:24.991962+00:00,1789070424,537550,"Естай к-сі, 54",52.281193333333,76.946898055556,4,1,0,0,4,1,4,pm25,2026-09-10T19:00:00Z,1.0,31,0,AluminiumSmelter,7.86,243.3,,,,,7.86,,,,,1,,,,,20.59,34,1020,4.43,94,overcast clouds,0
Pavlodar,2026-09-10T20:00:24.991962+00:00,1789070424,573904,Каз. Правда  к-сі,52.252530555556,76.974843611111,,,7,6,0,4,4,pm25,2026-09-10T19:00:00Z,1.0,43,0,AluminiumSmelter,8.46,217.3,,,,,8.46,,,,,1,,,,,20.59,34,1020,4.43,94,overcast clouds,0
Pavlodar,2026-09-10T20:00:24.991962+00:00,1789070424,573907,Ломов к-сі (ПМУ),52.264703055556,76.9640775,,,,0,0,0,0,pm25,2026-09-10T19:00:00Z,1.0,35,0,AluminiumSmelter,7.95,227.5,,,,,7.95,,,,,1,,,,,20.59,34,1020,4.43,94,overcast clouds,0
Pavlodar,2026-09-10T20:00:24.991962+00:00,1789070424,114532,Пед. колледж,52.2789,76.9384,78,27,,,,,-,pm25,2026-08-31T12:48:04Z,247.2,32,0,AluminiumSmelter,8.49,243.5,,,,,8.49,,,,,1,,,,,20.59,34,1020,4.43,94,overcast clouds,0
Astana,2026-09-10T20:00:24.991962+00:00,1789070424,10497,"Astana, US Embassy, Kazakhstan (Нұр-Сұлтан, АҚШ елшілігі)",51.125286,71.46722,,,3.6,11,2.5,0.1,11,so2,2026-09-11T01:00:00+06:00,1.0,34,5.6,,,,,,,,,,,,,,,,,,17.99,45,1017,4,100,broken clouds,0
Ust-Kamenogorsk,2026-09-10T22:32:14.655435+00:00,1789079534,517390,"Серікбаев көшесі, 19",49.956986944444,82.592090555556,5,1,1,53,3,7,7,pm25,2026-09-10T22:00:00Z,0.5,41,0,UMZ,1.02,,304.9,214.9,,282.5,,3.31,3.12,,1.02,,0,1,,0,9.99,81,1021,0,0,clear sky,0
Ust-Kamenogorsk,2026-09-10T22:32:14.655435+00:00,1789079534,517402,"Лев Толстой к-сі, 18",49.944817777778,82.653340277778,5,1,,0,0,1,5,pm25,2026-09-10T22:00:00Z,0.5,43,0,CHP,1.76,,72.2,146.4,,108.5,,1.76,4.7,,3.58,,0,1,,0,9.99,81,1021,0,0,clear sky,0
Ust-Kamenogorsk,2026-09-10T22:32:14.655435+00:00,1789079534,517507,"М. Тынышпаев к-сі, 126",50.009261944444,82.564498888889,0,0,61,0,21,,-,pm25,2026-08-26T09:00:00Z,373.5,69,0,Kazzinc,4.97,,328.7,310.9,,333.8,,9.02,4.97,,6.73,,0,0,,0,9.99,81,1021,0,0,clear sky,0
Karaganda,2026-09-10T22:32:14.655435+00:00,1789079534,506290,Майқұдық,49.89696663495,73.21133762598,0,0,,,,,0,pm25,2026-09-10T22:28:39Z,0.1,54,0,,,,,,,,,,,,,,,,,,12.95,43,1017,4.54,99,broken clouds,0
Karaganda,2026-09-10T22:32:14.655435+00:00,1789079534,517423,"Мұқанов көшесі,57/3",49.786533888889,73.168150833333,211,113,1,0,3,1,-,pm25,2026-07-02T11:00:00Z,1691.5,46,0,,,,,,,,,,,,,,,,,,12.95,43,1017,4.54,99,broken clouds,0
Pavlodar,2026-09-10T22:32:14.655435+00:00,1789079534,520273,  Торайғыров генералы Дүйсенов көшесі,52.294865277778,76.942828333333,40,20,24,2,0,1,40,pm25,2026-09-10T22:00:00Z,0.5,38,0,AluminiumSmelter,7.57,254.6,,,,,7.57,,,,,1,,,,,17.92,52,1021,5,90,overcast clouds,0
Pavlodar,2026-09-10T22:32:14.655435+00:00,1789079534,537550,"Естай к-сі, 54",52.281193333333,76.946898055556,4,1,0,2,3,1,4,pm25,2026-09-10T22:00:00Z,0.5,31,0,AluminiumSmelter,7.86,243.3,,,,,7.86,,,,,1,,,,,17.92,52,1021,5,90,overcast clouds,0
Pavlodar,2026-09-10T22:32:14.655435+00:00,1789079534,573904,Каз. Правда  к-сі,52.252530555556,76.974843611111,,,2,5,0,4,4,pm25,2026-09-10T22:00:00Z,0.5,43,0,AluminiumSmelter,8.46,217.3,,,,,8.46,,,,,1,,,,,17.92,52,1021,5,90,overcast clouds,0
Pavlodar,2026-09-10T22:32:14.655435+00:00,1789079534,573907,Ломов к-сі (ПМУ),52.264703055556,76.9640775,,,,1,0,0,0,pm25,2026-09-10T22:00:00Z,0.5,35,0,AluminiumSmelter,7.95,227.5,,,,,7.95,,,,,1,,,,,17.92,52,1021,5,90,overcast clouds,0
Pavlodar,2026-09-10T22:32:14.655435+00:00,1789079534,114532,Пед. колледж,52.2789,76.9384,78,27,,,,,-,pm25,2026-08-31T12:48:04Z,249.7,32,0,AluminiumSmelter,8.49,243.5,,,,,8.49,,,,,1,,,,,17.92,52,1021,5,90,overcast clouds,0
Astana,2026-09-10T22:32:14.655435+00:00,1789079534,10497,"Astana, US Embassy, Kazakhstan (Нұр-Сұлтан, АҚШ елшілігі)",51.125286,71.46722,,,1.1,10.9,1.8,0.1,11,so2,2026-09-11T04:00:00+06:00,0.5,35,2.8,,,,,,,,,,,,,,,,,,19.99,37,1016,5,130,broken clouds,0
Ust-Kamenogorsk,2026-09-11T00:31:33.555431+00:00,1789086693,517390,"Серікбаев көшесі, 19",49.956986944444,82.592090555556,5,1,1,53,2,7,7,pm25,2026-09-11T00:00:00Z,0.5,41,0,UMZ,1.02,,304.9,214.9,,282.5,,3.31,3.12,,1.02,,1,0,,1,7.99,87,1021,1,110,clear sky,0
Ust-Kamenogorsk,2026-09-11T00:31:33.555431+00:00,1789086693,517402,"Лев Толстой к-сі, 18",49.944817777778,82.653340277778,4,1,,0,0,1,4,pm25,2026-09-11T00:00:00Z,0.5,43,0,CHP,1.76,,72.2,146.4,,108.5,,1.76,4.7,,3.58,,0,0,,0,7.99,87,1021,1,110,clear sky,0
Ust-Kamenogorsk,2026-09-11T00:31:33.555431+00:00,1789086693,517507,"М. Тынышпаев к-сі, 126",50.009261944444,82.564498888889,0,0,61,0,21,,-,pm25,2026-08-26T09:00:00Z,375.5,69,0,Kazzinc,4.97,,328.7,310.9,,333.8,,9.02,4.97,,6.73,,1,1,,1,7.99,87,1021,1,110,clear sky,0
Karaganda,2026-09-11T00:31:33.555431+00:00,1789086693,506290,Майқұдық,49.89696663495,73.21133762598,8,2,,,,,8,pm25,2026-09-11T00:21:46Z,0.2,54,0,,,,,,,,,,,,,,,,,,10.95,43,1017,4.78,103,overcast clouds,0
Karaganda,2026-09-11T00:31:33.555431+00:00,1789086693,517423,"Мұқанов көшесі,57/3",49.786533888889,73.168150833333,211,113,1,0,2,1,-,pm25,2026-07-02T11:00:00Z,1693.5,45,2.2,,,,,,,,,,,,,,,,,,10.95,43,1017,4.78,103,overcast clouds,0
Pavlodar,2026-09-11T00:31:33.555431+00:00,1789086693,520273,  Торайғыров генералы Дүйсенов көшесі,52.294865277778,76.942828333333,35,17,24,2,0,1,35,pm25,2026-09-11T00:00:00Z,0.5,38,0,AluminiumSmelter,7.57,254.6,,,,,7.57,,,,,1,,,,,14.92,63,1021,3,80,overcast clouds,0
Pavlodar,2026-09-11T00:31:33.555431+00:00,1789086693,537550,"Естай к-сі, 54",52.281193333333,76.946898055556,4,1,0,3,3,1,4,pm25,2026-09-11T00:00:00Z,0.5,31,0,AluminiumSmelter,7.86,243.3,,,,,7.86,,,,,1,,,,,14.92,63,1021,3,80,overcast clouds,0
Pavlodar,2026-09-11T00:31:33.555431+00:00,1789086693,573904,Каз. Правда  к-сі,52.252530555556,76.974843611111,,,1,6,0,4,4,pm25,2026-09-11T00:00:00Z,0.5,43,0,AluminiumSmelter,8.46,217.3,,,,,8.46,,,,,1,,,,,14.92,63,1021,3,80,overcast clouds,0
Pavlodar,2026-09-11T00:31:33.555431+00:00,1789086693,573907,Ломов к-сі (ПМУ),52.264703055556,76.9640775,,,,1,0,0,0,pm25,2026-09-11T00:00:00Z,0.5,35,0,AluminiumSmelter,7.95,227.5,,,,,7.95,,,,,1,,,,,14.92,63,1021,3,80,overcast clouds,0
Pavlodar,2026-09-11T00:31:33.555431+00:00,1789086693,114532,Пед. колледж,52.2789,76.9384,78,27,,,,,-,pm25,2026-08-31T12:48:04Z,251.7,32,0,AluminiumSmelter,8.49,243.5,,,,,8.49,,,,,1,,,,,14.92,63,1021,3,80,overcast clouds,0
Astana,2026-09-11T00:31:33.555431+00:00,1789086693,10497,"Astana, US Embassy, Kazakhstan (Нұр-Сұлтан, АҚШ елшілігі)",51.125286,71.46722,,,1.1,10.9,1.8,0.1,11,so2,2026-09-11T06:00:00+06:00,0.5,35,2.8,,,,,,,,,,,,,,,,,,16.99,48,1016,3,120,overcast clouds,0
Ust-Kamenogorsk,2026-09-11T05:13:21.325732+00:00,1789103601,517390,"Серікбаев көшесі, 19",49.956986944444,82.592090555556,5,1,1,53,4,9,9,pm25,2026-09-11T04:00:00Z,1.2,41,0,UMZ,1.02,,304.9,214.9,,282.5,,3.31,3.12,,1.02,,0,1,,0,23.99,43,1020,1,0,clear sky,0
Ust-Kamenogorsk,2026-09-11T05:13:21.325732+00:00,1789103601,517402,"Лев Толстой к-сі, 18",49.944817777778,82.653340277778,7,2,,0,2,3,7,pm25,2026-09-11T04:00:00Z,1.2,43,0,CHP,1.76,,72.2,146.4,,108.5,,1.76,4.7,,3.58,,0,1,,0,23.99,43,1020,1,0,clear sky,0
Ust-Kamenogorsk,2026-09-11T05:13:21.325732+00:00,1789103601,517507,"М. Тынышпаев к-сі, 126",50.009261944444,82.564498888889,0,0,61,0,21,,-,pm25,2026-08-26T09:00:00Z,380.2,69,0,Kazzinc,4.97,,328.7,310.9,,333.8,,9.02,4.97,,6.73,,0,0,,0,23.99,43,1020,1,0,clear sky,0
Karaganda,2026-09-11T05:13:21.325732+00:00,1789103601,506290,Майқұдық,49.89696663495,73.21133762598,8,2,,,,,8,pm25,2026-09-11T05:06:08Z,0.1,54,0,,,,,,,,,,,,,,,,,,27.95,22,1016,7.26,119,broken clouds,0
Karaganda,2026-09-11T05:13:21.325732+00:00,1789103601,517423,"Мұқанов көшесі,57/3",49.786533888889,73.168150833333,211,113,3,0,3,1,-,pm25,2026-07-02T11:00:00Z,1698.2,39,13.3,,,,,,,,,,,,,,,,,,27.95,22,1016,7.26,119,broken clouds,0
Pavlodar,2026-09-11T05:13:21.325732+00:00,1789103601,520273,  Торайғыров генералы Дүйсенов көшесі,52.294865277778,76.942828333333,37,24,24,2,0,1,37,pm25,2026-09-11T04:00:00Z,1.2,30,21.1,AluminiumSmelter,7.57,254.6,,,,,7.57,,,,,1,,,,,28.92,26,1020,6,120,broken clouds,0
Pavlodar,2026-09-11T05:13:21.325732+00:00,1789103601,537550,"Естай к-сі, 54",52.281193333333,76.946898055556,4,1,0,3,4,1,4,pm25,2026-09-11T04:00:00Z,1.2,23,23.3,AluminiumSmelter,7.86,243.3,,,,,7.86,,,,,1,,,,,28.92,26,1020,6,120,broken clouds,0
Pavlodar,2026-09-11T05:13:21.325732+00:00,1789103601,573904,Каз. Правда  к-сі,52.252530555556,76.974843611111,,,6,19,0,4,4,pm25,2026-09-11T04:00:00Z,1.2,35,16.7,AluminiumSmelter,8.46,217.3,,,,,8.46,,,,,0,,,,,28.92,26,1020,6,120,broken clouds,0
Pavlodar,2026-09-11T05:13:21.325732+00:00,1789103601,573907,Ломов к-сі (ПМУ),52.264703055556,76.9640775,,,,0,5,0,0,pm25,2026-09-11T04:00:00Z,1.2,23,34.3,AluminiumSmelter,7.95,227.5,,,,,7.95,,,,,0,,,,,28.92,26,1020,6,120,broken clouds,0
Pavlodar,2026-09-11T05:13:21.325732+00:00,1789103601,114532,Пед. колледж,52.2789,76.9384,78,27,,,,,-,pm25,2026-08-31T12:48:04Z,256.4,32,0,AluminiumSmelter,8.49,243.5,,,,,8.49,,,,,1,,,,,28.92,26,1020,6,120,broken clouds,0
Astana,2026-09-11T05:13:21.325732+00:00,1789103601,10497,"Astana, US Embassy, Kazakhstan (Нұр-Сұлтан, АҚШ елшілігі)",51.125286,71.46722,,,7.1,13.5,3,0.1,14,so2,2026-09-11T10:00:00+06:00,1.2,30,16.7,,,,,,,,,,,,,,,,,,25.99,31,1015,5,130,overcast clouds,0
Ust-Kamenogorsk,2026-09-11T09:39:48.370256+00:00,1789119588,517390,"Серікбаев көшесі, 19",49.956986944444,82.592090555556,5,1,1,53,2,18,18,pm25,2026-09-11T08:00:00Z,1.7,41,0,UMZ,1.02,,304.9,214.9,,282.5,,3.31,3.12,,1.02,,1,0,,1,32.99,17,1016,2,140,clear sky,0
Ust-Kamenogorsk,2026-09-11T09:39:48.370256+00:00,1789119588,517402,"Лев Толстой к-сі, 18",49.944817777778,82.653340277778,4,1,,0,2,9,9,pm25,2026-09-11T08:00:00Z,1.7,37,14.0,CHP,1.76,,72.2,146.4,,108.5,,1.76,4.7,,3.58,,0,0,,0,32.99,17,1016,2,140,clear sky,0
Ust-Kamenogorsk,2026-09-11T09:39:48.370256+00:00,1789119588,517507,"М. Тынышпаев к-сі, 126",50.009261944444,82.564498888889,0,0,61,0,21,,-,pm25,2026-08-26T09:00:00Z,384.7,69,0,Kazzinc,4.97,,328.7,310.9,,333.8,,9.02,4.97,,6.73,,1,1,,1,32.99,17,1016,2,140,clear sky,0
Karaganda,2026-09-11T09:39:48.370256+00:00,1789119588,506290,Майқұдық,49.89696663495,73.21133762598,5,1,,,,,5,pm25,2026-09-11T09:35:50Z,0.1,54,0,,,,,,,,,,,,,,,,,,31.95,13,1012,6.02,165,scattered clouds,0
Karaganda,2026-09-11T09:39:48.370256+00:00,1789119588,517423,"Мұқанов көшесі,57/3",49.786533888889,73.168150833333,211,113,2,0,2,1,-,pm25,2026-07-02T11:00:00Z,1702.7,42,8.7,,,,,,,,,,,,,,,,,,31.95,13,1012,6.02,165,scattered clouds,0
Pavlodar,2026-09-11T09:39:48.370256+00:00,1789119588,520273,  Торайғыров генералы Дүйсенов көшесі,52.294865277778,76.942828333333,20,14,24,2,20,3,20,pm25,2026-09-11T09:00:00Z,0.7,30,23.1,AluminiumSmelter,7.57,254.6,,,,,7.57,,,,,1,,,,,32.92,13,1017,6,100,clear sky,0
Pavlodar,2026-09-11T09:39:48.370256+00:00,1789119588,537550,"Естай к-сі, 54",52.281193333333,76.946898055556,4,1,0,3,5,1,4,pm25,2026-09-11T09:00:00Z,0.7,24,22.6,AluminiumSmelter,7.86,243.3,,,,,7.86,,,,,1,,,,,32.92,13,1017,6,100,clear sky,0
Pavlodar,2026-09-11T09:39:48.370256+00:00,1789119588,573904,Каз. Правда  к-сі,52.252530555556,76.974843611111,,,7,7,0,4,4,pm25,2026-09-11T09:00:00Z,0.7,36,16.3,AluminiumSmelter,8.46,217.3,,,,,8.46,,,,,0,,,,,32.92,13,1017,6,100,clear sky,0
Pavlodar,2026-09-11T09:39:48.370256+00:00,1789119588,573907,Ломов к-сі (ПМУ),52.264703055556,76.9640775,,,,1,0,0,0,pm25,2026-09-11T09:00:00Z,0.7,26,25.7,AluminiumSmelter,7.95,227.5,,,,,7.95,,,,,1,,,,,32.92,13,1017,6,100,clear sky,0
Pavlodar,2026-09-11T09:39:48.370256+00:00,1789119588,114532,Пед. колледж,52.2789,76.9384,78,27,,,,,-,pm25,2026-08-31T12:48:04Z,260.9,26,18.8,AluminiumSmelter,8.49,243.5,,,,,8.49,,,,,1,,,,,32.92,13,1017,6,100,clear sky,0
Astana,2026-09-11T09:39:48.370256+00:00,1789119588,10497,"Astana, US Embassy, Kazakhstan (Нұр-Сұлтан, АҚШ елшілігі)",51.125286,71.46722,,,3.3,11.2,2.3,0.1,11,so2,2026-09-11T15:00:00+06:00,0.7,29,21.6,,,,,,,,,,,,,,,,,,28.99,26,1012,5,150,overcast clouds,0
Ust-Kamenogorsk,2026-09-11T13:48:30.934845+00:00,1789134510,517390,"Серікбаев көшесі, 19",49.956986944444,82.592090555556,5,1,1,53,9,2,2,pm25,2026-09-11T13:00:00Z,0.8,32,22.0,UMZ,1.02,,304.9,214.9,,282.5,,3.31,3.12,,1.02,,1,1,,1,21.99,33,1017,3,80,clear sky,0
Ust-Kamenogorsk,2026-09-11T13:48:30.934845+00:00,1789134510,517402,"Лев Толстой к-сі, 18",49.944817777778,82.653340277778,4,1,,0,11,2,4,pm25,2026-09-11T13:00:00Z,0.8,40,7.0,CHP,1.76,,72.2,146.4,,108.5,,1.76,4.7,,3.58,,0,0,,0,21.99,33,1017,3,80,clear sky,0
Ust-Kamenogorsk,2026-09-11T13:48:30.934845+00:00,1789134510,517507,"М. Тынышпаев к-сі, 126",50.009261944444,82.564498888889,0,0,61,0,21,,-,pm25,2026-08-26T09:00:00Z,388.8,69,0,Kazzinc,4.97,,328.7,310.9,,333.8,,9.02,4.97,,6.73,,0,1,,0,21.99,33,1017,3,80,clear sky,0
Karaganda,2026-09-11T13:48:30.934845+00:00,1789134510,506290,Майқұдық,49.89696663495,73.21133762598,21,5,,,,,21,pm25,2026-09-11T13:43:48Z,0.1,42,22.2,,,,,,,,,,,,,,,,,,24.95,18,1013,4.2,148,overcast clouds,0
Karaganda,2026-09-11T13:48:30.934845+00:00,1789134510,517423,"Мұқанов көшесі,57/3",49.786533888889,73.168150833333,211,113,8,0,3,1,-,pm25,2026-07-02T11:00:00Z,1706.8,37,19.6,,,,,,,,,,,,,,,,,,24.95,18,1013,4.2,148,overcast clouds,0
Pavlodar,2026-09-11T13:48:30.934845+00:00,1789134510,520273,  Торайғыров генералы Дүйсенов көшесі,52.294865277778,76.942828333333,28,21,24,2,8,2,28,pm25,2026-09-11T13:00:00Z,0.8,25,34.2,AluminiumSmelter,7.57,254.6,,,,,7.57,,,,,1,,,,,24.89,33,1017,5,60,clear sky,0
Pavlodar,2026-09-11T13:48:30.934845+00:00,1789134510,537550,"Естай к-сі, 54",52.281193333333,76.946898055556,4,1,0,2,6,1,4,pm25,2026-09-11T13:00:00Z,0.8,24,20.0,AluminiumSmelter,7.86,243.3,,,,,7.86,,,,,1,,,,,24.89,33,1017,5,60,clear sky,0
Pavlodar,2026-09-11T13:48:30.934845+00:00,1789134510,573904,Каз. Правда  к-сі,52.252530555556,76.974843611111,,,22,36,0,4,4,pm25,2026-09-11T13:00:00Z,0.8,34,20.9,AluminiumSmelter,8.46,217.3,,,,,8.46,,,,,1,,,,,24.89,33,1017,5,60,clear sky,0
Pavlodar,2026-09-11T13:48:30.934845+00:00,1789134510,573907,Ломов к-сі (ПМУ),52.264703055556,76.9640775,,,,1,0,0,0,pm25,2026-09-11T13:00:00Z,0.8,22,37.1,AluminiumSmelter,7.95,227.5,,,,,7.95,,,,,1,,,,,24.89,33,1017,5,60,clear sky,0
Pavlodar,2026-09-11T13:48:30.934845+00:00,1789134510,114532,Пед. колледж,52.2789,76.9384,78,27,,,,,-,pm25,2026-08-31T12:48:04Z,265.0,23,28.1,AluminiumSmelter,8.49,243.5,,,,,8.49,,,,,1,,,,,24.89,33,1017,5,60,clear sky,0
Astana,2026-09-11T13:48:30.934845+00:00,1789134510,10497,"Astana, US Embassy, Kazakhstan (Нұр-Сұлтан, АҚШ елшілігі)",51.125286,71.46722,,,14.5,11.2,3.9,0.1,11,so2,2026-09-11T19:00:00+06:00,0.8,26,29.7,,,,,,,,,,,,,,,,,,24.99,36,1011,2,80,overcast clouds,0
Ust-Kamenogorsk,2026-09-11T17:43:52.620652+00:00,1789148632,517390,"Серікбаев көшесі, 19",49.956986944444,82.592090555556,5,1,1,53,15,2,2,pm25,2026-09-11T17:00:00Z,0.7,41,0,UMZ,1.02,,304.9,214.9,,282.5,,3.31,3.12,,1.02,,0,1,,0,14.99,58,1017,1,0,clear sky,0
Ust-Kamenogorsk,2026-09-11T17:43:52.620652+00:00,1789148632,517402,"Лев Толстой к-сі, 18",49.944817777778,82.653340277778,5,1,,0,1,1,5,pm25,2026-09-11T17:00:00Z,0.7,43,0,CHP,1.76,,72.2,146.4,,108.5,,1.76,4.7,,3.58,,0,1,,0,14.99,58,1017,1,0,clear sky,0
Ust-Kamenogorsk,2026-09-11T17:43:52.620652+00:00,1789148632,517507,"М. Тынышпаев к-сі, 126",50.009261944444,82.564498888889,0,0,61,0,21,,-,pm25,2026-08-26T09:00:00Z,392.7,69,0,Kazzinc,4.97,,328.7,310.9,,333.8,,9.02,4.97,,6.73,,0,0,,0,14.99,58,1017,1,0,clear sky,0
Karaganda,2026-09-11T17:43:52.620652+00:00,1789148632,506290,Майқұдық,49.89696663495,73.21133762598,13,3,,,,,13,pm25,2026-09-11T17:40:47Z,0.1,54,0,,,,,,,,,,,,,,,,,,16.95,27,1012,4.95,145,scattered clouds,0
Karaganda,2026-09-11T17:43:52.620652+00:00,1789148632,517423,"Мұқанов көшесі,57/3",49.786533888889,73.168150833333,211,113,6,0,2,1,-,pm25,2026-07-02T11:00:00Z,1710.7,40,13.0,,,,,,,,,,,,,,,,,,16.95,27,1012,4.95,145,scattered clouds,0
Pavlodar,2026-09-11T17:43:52.620652+00:00,1789148632,520273,  Торайғыров генералы Дүйсенов көшесі,52.294865277778,76.942828333333,47,27,24,2,19,1,47,pm25,2026-09-11T17:00:00Z,0.7,38,0,AluminiumSmelter,7.57,254.6,,,,,7.57,,,,,1,,,,,20.84,33,1015,4.33,101,few clouds,0
Pavlodar,2026-09-11T17:43:52.620652+00:00,1789148632,537550,"Естай к-сі, 54",52.281193333333,76.946898055556,4,1,0,3,4,1,4,pm25,2026-09-11T17:00:00Z,0.7,31,0,AluminiumSmelter,7.86,243.3,,,,,7.86,,,,,1,,,,,20.84,33,1015,4.33,101,few clouds,0
Pavlodar,2026-09-11T17:43:52.620652+00:00,1789148632,573904,Каз. Правда  к-сі,52.252530555556,76.974843611111,,,19,30,0,4,4,pm25,2026-09-11T17:00:00Z,0.7,43,0,AluminiumSmelter,8.46,217.3,,,,,8.46,,,,,0,,,,,20.84,33,1015,4.33,101,few clouds,0
Pavlodar,2026-09-11T17:43:52.620652+00:00,1789148632,573907,Ломов к-сі (ПМУ),52.264703055556,76.9640775,,,,1,0,0,0,pm25,2026-09-11T17:00:00Z,0.7,35,0,AluminiumSmelter,7.95,227.5,,,,,7.95,,,,,1,,,,,20.84,33,1015,4.33,101,few clouds,0
Pavlodar,2026-09-11T17:43:52.620652+00:00,1789148632,114532,Пед. колледж,52.2789,76.9384,78,27,,,,,-,pm25,2026-08-31T12:48:04Z,268.9,32,0,AluminiumSmelter,8.49,243.5,,,,,8.49,,,,,1,,,,,20.84,33,1015,4.33,101,few clouds,0
Astana,2026-09-11T17:43:52.620652+00:00,1789148632,10497,"Astana, US Embassy, Kazakhstan (Нұр-Сұлтан, АҚШ елшілігі)",51.125286,71.46722,,,13.4,11.3,4.4,0.1,11,so2,2026-09-11T23:00:00+06:00,0.7,33,10.8,,,,,,,,,,,,,,,,,,17.99,48,1009,3,100,broken clouds,0
Ust-Kamenogorsk,2026-09-11T20:02:05.767471+00:00,1789156925,517390,"Серікбаев көшесі, 19",49.956986944444,82.592090555556,5,1,1,53,6,2,2,pm25,2026-09-11T19:00:00Z,1.0,41,0,UMZ,1.02,,304.9,214.9,,282.5,,3.31,3.12,,1.02,,1,0,,1,11.99,71,1017,1,100,clear sky,0
Ust-Kamenogorsk,2026-09-11T20:02:05.767471+00:00,1789156925,517402,"Лев Толстой к-сі, 18",49.944817777778,82.653340277778,3,1,,0,0,1,3,pm25,2026-09-11T19:00:00Z,1.0,43,0,CHP,1.76,,72.2,146.4,,108.5,,1.76,4.7,,3.58,,0,0,,0,11.99,71,1017,1,100,clear sky,0
Ust-Kamenogorsk,2026-09-11T20:02:05.767471+00:00,1789156925,517507,"М. Тынышпаев к-сі, 126",50.009261944444,82.564498888889,0,0,61,0,21,,-,pm25,2026-08-26T09:00:00Z,395.0,69,0,Kazzinc,4.97,,328.7,310.9,,333.8,,9.02,4.97,,6.73,,1,1,,1,11.99,71,1017,1,100,clear sky,0
Karaganda,2026-09-11T20:02:05.767471+00:00,1789156925,506290,Майқұдық,49.89696663495,73.21133762598,1,0,,,,,1,pm25,2026-09-11T19:53:38Z,0.1,54,0,,,,,,,,,,,,,,,,,,13.95,24,1011,5.2,148,clear sky,0
Karaganda,2026-09-11T20:02:05.767471+00:00,1789156925,517423,"Мұқанов көшесі,57/3",49.786533888889,73.168150833333,211,113,4,0,2,1,-,pm25,2026-07-02T11:00:00Z,1713.0,46,0,,,,,,,,,,,,,,,,,,13.95,24,1011,5.2,148,clear sky,0
Pavlodar,2026-09-11T20:02:05.767471+00:00,1789156925,520273,  Торайғыров генералы Дүйсенов көшесі,52.294865277778,76.942828333333,41,22,24,2,1,2,41,pm25,2026-09-11T19:00:00Z,1.0,38,0,AluminiumSmelter,7.57,254.6,,,,,7.57,,,,,1,,,,,20.79,30,1014,4.63,108,broken clouds,0
Pavlodar,2026-09-11T20:02:05.767471+00:00,1789156925,537550,"Естай к-сі, 54",52.281193333333,76.946898055556,4,1,0,2,4,1,4,pm25,2026-09-11T19:00:00Z,1.0,31,0,AluminiumSmelter,7.86,243.3,,,,,7.86,,,,,1,,,,,20.79,30,1014,4.63,108,broken clouds,0
Pavlodar,2026-09-11T20:02:05.767471+00:00,1789156925,573904,Каз. Правда  к-сі,52.252530555556,76.974843611111,,,2,5,0,4,4,pm25,2026-09-11T19:00:00Z,1.0,43,0,AluminiumSmelter,8.46,217.3,,,,,8.46,,,,,0,,,,,20.79,30,1014,4.63,108,broken clouds,0
Pavlodar,2026-09-11T20:02:05.767471+00:00,1789156925,573907,Ломов к-сі (ПМУ),52.264703055556,76.9640775,,,,0,0,0,0,pm25,2026-09-11T19:00:00Z,1.0,35,0,AluminiumSmelter,7.95,227.5,,,,,7.95,,,,,0,,,,,20.79,30,1014,4.63,108,broken clouds,0
Pavlodar,2026-09-11T20:02:05.767471+00:00,1789156925,114532,Пед. колледж,52.2789,76.9384,78,27,,,,,-,pm25,2026-08-31T12:48:04Z,271.2,32,0,AluminiumSmelter,8.49,243.5,,,,,8.49,,,,,1,,,,,20.79,30,1014,4.63,108,broken clouds,0
Astana,2026-09-11T20:02:05.767471+00:00,1789156925,10497,"Astana, US Embassy, Kazakhstan (Нұр-Сұлтан, АҚШ елшілігі)",51.125286,71.46722,,,7,11.5,3.9,0.1,12,so2,2026-09-12T01:00:00+06:00,1.0,35,2.8,,,,,,,,,,,,,,,,,,21.99,33,1010,6,250,few clouds,0
Ust-Kamenogorsk,2026-09-11T22:31:51.852882+00:00,1789165911,517390,"Серікбаев көшесі, 19",49.956986944444,82.592090555556,5,1,1,53,4,3,3,pm25,2026-09-11T21:00:00Z,1.5,41,0,UMZ,1.02,,304.9,214.9,,282.5,,3.31,3.12,,1.02,,0,1,,0,9.99,76,1017,1,0,clear sky,0
Ust-Kamenogorsk,2026-09-11T22:31:51.852882+00:00,1789165911,517402,"Лев Толстой к-сі, 18",49.944817777778,82.653340277778,4,1,,0,1,1,4,pm25,2026-09-11T21:00:00Z,1.5,43,0,CHP,1.76,,72.2,146.4,,108.5,,1.76,4.7,,3.58,,0,1,,0,9.99,76,1017,1,0,clear sky,0
Ust-Kamenogorsk,2026-09-11T22:31:51.852882+00:00,1789165911,517507,"М. Тынышпаев к-сі, 126",50.009261944444,82.564498888889,0,0,61,0,21,,-,pm25,2026-08-26T09:00:00Z,397.5,69,0,Kazzinc,4.97,,328.7,310.9,,333.8,,9.02,4.97,,6.73,,0,0,,0,9.99,76,1017,1,0,clear sky,0
Karaganda,2026-09-11T22:31:51.852882+00:00,1789165911,506290,Майқұдық,49.89696663495,73.21133762598,12,3,,,,,12,pm25,2026-09-11T22:27:53Z,0.1,54,0,,,,,,,,,,,,,,,,,,14.95,49,1013,6.43,292,clear sky,0
Karaganda,2026-09-11T22:31:51.852882+00:00,1789165911,517423,"Мұқанов көшесі,57/3",49.786533888889,73.168150833333,211,113,2,0,1,1,-,pm25,2026-07-02T11:00:00Z,1715.5,44,0,,,,,,,,,,,,,,,,,,14.95,49,1013,6.43,292,clear sky,0
Pavlodar,2026-09-11T22:31:51.852882+00:00,1789165911,520273,  Торайғыров генералы Дүйсенов көшесі,52.294865277778,76.942828333333,57,37,24,2,0,1,57,pm25,2026-09-11T21:00:00Z,1.5,38,0,AluminiumSmelter,7.57,254.6,,,,,7.57,,,,,1,,,,,16.92,51,1014,3,100,scattered clouds,0
Pavlodar,2026-09-11T22:31:51.852882+00:00,1789165911,537550,"Естай к-сі, 54",52.281193333333,76.946898055556,4,1,0,6,4,1,4,pm25,2026-09-11T21:00:00Z,1.5,31,0,AluminiumSmelter,7.86,243.3,,,,,7.86,,,,,1,,,,,16.92,51,1014,3,100,scattered clouds,0
Pavlodar,2026-09-11T22:31:51.852882+00:00,1789165911,573904,Каз. Правда  к-сі,52.252530555556,76.974843611111,,,2,12,0,4,4,pm25,2026-09-11T21:00:00Z,1.5,43,0,AluminiumSmelter,8.46,217.3,,,,,8.46,,,,,0,,,,,16.92,51,1014,3,100,scattered clouds,0
Pavlodar,2026-09-11T22:31:51.852882+00:00,1789165911,573907,Ломов к-сі (ПМУ),52.264703055556,76.9640775,,,,1,0,0,0,pm25,2026-09-11T21:00:00Z,1.5,35,0,AluminiumSmelter,7.95,227.5,,,,,7.95,,,,,1,,,,,16.92,51,1014,3,100,scattered clouds,0
Pavlodar,2026-09-11T22:31:51.852882+00:00,1789165911,114532,Пед. колледж,52.2789,76.9384,78,27,,,,,-,pm25,2026-08-31T12:48:04Z,273.7,32,0,AluminiumSmelter,8.49,243.5,,,,,8.49,,,,,1,,,,,16.92,51,1014,3,100,scattered clouds,0
Astana,2026-09-11T22:31:51.852882+00:00,1789165911,10497,"Astana, US Embassy, Kazakhstan (Нұр-Сұлтан, АҚШ елшілігі)",51.125286,71.46722,,,3.3,10.3,2.3,0.1,10,so2,2026-09-12T04:00:00+06:00,0.5,35,2.8,,,,,,,,,,,,,,,,,,18.99,52,1012,5,250,broken clouds,0
Ust-Kamenogorsk,2026-09-12T00:36:32.527034+00:00,1789173392,517390,"Серікбаев көшесі, 19",49.956986944444,82.592090555556,5,1,1,53,2,7,7,pm25,2026-09-12T00:00:00Z,0.6,41,0,UMZ,1.02,,304.9,214.9,,282.5,,3.31,3.12,,1.02,,0,1,,0,8.99,76,1018,1,0,clear sky,0
Ust-Kamenogorsk,2026-09-12T00:36:32.527034+00:00,1789173392,517402,"Лев Толстой к-сі, 18",49.944817777778,82.653340277778,6,1,,0,0,1,6,pm25,2026-09-12T00:00:00Z,0.6,43,0,CHP,1.76,,72.2,146.4,,108.5,,1.76,4.7,,3.58,,0,1,,0,8.99,76,1018,1,0,clear sky,0
Ust-Kamenogorsk,2026-09-12T00:36:32.527034+00:00,1789173392,517507,"М. Тынышпаев к-сі, 126",50.009261944444,82.564498888889,0,0,61,0,21,,-,pm25,2026-08-26T09:00:00Z,399.6,69,0,Kazzinc,4.97,,328.7,310.9,,333.8,,9.02,4.97,,6.73,,0,0,,0,8.99,76,1018,1,0,clear sky,0
Karaganda,2026-09-12T00:36:32.527034+00:00,1789173392,506290,Майқұдық,49.89696663495,73.21133762598,34,8,,,,,34,pm25,2026-09-12T00:22:58Z,0.2,54,0,,,,,,,,,,,,,,,,,,15.95,65,1015,1.42,315,few clouds,0
Karaganda,2026-09-12T00:36:32.527034+00:00,1789173392,517423,"Мұқанов көшесі,57/3",49.786533888889,73.168150833333,211,113,2,0,2,1,-,pm25,2026-07-02T11:00:00Z,1717.6,44,0,,,,,,,,,,,,,,,,,,15.95,65,1015,1.42,315,few clouds,0
Pavlodar,2026-09-12T00:36:32.527034+00:00,1789173392,520273,  Торайғыров генералы Дүйсенов көшесі,52.294865277778,76.942828333333,59,38,24,2,11,1,59,pm25,2026-09-12T00:00:00Z,0.6,38,0,AluminiumSmelter,7.57,254.6,,,,,7.57,,,,,1,,,,,12.92,71,1014,3,60,clear sky,0
Pavlodar,2026-09-12T00:36:32.527034+00:00,1789173392,537550,"Естай к-сі, 54",52.281193333333,76.946898055556,4,1,0,4,3,1,4,pm25,2026-09-12T00:00:00Z,0.6,31,0,AluminiumSmelter,7.86,243.3,,,,,7.86,,,,,1,,,,,12.92,71,1014,3,60,clear sky,0
Pavlodar,2026-09-12T00:36:32.527034+00:00,1789173392,573904,Каз. Правда  к-сі,52.252530555556,76.974843611111,,,1,6,0,4,4,pm25,2026-09-12T00:00:00Z,0.6,43,0,AluminiumSmelter,8.46,217.3,,,,,8.46,,,,,1,,,,,12.92,71,1014,3,60,clear sky,0
Pavlodar,2026-09-12T00:36:32.527034+00:00,1789173392,573907,Ломов к-сі (ПМУ),52.264703055556,76.9640775,,,,0,0,0,0,pm25,2026-09-12T00:00:00Z,0.6,35,0,AluminiumSmelter,7.95,227.5,,,,,7.95,,,,,1,,,,,12.92,71,1014,3,60,clear sky,0
Pavlodar,2026-09-12T00:36:32.527034+00:00,1789173392,114532,Пед. колледж,52.2789,76.9384,78,27,,,,,-,pm25,2026-08-31T12:48:04Z,275.8,32,0,AluminiumSmelter,8.49,243.5,,,,,8.49,,,,,1,,,,,12.92,71,1014,3,60,clear sky,0
Astana,2026-09-12T00:36:32.527034+00:00,1789173392,10497,"Astana, US Embassy, Kazakhstan (Нұр-Сұлтан, АҚШ елшілігі)",51.125286,71.46722,,,0.9,10.3,1.7,0.1,10,so2,2026-09-12T06:00:00+06:00,0.6,35,2.8,,,,,,,,,,,,,,,,,,17.99,68,1013,4,240,light rain,0
Ust-Kamenogorsk,2026-09-12T04:59:27.084481+00:00,1789189167,517390,"Серікбаев көшесі, 19",49.956986944444,82.592090555556,5,1,1,53,3,9,9,pm25,2026-09-12T04:00:00Z,1.0,41,0,UMZ,1.02,,304.9,214.9,,282.5,,3.31,3.12,,1.02,,1,0,,1,27.99,28,1016,4,120,clear sky,0
Ust-Kamenogorsk,2026-09-12T04:59:27.084481+00:00,1789189167,517402,"Лев Толстой к-сі, 18",49.944817777778,82.653340277778,5,1,,0,3,5,5,pm25,2026-09-12T04:00:00Z,1.0,43,0,CHP,1.76,,72.2,146.4,,108.5,,1.76,4.7,,3.58,,0,0,,0,27.99,28,1016,4,120,clear sky,0
Ust-Kamenogorsk,2026-09-12T04:59:27.084481+00:00,1789189167,517507,"М. Тынышпаев к-сі, 126",50.009261944444,82.564498888889,0,0,61,0,21,,-,pm25,2026-08-26T09:00:00Z,404.0,69,0,Kazzinc,4.97,,328.7,310.9,,333.8,,9.02,4.97,,6.73,,1,1,,1,27.99,28,1016,4,120,clear sky,0
Karaganda,2026-09-12T04:59:27.084481+00:00,1789189167,506290,Майқұдық,49.89696663495,73.21133762598,50,12,,,,,50,pm25,2026-09-12T04:37:49Z,0.4,54,0,,,,,,,,,,,,,,,,,,16.95,56,1015,6.99,217,broken clouds,0
Karaganda,2026-09-12T04:59:27.084481+00:00,1789189167,517423,"Мұқанов көшесі,57/3",49.786533888889,73.168150833333,211,113,5,0,2,1,-,pm25,2026-07-02T11:00:00Z,1722.0,36,18.2,,,,,,,,,,,,,,,,,,16.95,56,1015,6.99,217,broken clouds,0
Pavlodar,2026-09-12T04:59:27.084481+00:00,1789189167,520273,  Торайғыров генералы Дүйсенов көшесі,52.294865277778,76.942828333333,64,49,24,2,24,1,64,pm25,2026-09-12T04:00:00Z,1.0,38,0,AluminiumSmelter,7.57,254.6,,,,,7.57,,,,,1,,,,,28.92,24,1012,4,120,clear sky,0
Pavlodar,2026-09-12T04:59:27.084481+00:00,1789189167,537550,"Естай к-сі, 54",52.281193333333,76.946898055556,4,1,0,4,4,1,4,pm25,2026-09-12T04:00:00Z,1.0,31,0,AluminiumSmelter,7.86,243.3,,,,,7.86,,,,,1,,,,,28.92,24,1012,4,120,clear sky,0
Pavlodar,2026-09-12T04:59:27.084481+00:00,1789189167,573904,Каз. Правда  к-сі,52.252530555556,76.974843611111,,,4,5,0,4,4,pm25,2026-09-12T04:00:00Z,1.0,43,0,AluminiumSmelter,8.46,217.3,,,,,8.46,,,,,0,,,,,28.92,24,1012,4,120,clear sky,0
Pavlodar,2026-09-12T04:59:27.084481+00:00,1789189167,573907,Ломов к-сі (ПМУ),52.264703055556,76.9640775,,,,0,0,0,0,pm25,2026-09-12T04:00:00Z,1.0,29,17.1,AluminiumSmelter,7.95,227.5,,,,,7.95,,,,,0,,,,,28.92,24,1012,4,120,clear sky,0
Pavlodar,2026-09-12T04:59:27.084481+00:00,1789189167,114532,Пед. колледж,52.2789,76.9384,78,27,,,,,-,pm25,2026-08-31T12:48:04Z,280.2,27,18.2,AluminiumSmelter,8.49,243.5,,,,,8.49,,,,,1,,,,,28.92,24,1012,4,120,clear sky,0
Astana,2026-09-12T04:59:27.084481+00:00,1789189167,10497,"Astana, US Embassy, Kazakhstan (Нұр-Сұлтан, АҚШ елшілігі)",51.125286,71.46722,,,4.2,10.6,2.1,0.1,11,so2,2026-09-12T10:00:00+06:00,1.0,32,11.1,,,,,,,,,,,,,,,,,,17.99,59,1014,6,230,overcast clouds,0
Ust-Kamenogorsk,2026-09-12T09:15:05.159023+00:00,1789204505,517390,"Серікбаев көшесі, 19",49.956986944444,82.592090555556,5,1,1,53,2,20,20,pm25,2026-09-12T08:00:00Z,1.3,41,0,UMZ,1.02,,304.9,214.9,,282.5,,3.31,3.12,,1.02,,1,0,,1,33.99,14,1015,6,130,clear sky,0
Ust-Kamenogorsk,2026-09-12T09:15:05.159023+00:00,1789204505,517402,"Лев Толстой к-сі, 18",49.944817777778,82.653340277778,4,1,,0,2,9,9,pm25,2026-09-12T08:00:00Z,1.3,43,0,CHP,1.76,,72.2,146.4,,108.5,,1.76,4.7,,3.58,,0,0,,0,33.99,14,1015,6,130,clear sky,0
Ust-Kamenogorsk,2026-09-12T09:15:05.159023+00:00,1789204505,517507,"М. Тынышпаев к-сі, 126",50.009261944444,82.564498888889,0,0,61,0,21,,-,pm25,2026-08-26T09:00:00Z,408.3,69,0,Kazzinc,4.97,,328.7,310.9,,333.8,,9.02,4.97,,6.73,,1,1,,1,33.99,14,1015,6,130,clear sky,0
Karaganda,2026-09-12T09:15:05.159023+00:00,1789204505,506290,Майқұдық,49.89696663495,73.21133762598,5,2,,,,,5,pm25,2026-09-12T09:09:44Z,0.1,54,0,,,,,,,,,,,,,,,,,,23.95,22,1016,9.07,253,scattered clouds,0
Karaganda,2026-09-12T09:15:05.159023+00:00,1789204505,517423,"Мұқанов көшесі,57/3",49.786533888889,73.168150833333,211,113,1,0,2,1,-,pm25,2026-07-02T11:00:00Z,1726.3,39,15.2,,,,,,,,,,,,,,,,,,23.95,22,1016,9.07,253,scattered clouds,0
Pavlodar,2026-09-12T09:15:05.159023+00:00,1789204505,520273,  Торайғыров генералы Дүйсенов көшесі,52.294865277778,76.942828333333,26,21,24,2,14,1,26,pm25,2026-09-12T08:00:00Z,1.3,38,0,AluminiumSmelter,7.57,254.6,,,,,7.57,,,,,0,,,,,32.92,19,1011,5,230,clear sky,0
Pavlodar,2026-09-12T09:15:05.159023+00:00,1789204505,537550,"Естай к-сі, 54",52.281193333333,76.946898055556,4,1,0,2,4,2,4,pm25,2026-09-12T08:00:00Z,1.3,31,0,AluminiumSmelter,7.86,243.3,,,,,7.86,,,,,0,,,,,32.92,19,1011,5,230,clear sky,0
Pavlodar,2026-09-12T09:15:05.159023+00:00,1789204505,573904,Каз. Правда  к-сі,52.252530555556,76.974843611111,,,10,4,0,4,4,pm25,2026-09-12T08:00:00Z,1.3,43,0,AluminiumSmelter,8.46,217.3,,,,,8.46,,,,,0,,,,,32.92,19,1011,5,230,clear sky,0
Pavlodar,2026-09-12T09:15:05.159023+00:00,1789204505,573907,Ломов к-сі (ПМУ),52.264703055556,76.9640775,,,,1,0,0,0,pm25,2026-09-12T08:00:00Z,1.3,25,28.6,AluminiumSmelter,7.95,227.5,,,,,7.95,,,,,0,,,,,32.92,19,1011,5,230,clear sky,0
Pavlodar,2026-09-12T09:15:05.159023+00:00,1789204505,114532,Пед. колледж,52.2789,76.9384,78,27,,,,,-,pm25,2026-08-31T12:48:04Z,284.5,32,0,AluminiumSmelter,8.49,243.5,,,,,8.49,,,,,0,,,,,32.92,19,1011,5,230,clear sky,0
Astana,2026-09-12T09:15:05.159023+00:00,1789204505,10497,"Astana, US Embassy, Kazakhstan (Нұр-Сұлтан, АҚШ елшілігі)",51.125286,71.46722,,,2.2,10.6,2.1,0.1,11,so2,2026-09-12T14:00:00+06:00,1.3,30,16.7,,,,,,,,,,,,,,,,,,22.99,31,1014,10,210,scattered clouds,0
Ust-Kamenogorsk,2026-09-12T12:51:36.086471+00:00,1789217496,517390,"Серікбаев көшесі, 19",49.956986944444,82.592090555556,5,1,1,53,2,17,17,pm25,2026-09-12T12:00:00Z,0.9,41,0,UMZ,1.02,,304.9,214.9,,282.5,,3.31,3.12,,1.02,,1,0,,1,27.99,24,1016,1,160,clear sky,0
Ust-Kamenogorsk,2026-09-12T12:51:36.086471+00:00,1789217496,517402,"Лев Толстой к-сі, 18",49.944817777778,82.653340277778,4,1,,0,3,7,7,pm25,2026-09-12T12:00:00Z,0.9,43,0,CHP,1.76,,72.2,146.4,,108.5,,1.76,4.7,,3.58,,0,0,,0,27.99,24,1016,1,160,clear sky,0
Ust-Kamenogorsk,2026-09-12T12:51:36.086471+00:00,1789217496,517507,"М. Тынышпаев к-сі, 126",50.009261944444,82.564498888889,0,0,61,0,21,,-,pm25,2026-08-26T09:00:00Z,411.9,69,0,Kazzinc,4.97,,328.7,310.9,,333.8,,9.02,4.97,,6.73,,1,1,,1,27.99,24,1016,1,160,clear sky,0
Karaganda,2026-09-12T12:51:36.086471+00:00,1789217496,506290,Майқұдық,49.89696663495,73.21133762598,9,2,,,,,9,pm25,2026-09-12T12:36:09Z,0.3,54,0,,,,,,,,,,,,,,,,,,21.95,28,1017,7.96,253,clear sky,0
Karaganda,2026-09-12T12:51:36.086471+00:00,1789217496,517423,"Мұқанов көшесі,57/3",49.786533888889,73.168150833333,211,113,2,0,1,1,-,pm25,2026-07-02T11:00:00Z,1729.9,41,8.9,,,,,,,,,,,,,,,,,,21.95,28,1017,7.96,253,clear sky,0
Pavlodar,2026-09-12T12:51:36.086471+00:00,1789217496,520273,  Торайғыров генералы Дүйсенов көшесі,52.294865277778,76.942828333333,29,24,24,2,1,1,29,pm25,2026-09-12T12:00:00Z,0.9,38,0,AluminiumSmelter,7.57,254.6,,,,,7.57,,,,,0,,,,,21.92,56,1015,5,270,overcast clouds,0
Pavlodar,2026-09-12T12:51:36.086471+00:00,1789217496,537550,"Естай к-сі, 54",52.281193333333,76.946898055556,4,1,0,2,3,2,4,pm25,2026-09-12T12:00:00Z,0.9,31,0,AluminiumSmelter,7.86,243.3,,,,,7.86,,,,,0,,,,,21.92,56,1015,5,270,overcast clouds,0
Pavlodar,2026-09-12T12:51:36.086471+00:00,1789217496,573904,Каз. Правда  к-сі,52.252530555556,76.974843611111,,,7,5,0,4,4,pm25,2026-09-12T12:00:00Z,0.9,43,0,AluminiumSmelter,8.46,217.3,,,,,8.46,,,,,0,,,,,21.92,56,1015,5,270,overcast clouds,0
Pavlodar,2026-09-12T12:51:36.086471+00:00,1789217496,573907,Ломов к-сі (ПМУ),52.264703055556,76.9640775,,,,1,0,0,0,pm25,2026-09-12T12:00:00Z,0.9,35,0,AluminiumSmelter,7.95,227.5,,,,,7.95,,,,,0,,,,,21.92,56,1015,5,270,overcast clouds,0
Pavlodar,2026-09-12T12:51:36.086471+00:00,1789217496,114532,Пед. колледж,52.2789,76.9384,78,27,,,,,-,pm25,2026-08-31T12:48:04Z,288.1,32,0,AluminiumSmelter,8.49,243.5,,,,,8.49,,,,,0,,,,,21.92,56,1015,5,270,overcast clouds,0
Astana,2026-09-12T12:51:36.086471+00:00,1789217496,10497,"Astana, US Embassy, Kazakhstan (Нұр-Сұлтан, АҚШ елшілігі)",51.125286,71.46722,,,3.3,10.9,2.1,0.1,11,so2,2026-09-12T18:00:00+06:00,0.9,29,19.4,,,,,,,,,,,,,,,,,,19.99,37,1015,8,230,scattered clouds,0
Ust-Kamenogorsk,2026-09-12T16:15:24.039515+00:00,1789229724,517390,"Серікбаев көшесі, 19",49.956986944444,82.592090555556,5,1,1,53,19,3,3,pm25,2026-09-12T15:00:00Z,1.3,41,0,UMZ,1.02,,304.9,214.9,,282.5,,3.31,3.12,,1.02,,0,1,,0,15.99,48,1017,0,0,clear sky,0
Ust-Kamenogorsk,2026-09-12T16:15:24.039515+00:00,1789229724,517402,"Лев Толстой к-сі, 18",49.944817777778,82.653340277778,5,1,,0,14,1,5,pm25,2026-09-12T15:00:00Z,1.3,43,0,CHP,1.76,,72.2,146.4,,108.5,,1.76,4.7,,3.58,,0,1,,0,15.99,48,1017,0,0,clear sky,0
Ust-Kamenogorsk,2026-09-12T16:15:24.039515+00:00,1789229724,517507,"М. Тынышпаев к-сі, 126",50.009261944444,82.564498888889,0,0,61,0,21,,-,pm25,2026-08-26T09:00:00Z,415.3,69,0,Kazzinc,4.97,,328.7,310.9,,333.8,,9.02,4.97,,6.73,,0,0,,0,15.99,48,1017,0,0,clear sky,0
Karaganda,2026-09-12T16:15:24.039515+00:00,1789229724,506290,Майқұдық,49.89696663495,73.21133762598,17,4,,,,,17,pm25,2026-09-12T16:01:25Z,0.2,54,0,,,,,,,,,,,,,,,,,,12.95,42,1020,4.16,219,clear sky,0
Karaganda,2026-09-12T16:15:24.039515+00:00,1789229724,517423,"Мұқанов көшесі,57/3",49.786533888889,73.168150833333,211,113,7,0,2,1,-,pm25,2026-07-02T11:00:00Z,1733.3,41,6.8,,,,,,,,,,,,,,,,,,12.95,42,1020,4.16,219,clear sky,0
Pavlodar,2026-09-12T16:15:24.039515+00:00,1789229724,520273,  Торайғыров генералы Дүйсенов көшесі,52.294865277778,76.942828333333,26,12,24,2,6,1,26,pm25,2026-09-12T15:00:00Z,1.3,38,0,AluminiumSmelter,7.57,254.6,,,,,7.57,,,,,0,,,,,17.78,67,1016,1.69,242,broken clouds,0
Pavlodar,2026-09-12T16:15:24.039515+00:00,1789229724,537550,"Естай к-сі, 54",52.281193333333,76.946898055556,4,1,0,2,3,1,4,pm25,2026-09-12T15:00:00Z,1.3,31,0,AluminiumSmelter,7.86,243.3,,,,,7.86,,,,,0,,,,,17.78,67,1016,1.69,242,broken clouds,0
Pavlodar,2026-09-12T16:15:24.039515+00:00,1789229724,573904,Каз. Правда  к-сі,52.252530555556,76.974843611111,,,8,6,0,4,4,pm25,2026-09-12T15:00:00Z,1.3,43,0,AluminiumSmelter,8.46,217.3,,,,,8.46,,,,,0,,,,,17.78,67,1016,1.69,242,broken clouds,0
Pavlodar,2026-09-12T16:15:24.039515+00:00,1789229724,573907,Ломов к-сі (ПМУ),52.264703055556,76.9640775,,,,1,1,0,0,pm25,2026-09-12T15:00:00Z,1.3,35,0,AluminiumSmelter,7.95,227.5,,,,,7.95,,,,,0,,,,,17.78,67,1016,1.69,242,broken clouds,0
Pavlodar,2026-09-12T16:15:24.039515+00:00,1789229724,114532,Пед. колледж,52.2789,76.9384,78,27,,,,,-,pm25,2026-08-31T12:48:04Z,291.5,32,0,AluminiumSmelter,8.49,243.5,,,,,8.49,,,,,0,,,,,17.78,67,1016,1.69,242,broken clouds,0
Astana,2026-09-12T16:15:24.039515+00:00,1789229724,10497,"Astana, US Embassy, Kazakhstan (Нұр-Сұлтан, АҚШ елшілігі)",51.125286,71.46722,,,13.3,10.4,4.4,0.1,10,so2,2026-09-12T21:00:00+06:00,1.3,30,16.7,,,,,,,,,,,,,,,,,,15.99,55,1015,5,180,broken clouds,0
Ust-Kamenogorsk,2026-09-12T18:44:10.871890+00:00,1789238650,517390,"Серікбаев көшесі, 19",49.956986944444,82.592090555556,5,1,1,53,6,3,3,pm25,2026-09-12T18:00:00Z,0.7,41,0,UMZ,1.02,,304.9,214.9,,282.5,,3.31,3.12,,1.02,,0,1,,0,13.99,58,1018,0,0,clear sky,0
Ust-Kamenogorsk,2026-09-12T18:44:10.871890+00:00,1789238650,517402,"Лев Толстой к-сі, 18",49.944817777778,82.653340277778,3,1,,0,1,1,3,pm25,2026-09-12T18:00:00Z,0.7,43,0,CHP,1.76,,72.2,146.4,,108.5,,1.76,4.7,,3.58,,0,1,,0,13.99,58,1018,0,0,clear sky,0
Ust-Kamenogorsk,2026-09-12T18:44:10.871890+00:00,1789238650,517507,"М. Тынышпаев к-сі, 126",50.009261944444,82.564498888889,0,0,61,0,21,,-,pm25,2026-08-26T09:00:00Z,417.7,69,0,Kazzinc,4.97,,328.7,310.9,,333.8,,9.02,4.97,,6.73,,0,0,,0,13.99,58,1018,0,0,clear sky,0
Karaganda,2026-09-12T18:44:10.871890+00:00,1789238650,506290,Майқұдық,49.89696663495,73.21133762598,23,5,,,,,23,pm25,2026-09-12T18:37:54Z,0.1,54,0,,,,,,,,,,,,,,,,,,11.95,44,1019,5.24,181,overcast clouds,0
Karaganda,2026-09-12T18:44:10.871890+00:00,1789238650,517423,"Мұқанов көшесі,57/3",49.786533888889,73.168150833333,211,113,4,0,1,1,-,pm25,2026-07-02T11:00:00Z,1735.7,44,2.2,,,,,,,,,,,,,,,,,,11.95,44,1019,5.24,181,overcast clouds,0
Pavlodar,2026-09-12T18:44:10.871890+00:00,1789238650,520273,  Торайғыров генералы Дүйсенов көшесі,52.294865277778,76.942828333333,40,15,24,2,15,1,40,pm25,2026-09-12T18:00:00Z,0.7,38,0,AluminiumSmelter,7.57,254.6,,,,,7.57,,,,,0,,,,,17.33,61,1017,3.56,218,clear sky,0
Pavlodar,2026-09-12T18:44:10.871890+00:00,1789238650,537550,"Естай к-сі, 54",52.281193333333,76.946898055556,4,1,0,2,6,1,4,pm25,2026-09-12T18:00:00Z,0.7,31,0,AluminiumSmelter,7.86,243.3,,,,,7.86,,,,,0,,,,,17.33,61,1017,3.56,218,clear sky,0
Pavlodar,2026-09-12T18:44:10.871890+00:00,1789238650,573904,Каз. Правда  к-сі,52.252530555556,76.974843611111,,,17,4,0,4,4,pm25,2026-09-12T18:00:00Z,0.7,43,0,AluminiumSmelter,8.46,217.3,,,,,8.46,,,,,0,,,,,17.33,61,1017,3.56,218,clear sky,0
Pavlodar,2026-09-12T18:44:10.871890+00:00,1789238650,573907,Ломов к-сі (ПМУ),52.264703055556,76.9640775,,,,0,7,0,0,pm25,2026-09-12T18:00:00Z,0.7,35,0,AluminiumSmelter,7.95,227.5,,,,,7.95,,,,,0,,,,,17.33,61,1017,3.56,218,clear sky,0
Pavlodar,2026-09-12T18:44:10.871890+00:00,1789238650,114532,Пед. колледж,52.2789,76.9384,78,27,,,,,-,pm25,2026-08-31T12:48:04Z,293.9,32,0,AluminiumSmelter,8.49,243.5,,,,,8.49,,,,,0,,,,,17.33,61,1017,3.56,218,clear sky,0
Astana,2026-09-12T18:44:10.871890+00:00,1789238650,10497,"Astana, US Embassy, Kazakhstan (Нұр-Сұлтан, АҚШ елшілігі)",51.125286,71.46722,,,3.4,10.3,2.5,0.1,10,so2,2026-09-13T00:00:00+06:00,0.7,33,8.3,,,,,,,,,,,,,,,,,,14.99,58,1014,6,190,overcast clouds,0
Ust-Kamenogorsk,2026-09-12T20:57:41.269524+00:00,1789246661,517390,"Серікбаев көшесі, 19",49.956986944444,82.592090555556,5,1,1,53,5,4,4,pm25,2026-09-12T20:00:00Z,1.0,41,0,UMZ,1.02,,304.9,214.9,,282.5,,3.31,3.12,,1.02,,0,1,,0,12.99,67,1018,0,0,broken clouds,0
Ust-Kamenogorsk,2026-09-12T20:57:41.269524+00:00,1789246661,517402,"Лев Толстой к-сі, 18",49.944817777778,82.653340277778,7,1,,0,1,1,7,pm25,2026-09-12T20:00:00Z,1.0,43,0,CHP,1.76,,72.2,146.4,,108.5,,1.76,4.7,,3.58,,0,1,,0,12.99,67,1018,0,0,broken clouds,0
Ust-Kamenogorsk,2026-09-12T20:57:41.269524+00:00,1789246661,517507,"М. Тынышпаев к-сі, 126",50.009261944444,82.564498888889,0,0,61,0,21,,-,pm25,2026-08-26T09:00:00Z,420.0,69,0,Kazzinc,4.97,,328.7,310.9,,333.8,,9.02,4.97,,6.73,,0,0,,0,12.99,67,1018,0,0,broken clouds,0
Karaganda,2026-09-12T20:57:41.269524+00:00,1789246661,506290,Майқұдық,49.89696663495,73.21133762598,8,2,,,,,8,pm25,2026-09-12T20:52:40Z,0.1,54,0,,,,,,,,,,,,,,,,,,10.95,47,1018,5.14,189,broken clouds,0
Karaganda,2026-09-12T20:57:41.269524+00:00,1789246661,517423,"Мұқанов көшесі,57/3",49.786533888889,73.168150833333,211,113,4,0,1,1,-,pm25,2026-07-02T11:00:00Z,1738.0,43,2.3,,,,,,,,,,,,,,,,,,10.95,47,1018,5.14,189,broken clouds,0
Pavlodar,2026-09-12T20:57:41.269524+00:00,1789246661,520273,  Торайғыров генералы Дүйсенов көшесі,52.294865277778,76.942828333333,54,28,24,2,34,1,54,pm25,2026-09-12T20:00:00Z,1.0,38,0,AluminiumSmelter,7.57,254.6,,,,,7.57,,,,,0,,,,,16.26,53,1017,3.27,215,scattered clouds,0
Pavlodar,2026-09-12T20:57:41.269524+00:00,1789246661,537550,"Естай к-сі, 54",52.281193333333,76.946898055556,4,1,0,3,9,1,4,pm25,2026-09-12T20:00:00Z,1.0,31,0,AluminiumSmelter,7.86,243.3,,,,,7.86,,,,,0,,,,,16.26,53,1017,3.27,215,scattered clouds,0
Pavlodar,2026-09-12T20:57:41.269524+00:00,1789246661,573904,Каз. Правда  к-сі,52.252530555556,76.974843611111,,,16,4,0,4,4,pm25,2026-09-12T20:00:00Z,1.0,43,0,AluminiumSmelter,8.46,217.3,,,,,8.46,,,,,0,,,,,16.26,53,1017,3.27,215,scattered clouds,0
Pavlodar,2026-09-12T20:57:41.269524+00:00,1789246661,573907,Ломов к-сі (ПМУ),52.264703055556,76.9640775,,,,0,7,0,0,pm25,2026-09-12T20:00:00Z,1.0,35,0,AluminiumSmelter,7.95,227.5,,,,,7.95,,,,,0,,,,,16.26,53,1017,3.27,215,scattered clouds,0
Pavlodar,2026-09-12T20:57:41.269524+00:00,1789246661,114532,Пед. колледж,52.2789,76.9384,78,27,,,,,-,pm25,2026-08-31T12:48:04Z,296.2,32,0,AluminiumSmelter,8.49,243.5,,,,,8.49,,,,,0,,,,,16.26,53,1017,3.27,215,scattered clouds,0
Astana,2026-09-12T20:57:41.269524+00:00,1789246661,10497,"Astana, US Embassy, Kazakhstan (Нұр-Сұлтан, АҚШ елшілігі)",51.125286,71.46722,,,3,10.4,2.3,0.1,10,so2,2026-09-13T01:00:00+06:00,2.0,35,2.8,,,,,,,,,,,,,,,,,,13.99,58,1014,6,180,overcast clouds,0
Ust-Kamenogorsk,2026-09-12T23:01:08.104258+00:00,1789254068,517390,"Серікбаев көшесі, 19",49.956986944444,82.592090555556,5,1,1,53,3,9,9,pm25,2026-09-12T22:00:00Z,1.0,41,0,UMZ,1.02,,304.9,214.9,,282.5,,3.31,3.12,,1.02,,0,0,,0,13.99,72,1019,2,220,scattered clouds,0
Ust-Kamenogorsk,2026-09-12T23:01:08.104258+00:00,1789254068,517402,"Лев Толстой к-сі, 18",49.944817777778,82.653340277778,4,1,,0,1,1,4,pm25,2026-09-12T22:00:00Z,1.0,43,0,CHP,1.76,,72.2,146.4,,108.5,,1.76,4.7,,3.58,,1,0,,0,13.99,72,1019,2,220,scattered clouds,0
Ust-Kamenogorsk,2026-09-12T23:01:08.104258+00:00,1789254068,517507,"М. Тынышпаев к-сі, 126",50.009261944444,82.564498888889,0,0,61,0,21,,-,pm25,2026-08-26T09:00:00Z,422.0,69,0,Kazzinc,4.97,,328.7,310.9,,333.8,,9.02,4.97,,6.73,,0,0,,0,13.99,72,1019,2,220,scattered clouds,0
Karaganda,2026-09-12T23:01:08.104258+00:00,1789254068,506290,Майқұдық,49.89696663495,73.21133762598,8,2,,,,,8,pm25,2026-09-12T22:55:05Z,0.1,54,0,,,,,,,,,,,,,,,,,,10.95,47,1019,5.21,203,broken clouds,0
Karaganda,2026-09-12T23:01:08.104258+00:00,1789254068,517423,"Мұқанов көшесі,57/3",49.786533888889,73.168150833333,211,113,1,0,1,1,-,pm25,2026-07-02T11:00:00Z,1740.0,44,0,,,,,,,,,,,,,,,,,,10.95,47,1019,5.21,203,broken clouds,0
Pavlodar,2026-09-12T23:01:08.104258+00:00,1789254068,520273,  Торайғыров генералы Дүйсенов көшесі,52.294865277778,76.942828333333,65,33,24,2,84,1,65,pm25,2026-09-12T22:00:00Z,1.0,38,0,AluminiumSmelter,7.57,254.6,,,,,7.57,,,,,0,,,,,10.92,87,1017,4,170,few clouds,0
Pavlodar,2026-09-12T23:01:08.104258+00:00,1789254068,537550,"Естай к-сі, 54",52.281193333333,76.946898055556,4,1,0,2,11,1,4,pm25,2026-09-12T22:00:00Z,1.0,31,0,AluminiumSmelter,7.86,243.3,,,,,7.86,,,,,0,,,,,10.92,87,1017,4,170,few clouds,0
Pavlodar,2026-09-12T23:01:08.104258+00:00,1789254068,573904,Каз. Правда  к-сі,52.252530555556,76.974843611111,,,8,4,0,4,4,pm25,2026-09-12T22:00:00Z,1.0,43,0,AluminiumSmelter,8.46,217.3,,,,,8.46,,,,,0,,,,,10.92,87,1017,4,170,few clouds,0
Pavlodar,2026-09-12T23:01:08.104258+00:00,1789254068,573907,Ломов к-сі (ПМУ),52.264703055556,76.9640775,,,,0,4,0,0,pm25,2026-09-12T22:00:00Z,1.0,35,0,AluminiumSmelter,7.95,227.5,,,,,7.95,,,,,0,,,,,10.92,87,1017,4,170,few clouds,0
Pavlodar,2026-09-12T23:01:08.104258+00:00,1789254068,114532,Пед. колледж,52.2789,76.9384,78,27,,,,,-,pm25,2026-08-31T12:48:04Z,298.2,32,0,AluminiumSmelter,8.49,243.5,,,,,8.49,,,,,0,,,,,10.92,87,1017,4,170,few clouds,0
Astana,2026-09-12T23:01:08.104258+00:00,1789254068,10497,"Astana, US Embassy, Kazakhstan (Нұр-Сұлтан, АҚШ елшілігі)",51.125286,71.46722,,,1.6,10.1,1.9,0.1,10,so2,2026-09-13T03:00:00+06:00,2.0,36,0,,,,,,,,,,,,,,,,,,15.99,55,1014,8,210,overcast clouds,0
Ust-Kamenogorsk,2026-09-13T00:56:25.984064+00:00,1789260985,517390,"Серікбаев көшесі, 19",49.956986944444,82.592090555556,5,1,1,53,4,8,8,pm25,2026-09-13T00:00:00Z,0.9,41,0,UMZ,1.02,,304.9,214.9,,282.5,,3.31,3.12,,1.02,,0,1,,0,13.99,67,1020,1,0,overcast clouds,0
Ust-Kamenogorsk,2026-09-13T00:56:25.984064+00:00,1789260985,517402,"Лев Толстой к-сі, 18",49.944817777778,82.653340277778,3,1,,0,0,1,3,pm25,2026-09-13T00:00:00Z,0.9,43,0,CHP,1.76,,72.2,146.4,,108.5,,1.76,4.7,,3.58,,0,1,,0,13.99,67,1020,1,0,overcast clouds,0
Ust-Kamenogorsk,2026-09-13T00:56:25.984064+00:00,1789260985,517507,"М. Тынышпаев к-сі, 126",50.009261944444,82.564498888889,0,0,61,0,21,,-,pm25,2026-08-26T09:00:00Z,423.9,69,0,Kazzinc,4.97,,328.7,310.9,,333.8,,9.02,4.97,,6.73,,0,0,,0,13.99,67,1020,1,0,overcast clouds,0
Karaganda,2026-09-13T00:56:25.984064+00:00,1789260985,506290,Майқұдық,49.89696663495,73.21133762598,14,3,,,,,14,pm25,2026-09-13T00:52:38Z,0.1,54,0,,,,,,,,,,,,,,,,,,10.95,51,1019,4.97,198,clear sky,0
Karaganda,2026-09-13T00:56:25.984064+00:00,1789260985,517423,"Мұқанов көшесі,57/3",49.786533888889,73.168150833333,211,113,1,0,1,1,-,pm25,2026-07-02T11:00:00Z,1741.9,43,2.3,,,,,,,,,,,,,,,,,,10.95,51,1019,4.97,198,clear sky,0
Pavlodar,2026-09-13T00:56:25.984064+00:00,1789260985,520273,  Торайғыров генералы Дүйсенов көшесі,52.294865277778,76.942828333333,57,28,24,2,68,1,57,pm25,2026-09-13T00:00:00Z,0.9,38,0,AluminiumSmelter,7.57,254.6,,,,,7.57,,,,,0,,,,,7.92,93,1017,4,150,clear sky,0
Pavlodar,2026-09-13T00:56:25.984064+00:00,1789260985,537550,"Естай к-сі, 54",52.281193333333,76.946898055556,4,1,0,2,6,1,4,pm25,2026-09-13T00:00:00Z,0.9,31,0,AluminiumSmelter,7.86,243.3,,,,,7.86,,,,,0,,,,,7.92,93,1017,4,150,clear sky,0
Pavlodar,2026-09-13T00:56:25.984064+00:00,1789260985,573904,Каз. Правда  к-сі,52.252530555556,76.974843611111,,,4,4,0,4,4,pm25,2026-09-13T00:00:00Z,0.9,43,0,AluminiumSmelter,8.46,217.3,,,,,8.46,,,,,0,,,,,7.92,93,1017,4,150,clear sky,0
Pavlodar,2026-09-13T00:56:25.984064+00:00,1789260985,573907,Ломов к-сі (ПМУ),52.264703055556,76.9640775,,,,0,0,0,0,pm25,2026-09-13T00:00:00Z,0.9,35,0,AluminiumSmelter,7.95,227.5,,,,,7.95,,,,,0,,,,,7.92,93,1017,4,150,clear sky,0
Pavlodar,2026-09-13T00:56:25.984064+00:00,1789260985,114532,Пед. колледж,52.2789,76.9384,78,27,,,,,-,pm25,2026-08-31T12:48:04Z,300.1,32,0,AluminiumSmelter,8.49,243.5,,,,,8.49,,,,,0,,,,,7.92,93,1017,4,150,clear sky,0
Astana,2026-09-13T00:56:25.984064+00:00,1789260985,10497,"Astana, US Embassy, Kazakhstan (Нұр-Сұлтан, АҚШ елшілігі)",51.125286,71.46722,,,1.6,10.1,1.9,0.1,10,so2,2026-09-13T03:00:00+06:00,3.9,36,0,,,,,,,,,,,,,,,,,,14.99,63,1014,8,210,light rain,0
Ust-Kamenogorsk,2026-09-13T06:04:51.360925+00:00,1789279491,517390,"Серікбаев көшесі, 19",49.956986944444,82.592090555556,5,1,1,53,2,14,14,pm25,2026-09-13T05:00:00Z,1.1,41,0,UMZ,1.02,,304.9,214.9,,282.5,,3.31,3.12,,1.02,,0,0,,0,22.99,40,1019,3,220,broken clouds,0
Ust-Kamenogorsk,2026-09-13T06:04:51.360925+00:00,1789279491,517402,"Лев Толстой к-сі, 18",49.944817777778,82.653340277778,4,1,,0,3,8,8,pm25,2026-09-13T05:00:00Z,1.1,43,0,CHP,1.76,,72.2,146.4,,108.5,,1.76,4.7,,3.58,,1,0,,0,22.99,40,1019,3,220,broken clouds,0
Ust-Kamenogorsk,2026-09-13T06:04:51.360925+00:00,1789279491,517507,"М. Тынышпаев к-сі, 126",50.009261944444,82.564498888889,0,0,61,0,21,,-,pm25,2026-08-26T09:00:00Z,429.1,69,0,Kazzinc,4.97,,328.7,310.9,,333.8,,9.02,4.97,,6.73,,0,0,,0,22.99,40,1019,3,220,broken clouds,0
Karaganda,2026-09-13T06:04:51.360925+00:00,1789279491,506290,Майқұдық,49.89696663495,73.21133762598,37,9,,,,,37,pm25,2026-09-13T05:53:53Z,0.2,54,0,,,,,,,,,,,,,,,,,,21.95,33,1018,9.31,228,broken clouds,0
Karaganda,2026-09-13T06:04:51.360925+00:00,1789279491,517423,"Мұқанов көшесі,57/3",49.786533888889,73.168150833333,211,113,3,1,1,1,-,pm25,2026-07-02T11:00:00Z,1747.1,43,2.3,,,,,,,,,,,,,,,,,,21.95,33,1018,9.31,228,broken clouds,0
Pavlodar,2026-09-13T06:04:51.360925+00:00,1789279491,520273,  Торайғыров генералы Дүйсенов көшесі,52.294865277778,76.942828333333,31,20,24,2,35,1,31,pm25,2026-09-13T05:00:00Z,1.1,38,0,AluminiumSmelter,7.57,254.6,,,,,7.57,,,,,0,,,,,25.92,25,1015,9,220,clear sky,0
Pavlodar,2026-09-13T06:04:51.360925+00:00,1789279491,537550,"Естай к-сі, 54",52.281193333333,76.946898055556,4,1,0,2,4,1,4,pm25,2026-09-13T05:00:00Z,1.1,31,0,AluminiumSmelter,7.86,243.3,,,,,7.86,,,,,0,,,,,25.92,25,1015,9,220,clear sky,0
Pavlodar,2026-09-13T06:04:51.360925+00:00,1789279491,573904,Каз. Правда  к-сі,52.252530555556,76.974843611111,,,6,4,0,4,4,pm25,2026-09-13T05:00:00Z,1.1,43,0,AluminiumSmelter,8.46,217.3,,,,,8.46,,,,,0,,,,,25.92,25,1015,9,220,clear sky,0
Pavlodar,2026-09-13T06:04:51.360925+00:00,1789279491,573907,Ломов к-сі (ПМУ),52.264703055556,76.9640775,,,,0,1,0,0,pm25,2026-09-13T05:00:00Z,1.1,35,0,AluminiumSmelter,7.95,227.5,,,,,7.95,,,,,0,,,,,25.92,25,1015,9,220,clear sky,0
Pavlodar,2026-09-13T06:04:51.360925+00:00,1789279491,114532,Пед. колледж,52.2789,76.9384,78,27,,,,,-,pm25,2026-08-31T12:48:04Z,305.3,32,0,AluminiumSmelter,8.49,243.5,,,,,8.49,,,,,0,,,,,25.92,25,1015,9,220,clear sky,0
Astana,2026-09-13T06:04:51.360925+00:00,1789279491,10497,"Astana, US Embassy, Kazakhstan (Нұр-Сұлтан, АҚШ елшілігі)",51.125286,71.46722,,,2.6,11,2.1,0.1,11,so2,2026-09-13T11:00:00+06:00,1.1,33,8.3,,,,,,,,,,,,,,,,,,17.99,55,1013,8,200,broken clouds,0
Ust-Kamenogorsk,2026-09-13T11:44:28.524365+00:00,1789299868,517390,"Серікбаев көшесі, 19",49.956986944444,82.592090555556,5,1,1,53,3,20,20,pm25,2026-09-13T11:00:00Z,0.7,41,0,UMZ,1.02,,304.9,214.9,,282.5,,3.31,3.12,,1.02,,0,0,,0,26.99,34,1016,5,310,scattered clouds,0
Ust-Kamenogorsk,2026-09-13T11:44:28.524365+00:00,1789299868,517402,"Лев Толстой к-сі, 18",49.944817777778,82.653340277778,2,0,,0,3,9,9,pm25,2026-09-13T11:00:00Z,0.7,43,0,CHP,1.76,,72.2,146.4,,108.5,,1.76,4.7,,3.58,,1,1,,1,26.99,34,1016,5,310,scattered clouds,0
Ust-Kamenogorsk,2026-09-13T11:44:28.524365+00:00,1789299868,517507,"М. Тынышпаев к-сі, 126",50.009261944444,82.564498888889,0,0,61,0,21,,-,pm25,2026-08-26T09:00:00Z,434.7,69,0,Kazzinc,4.97,,328.7,310.9,,333.8,,9.02,4.97,,6.73,,0,0,,0,26.99,34,1016,5,310,scattered clouds,0
Karaganda,2026-09-13T11:44:28.524365+00:00,1789299868,506290,Майқұдық,49.89696663495,73.21133762598,33,8,,,,,33,pm25,2026-09-13T11:32:10Z,0.2,54,0,,,,,,,,,,,,,,,,,,23.95,35,1016,8.68,243,overcast clouds,0
Karaganda,2026-09-13T11:44:28.524365+00:00,1789299868,517423,"Мұқанов көшесі,57/3",49.786533888889,73.168150833333,211,113,1,0,1,1,-,pm25,2026-07-02T11:00:00Z,1752.7,41,10.9,,,,,,,,,,,,,,,,,,23.95,35,1016,8.68,243,overcast clouds,0
Pavlodar,2026-09-13T11:44:28.524365+00:00,1789299868,520273,  Торайғыров генералы Дүйсенов көшесі,52.294865277778,76.942828333333,19,9,24,2,0,1,19,pm25,2026-09-13T11:00:00Z,0.7,29,23.7,AluminiumSmelter,7.57,254.6,,,,,7.57,,,,,0,,,,,26.92,24,1014,5,230,broken clouds,0
Pavlodar,2026-09-13T11:44:28.524365+00:00,1789299868,537550,"Естай к-сі, 54",52.281193333333,76.946898055556,4,1,0,2,3,2,4,pm25,2026-09-13T11:00:00Z,0.7,31,0,AluminiumSmelter,7.86,243.3,,,,,7.86,,,,,0,,,,,26.92,24,1014,5,230,broken clouds,0
Pavlodar,2026-09-13T11:44:28.524365+00:00,1789299868,573904,Каз. Правда  к-сі,52.252530555556,76.974843611111,,,3,5,0,4,4,pm25,2026-09-13T11:00:00Z,0.7,43,0,AluminiumSmelter,8.46,217.3,,,,,8.46,,,,,0,,,,,26.92,24,1014,5,230,broken clouds,0
Pavlodar,2026-09-13T11:44:28.524365+00:00,1789299868,573907,Ломов к-сі (ПМУ),52.264703055556,76.9640775,,,,1,0,0,0,pm25,2026-09-13T11:00:00Z,0.7,35,0,AluminiumSmelter,7.95,227.5,,,,,7.95,,,,,0,,,,,26.92,24,1014,5,230,broken clouds,0
Pavlodar,2026-09-13T11:44:28.524365+00:00,1789299868,114532,Пед. колледж,52.2789,76.9384,78,27,,,,,-,pm25,2026-08-31T12:48:04Z,310.9,32,0,AluminiumSmelter,8.49,243.5,,,,,8.49,,,,,0,,,,,26.92,24,1014,5,230,broken clouds,0
Astana,2026-09-13T11:44:28.524365+00:00,1789299868,10497,"Astana, US Embassy, Kazakhstan (Нұр-Сұлтан, АҚШ елшілігі)",51.125286,71.46722,,,4,10.5,2.4,0.1,11,so2,2026-09-13T17:00:00+06:00,0.7,31,16.2,,,,,,,,,,,,,,,,,,18.99,45,1013,9,250,overcast clouds,0
Ust-Kamenogorsk,2026-09-13T15:03:20.291066+00:00,1789311800,517390,"Серікбаев көшесі, 19",49.956986944444,82.592090555556,5,1,1,53,7,8,8,pm25,2026-09-13T14:00:00Z,1.1,41,0,UMZ,1.02,,304.9,214.9,,282.5,,3.31,3.12,,1.02,,1,1,,1,18.99,52,1018,1,90,scattered clouds,0
Ust-Kamenogorsk,2026-09-13T15:03:20.291066+00:00,1789311800,517402,"Лев Толстой к-сі, 18",49.944817777778,82.653340277778,5,1,,0,8,2,5,pm25,2026-09-13T14:00:00Z,1.1,43,0,CHP,1.76,,72.2,146.4,,108.5,,1.76,4.7,,3.58,,0,0,,0,18.99,52,1018,1,90,scattered clouds,0
Ust-Kamenogorsk,2026-09-13T15:03:20.291066+00:00,1789311800,517507,"М. Тынышпаев к-сі, 126",50.009261944444,82.564498888889,0,0,61,0,21,,-,pm25,2026-08-26T09:00:00Z,438.1,69,0,Kazzinc,4.97,,328.7,310.9,,333.8,,9.02,4.97,,6.73,,1,1,,0,18.99,52,1018,1,90,scattered clouds,0
Karaganda,2026-09-13T15:03:20.291066+00:00,1789311800,506290,Майқұдық,49.89696663495,73.21133762598,48,12,,,,,48,pm25,2026-09-13T14:56:07Z,0.1,54,0,,,,,,,,,,,,,,,,,,20.95,38,1016,5.07,260,overcast clouds,0
Karaganda,2026-09-13T15:03:20.291066+00:00,1789311800,517423,"Мұқанов көшесі,57/3",49.786533888889,73.168150833333,211,113,3,0,2,1,-,pm25,2026-07-02T11:00:00Z,1756.1,45,0,,,,,,,,,,,,,,,,,,20.95,38,1016,5.07,260,overcast clouds,0
Pavlodar,2026-09-13T15:03:20.291066+00:00,1789311800,520273,  Торайғыров генералы Дүйсенов көшесі,52.294865277778,76.942828333333,27,19,24,2,0,1,27,pm25,2026-09-13T14:00:00Z,1.1,38,0,AluminiumSmelter,7.57,254.6,,,,,7.57,,,,,0,,,,,18.92,45,1013,4,150,overcast clouds,0
Pavlodar,2026-09-13T15:03:20.291066+00:00,1789311800,537550,"Естай к-сі, 54",52.281193333333,76.946898055556,4,1,0,2,5,1,4,pm25,2026-09-13T14:00:00Z,1.1,31,0,AluminiumSmelter,7.86,243.3,,,,,7.86,,,,,0,,,,,18.92,45,1013,4,150,overcast clouds,0
Pavlodar,2026-09-13T15:03:20.291066+00:00,1789311800,573904,Каз. Правда  к-сі,52.252530555556,76.974843611111,,,24,10,0,4,4,pm25,2026-09-13T14:00:00Z,1.1,43,0,AluminiumSmelter,8.46,217.3,,,,,8.46,,,,,0,,,,,18.92,45,1013,4,150,overcast clouds,0
Pavlodar,2026-09-13T15:03:20.291066+00:00,1789311800,573907,Ломов к-сі (ПМУ),52.264703055556,76.9640775,,,,0,2,0,0,pm25,2026-09-13T14:00:00Z,1.1,35,0,AluminiumSmelter,7.95,227.5,,,,,7.95,,,,,0,,,,,18.92,45,1013,4,150,overcast clouds,0
Pavlodar,2026-09-13T15:03:20.291066+00:00,1789311800,114532,Пед. колледж,52.2789,76.9384,78,27,,,,,-,pm25,2026-08-31T12:48:04Z,314.3,32,0,AluminiumSmelter,8.49,243.5,,,,,8.49,,,,,0,,,,,18.92,45,1013,4,150,overcast clouds,0
Astana,2026-09-13T15:03:20.291066+00:00,1789311800,10497,"Astana, US Embassy, Kazakhstan (Нұр-Сұлтан, АҚШ елшілігі)",51.125286,71.46722,,,5.6,10.6,2.9,0.1,11,so2,2026-09-13T20:00:00+06:00,1.1,32,11.1,,,,,,,,,,,,,,,,,,15.99,55,1014,5,240,broken clouds,0
Ust-Kamenogorsk,2026-09-13T18:08:56.519131+00:00,1789322936,517390,"Серікбаев көшесі, 19",49.956986944444,82.592090555556,5,1,1,53,7,4,4,pm25,2026-09-13T17:00:00Z,1.1,41,0,UMZ,1.02,,304.9,214.9,,282.5,,3.31,3.12,,1.02,,1,0,,1,13.99,67,1017,1,140,broken clouds,0
Ust-Kamenogorsk,2026-09-13T18:08:56.519131+00:00,1789322936,517402,"Лев Толстой к-сі, 18",49.944817777778,82.653340277778,10,2,,0,1,1,10,pm25,2026-09-13T17:00:00Z,1.1,43,0,CHP,1.76,,72.2,146.4,,108.5,,1.76,4.7,,3.58,,0,0,,0,13.99,67,1017,1,140,broken clouds,0
Ust-Kamenogorsk,2026-09-13T18:08:56.519131+00:00,1789322936,517507,"М. Тынышпаев к-сі, 126",50.009261944444,82.564498888889,0,0,61,0,21,,-,pm25,2026-08-26T09:00:00Z,441.1,69,0,Kazzinc,4.97,,328.7,310.9,,333.8,,9.02,4.97,,6.73,,1,1,,1,13.99,67,1017,1,140,broken clouds,0
Karaganda,2026-09-13T18:08:56.519131+00:00,1789322936,506290,Майқұдық,49.89696663495,73.21133762598,29,6,,,,,29,pm25,2026-09-13T18:03:52Z,0.1,54,0,,,,,,,,,,,,,,,,,,15.95,44,1017,3.63,256,overcast clouds,0
Karaganda,2026-09-13T18:08:56.519131+00:00,1789322936,517423,"Мұқанов көшесі,57/3",49.786533888889,73.168150833333,211,113,5,0,3,1,-,pm25,2026-07-02T11:00:00Z,1759.1,45,0,,,,,,,,,,,,,,,,,,15.95,44,1017,3.63,256,overcast clouds,0
Pavlodar,2026-09-13T18:08:56.519131+00:00,1789322936,520273,  Торайғыров генералы Дүйсенов көшесі,52.294865277778,76.942828333333,57,30,24,2,28,1,57,pm25,2026-09-13T17:00:00Z,1.1,38,0,AluminiumSmelter,7.57,254.6,,,,,7.57,,,,,0,,,,,20.6,39,1012,5.2,218,overcast clouds,0
Pavlodar,2026-09-13T18:08:56.519131+00:00,1789322936,537550,"Естай к-сі, 54",52.281193333333,76.946898055556,4,1,0,2,8,1,4,pm25,2026-09-13T17:00:00Z,1.1,31,0,AluminiumSmelter,7.86,243.3,,,,,7.86,,,,,0,,,,,20.6,39,1012,5.2,218,overcast clouds,0
Pavlodar,2026-09-13T18:08:56.519131+00:00,1789322936,573904,Каз. Правда  к-сі,52.252530555556,76.974843611111,,,23,7,0,4,4,pm25,2026-09-13T17:00:00Z,1.1,43,0,AluminiumSmelter,8.46,217.3,,,,,8.46,,,,,0,,,,,20.6,39,1012,5.2,218,overcast clouds,0
Pavlodar,2026-09-13T18:08:56.519131+00:00,1789322936,573907,Ломов к-сі (ПМУ),52.264703055556,76.9640775,,,,0,5,0,0,pm25,2026-09-13T17:00:00Z,1.1,35,0,AluminiumSmelter,7.95,227.5,,,,,7.95,,,,,0,,,,,20.6,39,1012,5.2,218,overcast clouds,0
Pavlodar,2026-09-13T18:08:56.519131+00:00,1789322936,114532,Пед. колледж,52.2789,76.9384,78,27,,,,,-,pm25,2026-08-31T12:48:04Z,317.3,32,0,AluminiumSmelter,8.49,243.5,,,,,8.49,,,,,0,,,,,20.6,39,1012,5.2,218,overcast clouds,0
Astana,2026-09-13T18:08:56.519131+00:00,1789322936,10497,"Astana, US Embassy, Kazakhstan (Нұр-Сұлтан, АҚШ елшілігі)",51.125286,71.46722,,,5.3,10.8,2.8,0.1,11,so2,2026-09-14T00:00:00+06:00,0.1,32,11.1,,,,,,,,,,,,,,,,,,11.99,71,1015,5,230,broken clouds,0
Ust-Kamenogorsk,2026-09-13T20:44:30.270852+00:00,1789332270,517390,"Серікбаев көшесі, 19",49.956986944444,82.592090555556,5,1,1,53,3,10,10,pm25,2026-09-13T20:00:00Z,0.7,41,0,UMZ,1.02,,304.9,214.9,,282.5,,3.31,3.12,,1.02,,0,1,,0,12.99,76,1016,1,0,overcast clouds,0
Ust-Kamenogorsk,2026-09-13T20:44:30.270852+00:00,1789332270,517402,"Лев Толстой к-сі, 18",49.944817777778,82.653340277778,4,1,,0,1,1,4,pm25,2026-09-13T20:00:00Z,0.7,43,0,CHP,1.76,,72.2,146.4,,108.5,,1.76,4.7,,3.58,,0,1,,0,12.99,76,1016,1,0,overcast clouds,0
Ust-Kamenogorsk,2026-09-13T20:44:30.270852+00:00,1789332270,517507,"М. Тынышпаев к-сі, 126",50.009261944444,82.564498888889,0,0,61,0,21,,-,pm25,2026-08-26T09:00:00Z,443.7,69,0,Kazzinc,4.97,,328.7,310.9,,333.8,,9.02,4.97,,6.73,,0,0,,0,12.99,76,1016,1,0,overcast clouds,0
Karaganda,2026-09-13T20:44:30.270852+00:00,1789332270,506290,Майқұдық,49.89696663495,73.21133762598,25,7,,,,,25,pm25,2026-09-13T20:38:04Z,0.1,54,0,,,,,,,,,,,,,,,,,,10.95,56,1017,3.94,239,broken clouds,0
Karaganda,2026-09-13T20:44:30.270852+00:00,1789332270,517423,"Мұқанов көшесі,57/3",49.786533888889,73.168150833333,211,113,3,0,2,1,-,pm25,2026-07-02T11:00:00Z,1761.7,45,0,,,,,,,,,,,,,,,,,,10.95,56,1017,3.94,239,broken clouds,0
Pavlodar,2026-09-13T20:44:30.270852+00:00,1789332270,520273,  Торайғыров генералы Дүйсенов көшесі,52.294865277778,76.942828333333,25,17,24,2,0,1,25,pm25,2026-09-13T20:00:00Z,0.7,38,0,AluminiumSmelter,7.57,254.6,,,,,7.57,,,,,0,,,,,16.63,45,1012,5.13,245,broken clouds,0
Pavlodar,2026-09-13T20:44:30.270852+00:00,1789332270,537550,"Естай к-сі, 54",52.281193333333,76.946898055556,4,1,0,2,4,1,4,pm25,2026-09-13T20:00:00Z,0.7,31,0,AluminiumSmelter,7.86,243.3,,,,,7.86,,,,,0,,,,,16.63,45,1012,5.13,245,broken clouds,0
Pavlodar,2026-09-13T20:44:30.270852+00:00,1789332270,573904,Каз. Правда  к-сі,52.252530555556,76.974843611111,,,2,4,0,4,4,pm25,2026-09-13T20:00:00Z,0.7,43,0,AluminiumSmelter,8.46,217.3,,,,,8.46,,,,,0,,,,,16.63,45,1012,5.13,245,broken clouds,0
Pavlodar,2026-09-13T20:44:30.270852+00:00,1789332270,573907,Ломов к-сі (ПМУ),52.264703055556,76.9640775,,,,0,0,0,0,pm25,2026-09-13T20:00:00Z,0.7,35,0,AluminiumSmelter,7.95,227.5,,,,,7.95,,,,,0,,,,,16.63,45,1012,5.13,245,broken clouds,0
Pavlodar,2026-09-13T20:44:30.270852+00:00,1789332270,114532,Пед. колледж,52.2789,76.9384,78,27,,,,,-,pm25,2026-08-31T12:48:04Z,319.9,32,0,AluminiumSmelter,8.49,243.5,,,,,8.49,,,,,0,,,,,16.63,45,1012,5.13,245,broken clouds,0
Astana,2026-09-13T20:44:30.270852+00:00,1789332270,10497,"Astana, US Embassy, Kazakhstan (Нұр-Сұлтан, АҚШ елшілігі)",51.125286,71.46722,,,3,11,2.2,0.1,11,so2,2026-09-14T02:00:00+06:00,0.7,36,0,,,,,,,,,,,,,,,,,,11.99,76,1014,7,230,scattered clouds,0
Ust-Kamenogorsk,2026-09-13T22:37:44.446665+00:00,1789339064,517390,"Серікбаев көшесі, 19",49.956986944444,82.592090555556,5,1,1,53,2,12,12,pm25,2026-09-13T22:00:00Z,0.6,41,0,UMZ,1.02,,304.9,214.9,,282.5,,3.31,3.12,,1.02,,0,0,,0,9.99,87,1016,2,260,overcast clouds,0
Ust-Kamenogorsk,2026-09-13T22:37:44.446665+00:00,1789339064,517402,"Лев Толстой к-сі, 18",49.944817777778,82.653340277778,3,1,,0,0,1,3,pm25,2026-09-13T22:00:00Z,0.6,43,0,CHP,1.76,,72.2,146.4,,108.5,,1.76,4.7,,3.58,,1,0,,1,9.99,87,1016,2,260,overcast clouds,0
Ust-Kamenogorsk,2026-09-13T22:37:44.446665+00:00,1789339064,517507,"М. Тынышпаев к-сі, 126",50.009261944444,82.564498888889,0,0,61,0,21,,-,pm25,2026-08-26T09:00:00Z,445.6,69,0,Kazzinc,4.97,,328.7,310.9,,333.8,,9.02,4.97,,6.73,,0,0,,0,9.99,87,1016,2,260,overcast clouds,0
Karaganda,2026-09-13T22:37:44.446665+00:00,1789339064,506290,Майқұдық,49.89696663495,73.21133762598,33,8,,,,,33,pm25,2026-09-13T22:33:09Z,0.1,54,0,,,,,,,,,,,,,,,,,,10.95,59,1017,4.08,248,scattered clouds,0
Karaganda,2026-09-13T22:37:44.446665+00:00,1789339064,517423,"Мұқанов көшесі,57/3",49.786533888889,73.168150833333,211,113,1,0,2,1,-,pm25,2026-07-02T11:00:00Z,1763.6,45,0,,,,,,,,,,,,,,,,,,10.95,59,1017,4.08,248,scattered clouds,0
Pavlodar,2026-09-13T22:37:44.446665+00:00,1789339064,520273,  Торайғыров генералы Дүйсенов көшесі,52.294865277778,76.942828333333,24,12,24,2,0,1,24,pm25,2026-09-13T22:00:00Z,0.6,38,0,AluminiumSmelter,7.57,254.6,,,,,7.57,,,,,0,,,,,14.92,63,1013,4,260,broken clouds,0
Pavlodar,2026-09-13T22:37:44.446665+00:00,1789339064,537550,"Естай к-сі, 54",52.281193333333,76.946898055556,4,1,0,1,3,2,4,pm25,2026-09-13T22:00:00Z,0.6,31,0,AluminiumSmelter,7.86,243.3,,,,,7.86,,,,,0,,,,,14.92,63,1013,4,260,broken clouds,0
Pavlodar,2026-09-13T22:37:44.446665+00:00,1789339064,573904,Каз. Правда  к-сі,52.252530555556,76.974843611111,,,2,4,0,4,4,pm25,2026-09-13T22:00:00Z,0.6,43,0,AluminiumSmelter,8.46,217.3,,,,,8.46,,,,,0,,,,,14.92,63,1013,4,260,broken clouds,0
Pavlodar,2026-09-13T22:37:44.446665+00:00,1789339064,573907,Ломов к-сі (ПМУ),52.264703055556,76.9640775,,,,1,0,0,0,pm25,2026-09-13T22:00:00Z,0.6,35,0,AluminiumSmelter,7.95,227.5,,,,,7.95,,,,,0,,,,,14.92,63,1013,4,260,broken clouds,0
Pavlodar,2026-09-13T22:37:44.446665+00:00,1789339064,114532,Пед. колледж,52.2789,76.9384,78,27,,,,,-,pm25,2026-08-31T12:48:04Z,321.8,32,0,AluminiumSmelter,8.49,243.5,,,,,8.49,,,,,0,,,,,14.92,63,1013,4,260,broken clouds,0
Astana,2026-09-13T22:37:44.446665+00:00,1789339064,10497,"Astana, US Embassy, Kazakhstan (Нұр-Сұлтан, АҚШ елшілігі)",51.125286,71.46722,,,1.1,10.8,1.8,0.1,11,so2,2026-09-14T04:00:00+06:00,0.6,36,0,,,,,,,,,,,,,,,,,,9.99,81,1015,5,220,few clouds,0
Ust-Kamenogorsk,2026-09-14T00:24:32.966115+00:00,1789345472,517390,"Серікбаев көшесі, 19",49.956986944444,82.592090555556,5,1,1,53,3,6,6,pm25,2026-09-14T00:00:00Z,0.4,41,0,UMZ,1.02,,304.9,214.9,,282.5,,3.31,3.12,,1.02,,1,1,,1,9.99,87,1016,2,90,overcast clouds,0
Ust-Kamenogorsk,2026-09-14T00:24:32.966115+00:00,1789345472,517402,"Лев Толстой к-сі, 18",49.944817777778,82.653340277778,9,2,,0,0,1,9,pm25,2026-09-14T00:00:00Z,0.4,43,0,CHP,1.76,,72.2,146.4,,108.5,,1.76,4.7,,3.58,,0,0,,0,9.99,87,1016,2,90,overcast clouds,0
Ust-Kamenogorsk,2026-09-14T00:24:32.966115+00:00,1789345472,517507,"М. Тынышпаев к-сі, 126",50.009261944444,82.564498888889,0,0,61,0,21,,-,pm25,2026-08-26T09:00:00Z,447.4,69,0,Kazzinc,4.97,,328.7,310.9,,333.8,,9.02,4.97,,6.73,,1,1,,0,9.99,87,1016,2,90,overcast clouds,0
Karaganda,2026-09-14T00:24:32.966115+00:00,1789345472,506290,Майқұдық,49.89696663495,73.21133762598,23,5,,,,,23,pm25,2026-09-14T00:18:21Z,0.1,54,0,,,,,,,,,,,,,,,,,,7.95,65,1018,4.05,245,scattered clouds,0
Karaganda,2026-09-14T00:24:32.966115+00:00,1789345472,517423,"Мұқанов көшесі,57/3",49.786533888889,73.168150833333,211,113,1,0,1,1,-,pm25,2026-07-02T11:00:00Z,1765.4,45,0,,,,,,,,,,,,,,,,,,7.95,65,1018,4.05,245,scattered clouds,0
Pavlodar,2026-09-14T00:24:32.966115+00:00,1789345472,520273,  Торайғыров генералы Дүйсенов көшесі,52.294865277778,76.942828333333,22,9,24,2,0,1,22,pm25,2026-09-14T00:00:00Z,0.4,38,0,AluminiumSmelter,7.57,254.6,,,,,7.57,,,,,0,,,,,13.92,67,1013,5,250,overcast clouds,0
Pavlodar,2026-09-14T00:24:32.966115+00:00,1789345472,537550,"Естай к-сі, 54",52.281193333333,76.946898055556,4,1,0,1,2,1,4,pm25,2026-09-14T00:00:00Z,0.4,31,0,AluminiumSmelter,7.86,243.3,,,,,7.86,,,,,0,,,,,13.92,67,1013,5,250,overcast clouds,0
Pavlodar,2026-09-14T00:24:32.966115+00:00,1789345472,573904,Каз. Правда  к-сі,52.252530555556,76.974843611111,,,0,4,0,4,4,pm25,2026-09-14T00:00:00Z,0.4,43,0,AluminiumSmelter,8.46,217.3,,,,,8.46,,,,,0,,,,,13.92,67,1013,5,250,overcast clouds,0
Pavlodar,2026-09-14T00:24:32.966115+00:00,1789345472,573907,Ломов к-сі (ПМУ),52.264703055556,76.9640775,,,,1,0,0,0,pm25,2026-09-14T00:00:00Z,0.4,35,0,AluminiumSmelter,7.95,227.5,,,,,7.95,,,,,0,,,,,13.92,67,1013,5,250,overcast clouds,0
Pavlodar,2026-09-14T00:24:32.966115+00:00,1789345472,114532,Пед. колледж,52.2789,76.9384,78,27,,,,,-,pm25,2026-08-31T12:48:04Z,323.6,32,0,AluminiumSmelter,8.49,243.5,,,,,8.49,,,,,0,,,,,13.92,67,1013,5,250,overcast clouds,0
Astana,2026-09-14T00:24:32.966115+00:00,1789345472,10497,"Astana, US Embassy, Kazakhstan (Нұр-Сұлтан, АҚШ елшілігі)",51.125286,71.46722,,,0.7,10.8,1.7,0.1,11,so2,2026-09-14T06:00:00+06:00,0.4,35,2.8,,,,,,,,,,,,,,,,,,8.99,81,1015,5,220,few clouds,0
Ust-Kamenogorsk,2026-09-14T05:25:02.661619+00:00,1789363502,517390,"Серікбаев көшесі, 19",49.956986944444,82.592090555556,5,1,1,53,4,10,10,pm25,2026-09-14T05:00:00Z,0.4,41,0,UMZ,1.02,,304.9,214.9,,282.5,,3.31,3.12,,1.02,,0,0,,0,22.99,35,1016,2,250,overcast clouds,0
Ust-Kamenogorsk,2026-09-14T05:25:02.661619+00:00,1789363502,517402,"Лев Толстой к-сі, 18",49.944817777778,82.653340277778,4,1,,0,3,8,8,pm25,2026-09-14T05:00:00Z,0.4,38,11.6,CHP,1.76,,72.2,146.4,,108.5,,1.76,4.7,,3.58,,1,0,,1,22.99,35,1016,2,250,overcast clouds,0
Ust-Kamenogorsk,2026-09-14T05:25:02.661619+00:00,1789363502,517507,"М. Тынышпаев к-сі, 126",50.009261944444,82.564498888889,0,0,61,0,21,,-,pm25,2026-08-26T09:00:00Z,452.4,69,0,Kazzinc,4.97,,328.7,310.9,,333.8,,9.02,4.97,,6.73,,0,0,,0,22.99,35,1016,2,250,overcast clouds,0
Karaganda,2026-09-14T05:25:02.661619+00:00,1789363502,506290,Майқұдық,49.89696663495,73.21133762598,19,4,,,,,19,pm25,2026-09-14T05:17:36Z,0.1,54,0,,,,,,,,,,,,,,,,,,17.95,38,1017,7.52,254,scattered clouds,0
Karaganda,2026-09-14T05:25:02.661619+00:00,1789363502,517423,"Мұқанов көшесі,57/3",49.786533888889,73.168150833333,211,113,3,0,1,1,-,pm25,2026-07-02T11:00:00Z,1770.4,35,20.5,,,,,,,,,,,,,,,,,,17.95,38,1017,7.52,254,scattered clouds,0
Pavlodar,2026-09-14T05:25:02.661619+00:00,1789363502,520273,  Торайғыров генералы Дүйсенов көшесі,52.294865277778,76.942828333333,22,15,24,2,0,1,22,pm25,2026-09-14T05:00:00Z,0.4,31,20.5,AluminiumSmelter,7.57,254.6,,,,,7.57,,,,,0,,,,,19.92,37,1013,9,250,clear sky,0
Pavlodar,2026-09-14T05:25:02.661619+00:00,1789363502,537550,"Естай к-сі, 54",52.281193333333,76.946898055556,4,1,0,1,3,2,4,pm25,2026-09-14T05:00:00Z,0.4,31,0,AluminiumSmelter,7.86,243.3,,,,,7.86,,,,,0,,,,,19.92,37,1013,9,250,clear sky,0
Pavlodar,2026-09-14T05:25:02.661619+00:00,1789363502,573904,Каз. Правда  к-сі,52.252530555556,76.974843611111,,,5,4,0,4,4,pm25,2026-09-14T05:00:00Z,0.4,35,18.6,AluminiumSmelter,8.46,217.3,,,,,8.46,,,,,0,,,,,19.92,37,1013,9,250,clear sky,0
Pavlodar,2026-09-14T05:25:02.661619+00:00,1789363502,573907,Ломов к-сі (ПМУ),52.264703055556,76.9640775,,,,0,1,0,0,pm25,2026-09-14T05:00:00Z,0.4,25,28.6,AluminiumSmelter,7.95,227.5,,,,,7.95,,,,,0,,,,,19.92,37,1013,9,250,clear sky,0
Pavlodar,2026-09-14T05:25:02.661619+00:00,1789363502,114532,Пед. колледж,52.2789,76.9384,78,27,,,,,-,pm25,2026-08-31T12:48:04Z,328.6,32,0,AluminiumSmelter,8.49,243.5,,,,,8.49,,,,,0,,,,,19.92,37,1013,9,250,clear sky,0
Astana,2026-09-14T05:25:02.661619+00:00,1789363502,10497,"Astana, US Embassy, Kazakhstan (Нұр-Сұлтан, АҚШ елшілігі)",51.125286,71.46722,,,3.3,11,2.3,0.1,11,so2,2026-09-14T11:00:00+06:00,0.4,32,11.1,,,,,,,,,,,,,,,,,,15.99,51,1015,9,250,broken clouds,0
Ust-Kamenogorsk,2026-09-14T10:57:35.428015+00:00,1789383455,517390,"Серікбаев көшесі, 19",49.956986944444,82.592090555556,5,1,1,53,2,17,17,pm25,2026-09-14T10:00:00Z,1.0,41,0,UMZ,1.02,,304.9,214.9,,282.5,,3.31,3.12,,1.02,,0,0,,0,29.99,19,1011,6,260,clear sky,0
Ust-Kamenogorsk,2026-09-14T10:57:35.428015+00:00,1789383455,517402,"Лев Толстой к-сі, 18",49.944817777778,82.653340277778,3,1,,0,3,8,8,pm25,2026-09-14T10:00:00Z,1.0,43,0,CHP,1.76,,72.2,146.4,,108.5,,1.76,4.7,,3.58,,1,0,,1,29.99,19,1011,6,260,clear sky,0
Ust-Kamenogorsk,2026-09-14T10:57:35.428015+00:00,1789383455,517507,"М. Тынышпаев к-сі, 126",50.009261944444,82.564498888889,0,0,61,0,21,,-,pm25,2026-08-26T09:00:00Z,458.0,69,0,Kazzinc,4.97,,328.7,310.9,,333.8,,9.02,4.97,,6.73,,0,0,,0,29.99,19,1011,6,260,clear sky,0
Karaganda,2026-09-14T10:57:35.428015+00:00,1789383455,506290,Майқұдық,49.89696663495,73.21133762598,13,3,,,,,13,pm25,2026-09-14T10:51:49Z,0.1,54,0,,,,,,,,,,,,,,,,,,21.95,29,1015,9.51,272,broken clouds,0
Karaganda,2026-09-14T10:57:35.428015+00:00,1789383455,517423,"Мұқанов көшесі,57/3",49.786533888889,73.168150833333,211,113,3,0,0,1,-,pm25,2026-07-02T11:00:00Z,1776.0,36,21.7,,,,,,,,,,,,,,,,,,21.95,29,1015,9.51,272,broken clouds,0
Pavlodar,2026-09-14T10:57:35.428015+00:00,1789383455,520273,  Торайғыров генералы Дүйсенов көшесі,52.294865277778,76.942828333333,25,19,24,2,0,0,25,pm25,2026-09-14T10:00:00Z,1.0,29,23.7,AluminiumSmelter,7.57,254.6,,,,,7.57,,,,,0,,,,,21.92,30,1011,7,270,overcast clouds,0
Pavlodar,2026-09-14T10:57:35.428015+00:00,1789383455,537550,"Естай к-сі, 54",52.281193333333,76.946898055556,4,1,0,3,3,2,4,pm25,2026-09-14T10:00:00Z,1.0,31,0,AluminiumSmelter,7.86,243.3,,,,,7.86,,,,,0,,,,,21.92,30,1011,7,270,overcast clouds,0
Pavlodar,2026-09-14T10:57:35.428015+00:00,1789383455,573904,Каз. Правда  к-сі,52.252530555556,76.974843611111,,,6,5,0,4,4,pm25,2026-09-14T10:00:00Z,1.0,37,14.0,AluminiumSmelter,8.46,217.3,,,,,8.46,,,,,0,,,,,21.92,30,1011,7,270,overcast clouds,0
Pavlodar,2026-09-14T10:57:35.428015+00:00,1789383455,573907,Ломов к-сі (ПМУ),52.264703055556,76.9640775,,,,1,0,0,0,pm25,2026-09-14T10:00:00Z,1.0,27,22.9,AluminiumSmelter,7.95,227.5,,,,,7.95,,,,,0,,,,,21.92,30,1011,7,270,overcast clouds,0
Pavlodar,2026-09-14T10:57:35.428015+00:00,1789383455,114532,Пед. колледж,52.2789,76.9384,78,27,,,,,-,pm25,2026-08-31T12:48:04Z,334.2,32,0,AluminiumSmelter,8.49,243.5,,,,,8.49,,,,,0,,,,,21.92,30,1011,7,270,overcast clouds,0
Astana,2026-09-14T10:57:35.428015+00:00,1789383455,10497,"Astana, US Embassy, Kazakhstan (Нұр-Сұлтан, АҚШ елшілігі)",51.125286,71.46722,,,3.7,10.9,2.6,0.1,11,so2,2026-09-14T16:00:00+06:00,1.0,30,16.7,,,,,,,,,,,,,,,,,,17.99,36,1013,8,260,scattered clouds,0
Ust-Kamenogorsk,2026-09-14T16:56:34.040040+00:00,1789404994,517390,"Серікбаев көшесі, 19",49.956986944444,82.592090555556,5,1,1,53,10,1,1,pm25,2026-09-14T16:00:00Z,0.9,41,0,UMZ,1.02,,304.9,214.9,,282.5,,3.31,3.12,,1.02,,0,1,,0,12.99,58,1013,1,0,few clouds,0
Ust-Kamenogorsk,2026-09-14T16:56:34.040040+00:00,1789404994,517402,"Лев Толстой к-сі, 18",49.944817777778,82.653340277778,5,1,,0,2,1,5,pm25,2026-09-14T16:00:00Z,0.9,43,0,CHP,1.76,,72.2,146.4,,108.5,,1.76,4.7,,3.58,,0,1,,0,12.99,58,1013,1,0,few clouds,0
Ust-Kamenogorsk,2026-09-14T16:56:34.040040+00:00,1789404994,517507,"М. Тынышпаев к-сі, 126",50.009261944444,82.564498888889,0,0,61,0,21,,-,pm25,2026-08-26T09:00:00Z,463.9,69,0,Kazzinc,4.97,,328.7,310.9,,333.8,,9.02,4.97,,6.73,,0,0,,0,12.99,58,1013,1,0,few clouds,0
Karaganda,2026-09-14T16:56:34.040040+00:00,1789404994,506290,Майқұдық,49.89696663495,73.21133762598,27,7,,,,,27,pm25,2026-09-14T16:45:57Z,0.2,54,0,,,,,,,,,,,,,,,,,,11.95,50,1016,3.85,265,clear sky,0
Karaganda,2026-09-14T16:56:34.040040+00:00,1789404994,517423,"Мұқанов көшесі,57/3",49.786533888889,73.168150833333,211,113,6,0,1,1,-,pm25,2026-07-02T11:00:00Z,1781.9,45,0,,,,,,,,,,,,,,,,,,11.95,50,1016,3.85,265,clear sky,0
Pavlodar,2026-09-14T16:56:34.040040+00:00,1789404994,520273,  Торайғыров генералы Дүйсенов көшесі,52.294865277778,76.942828333333,15,10,24,2,1,0,15,pm25,2026-09-14T16:00:00Z,0.9,38,0,AluminiumSmelter,7.57,254.6,,,,,7.57,,,,,0,,,,,15.54,45,1011,4.21,267,few clouds,0
Pavlodar,2026-09-14T16:56:34.040040+00:00,1789404994,537550,"Естай к-сі, 54",52.281193333333,76.946898055556,4,1,0,2,3,1,4,pm25,2026-09-14T16:00:00Z,0.9,31,0,AluminiumSmelter,7.86,243.3,,,,,7.86,,,,,0,,,,,15.54,45,1011,4.21,267,few clouds,0
Pavlodar,2026-09-14T16:56:34.040040+00:00,1789404994,573904,Каз. Правда  к-сі,52.252530555556,76.974843611111,,,4,4,0,4,4,pm25,2026-09-14T16:00:00Z,0.9,43,0,AluminiumSmelter,8.46,217.3,,,,,8.46,,,,,0,,,,,15.54,45,1011,4.21,267,few clouds,0
Pavlodar,2026-09-14T16:56:34.040040+00:00,1789404994,573907,Ломов к-сі (ПМУ),52.264703055556,76.9640775,,,,0,1,0,0,pm25,2026-09-14T16:00:00Z,0.9,35,0,AluminiumSmelter,7.95,227.5,,,,,7.95,,,,,0,,,,,15.54,45,1011,4.21,267,few clouds,0
Pavlodar,2026-09-14T16:56:34.040040+00:00,1789404994,114532,Пед. колледж,52.2789,76.9384,78,27,,,,,-,pm25,2026-08-31T12:48:04Z,340.1,32,0,AluminiumSmelter,8.49,243.5,,,,,8.49,,,,,0,,,,,15.54,45,1011,4.21,267,few clouds,0
Astana,2026-09-14T16:56:34.040040+00:00,1789404994,10497,"Astana, US Embassy, Kazakhstan (Нұр-Сұлтан, АҚШ елшілігі)",51.125286,71.46722,,,8.9,10.7,3.8,0.1,11,so2,2026-09-14T22:00:00+06:00,0.9,32,11.1,,,,,,,,,,,,,,,,,,13.99,51,1014,5,240,broken clouds,0
Ust-Kamenogorsk,2026-09-14T20:55:38.085657+00:00,1789419338,517390,"Серікбаев көшесі, 19",49.956986944444,82.592090555556,5,1,1,53,8,1,1,pm25,2026-09-14T20:00:00Z,0.9,41,0,UMZ,1.02,,304.9,214.9,,282.5,,3.31,3.12,,1.02,,0,1,,0,10.99,66,1013,1,40,overcast clouds,0
Ust-Kamenogorsk,2026-09-14T20:55:38.085657+00:00,1789419338,517402,"Лев Толстой к-сі, 18",49.944817777778,82.653340277778,5,1,,0,0,2,5,pm25,2026-09-14T20:00:00Z,0.9,43,0,CHP,1.76,,72.2,146.4,,108.5,,1.76,4.7,,3.58,,0,0,,0,10.99,66,1013,1,40,overcast clouds,0
Ust-Kamenogorsk,2026-09-14T20:55:38.085657+00:00,1789419338,517507,"М. Тынышпаев к-сі, 126",50.009261944444,82.564498888889,0,0,61,0,21,,-,pm25,2026-08-26T09:00:00Z,467.9,69,0,Kazzinc,4.97,,328.7,310.9,,333.8,,9.02,4.97,,6.73,,0,0,,0,10.99,66,1013,1,40,overcast clouds,0
Karaganda,2026-09-14T20:55:38.085657+00:00,1789419338,506290,Майқұдық,49.89696663495,73.21133762598,18,4,,,,,18,pm25,2026-09-14T20:47:47Z,0.1,54,0,,,,,,,,,,,,,,,,,,8.95,57,1016,4.73,248,broken clouds,0
Karaganda,2026-09-14T20:55:38.085657+00:00,1789419338,517423,"Мұқанов көшесі,57/3",49.786533888889,73.168150833333,211,113,5,0,1,1,-,pm25,2026-07-02T11:00:00Z,1785.9,45,0,,,,,,,,,,,,,,,,,,8.95,57,1016,4.73,248,broken clouds,0
Pavlodar,2026-09-14T20:55:38.085657+00:00,1789419338,520273,  Торайғыров генералы Дүйсенов көшесі,52.294865277778,76.942828333333,34,14,24,2,0,0,34,pm25,2026-09-14T20:00:00Z,0.9,38,0,AluminiumSmelter,7.57,254.6,,,,,7.57,,,,,0,,,,,13.32,64,1010,4.42,230,broken clouds,0
Pavlodar,2026-09-14T20:55:38.085657+00:00,1789419338,537550,"Естай к-сі, 54",52.281193333333,76.946898055556,4,1,0,1,3,1,4,pm25,2026-09-14T20:00:00Z,0.9,31,0,AluminiumSmelter,7.86,243.3,,,,,7.86,,,,,0,,,,,13.32,64,1010,4.42,230,broken clouds,0
Pavlodar,2026-09-14T20:55:38.085657+00:00,1789419338,573904,Каз. Правда  к-сі,52.252530555556,76.974843611111,,,2,3,0,4,4,pm25,2026-09-14T20:00:00Z,0.9,43,0,AluminiumSmelter,8.46,217.3,,,,,8.46,,,,,0,,,,,13.32,64,1010,4.42,230,broken clouds,0
Pavlodar,2026-09-14T20:55:38.085657+00:00,1789419338,573907,Ломов к-сі (ПМУ),52.264703055556,76.9640775,,,,1,0,0,0,pm25,2026-09-14T20:00:00Z,0.9,35,0,AluminiumSmelter,7.95,227.5,,,,,7.95,,,,,0,,,,,13.32,64,1010,4.42,230,broken clouds,0
Pavlodar,2026-09-14T20:55:38.085657+00:00,1789419338,114532,Пед. колледж,52.2789,76.9384,78,27,,,,,-,pm25,2026-08-31T12:48:04Z,344.1,32,0,AluminiumSmelter,8.49,243.5,,,,,8.49,,,,,0,,,,,13.32,64,1010,4.42,230,broken clouds,0
Astana,2026-09-14T20:55:38.085657+00:00,1789419338,10497,"Astana, US Embassy, Kazakhstan (Нұр-Сұлтан, АҚШ елшілігі)",51.125286,71.46722,,,2.3,11.2,2.2,0.1,11,so2,2026-09-15T02:00:00+06:00,0.9,36,0,,,,,,,,,,,,,,,,,,11.99,62,1014,5,240,overcast clouds,0
Ust-Kamenogorsk,2026-09-14T23:51:08.994379+00:00,1789429868,517390,"Серікбаев көшесі, 19",49.956986944444,82.592090555556,5,1,1,53,2,5,5,pm25,2026-09-14T23:00:00Z,0.9,41,0,UMZ,1.02,,304.9,214.9,,282.5,,3.31,3.12,,1.02,,0,1,,0,11.99,66,1013,0,0,overcast clouds,0
Ust-Kamenogorsk,2026-09-14T23:51:08.994379+00:00,1789429868,517402,"Лев Толстой к-сі, 18",49.944817777778,82.653340277778,4,1,,0,0,1,4,pm25,2026-09-14T23:00:00Z,0.9,43,0,CHP,1.76,,72.2,146.4,,108.5,,1.76,4.7,,3.58,,0,1,,0,11.99,66,1013,0,0,overcast clouds,0
Ust-Kamenogorsk,2026-09-14T23:51:08.994379+00:00,1789429868,517507,"М. Тынышпаев к-сі, 126",50.009261944444,82.564498888889,0,0,61,0,21,,-,pm25,2026-08-26T09:00:00Z,470.9,69,0,Kazzinc,4.97,,328.7,310.9,,333.8,,9.02,4.97,,6.73,,0,0,,0,11.99,66,1013,0,0,overcast clouds,0
Karaganda,2026-09-14T23:51:08.994379+00:00,1789429868,506290,Майқұдық,49.89696663495,73.21133762598,4,1,,,,,4,pm25,2026-09-14T23:39:16Z,0.2,54,0,,,,,,,,,,,,,,,,,,5.95,56,1016,5.04,238,overcast clouds,0
Karaganda,2026-09-14T23:51:08.994379+00:00,1789429868,517423,"Мұқанов көшесі,57/3",49.786533888889,73.168150833333,211,113,2,0,0,1,-,pm25,2026-07-02T11:00:00Z,1788.9,45,0,,,,,,,,,,,,,,,,,,5.95,56,1016,5.04,238,overcast clouds,0
Pavlodar,2026-09-14T23:51:08.994379+00:00,1789429868,520273,  Торайғыров генералы Дүйсенов көшесі,52.294865277778,76.942828333333,15,10,24,2,0,0,15,pm25,2026-09-14T23:00:00Z,0.9,38,0,AluminiumSmelter,7.57,254.6,,,,,7.57,,,,,0,,,,,12.92,58,1010,6,240,broken clouds,0
Pavlodar,2026-09-14T23:51:08.994379+00:00,1789429868,537550,"Естай к-сі, 54",52.281193333333,76.946898055556,4,1,0,2,2,1,4,pm25,2026-09-14T23:00:00Z,0.9,31,0,AluminiumSmelter,7.86,243.3,,,,,7.86,,,,,0,,,,,12.92,58,1010,6,240,broken clouds,0
Pavlodar,2026-09-14T23:51:08.994379+00:00,1789429868,573904,Каз. Правда  к-сі,52.252530555556,76.974843611111,,,1,4,0,4,4,pm25,2026-09-14T23:00:00Z,0.9,43,0,AluminiumSmelter,8.46,217.3,,,,,8.46,,,,,0,,,,,12.92,58,1010,6,240,broken clouds,0
Pavlodar,2026-09-14T23:51:08.994379+00:00,1789429868,573907,Ломов к-сі (ПМУ),52.264703055556,76.9640775,,,,1,0,0,0,pm25,2026-09-14T23:00:00Z,0.9,35,0,AluminiumSmelter,7.95,227.5,,,,,7.95,,,,,0,,,,,12.92,58,1010,6,240,broken clouds,0
Pavlodar,2026-09-14T23:51:08.994379+00:00,1789429868,114532,Пед. колледж,52.2789,76.9384,78,27,,,,,-,pm25,2026-08-31T12:48:04Z,347.1,32,0,AluminiumSmelter,8.49,243.5,,,,,8.49,,,,,0,,,,,12.92,58,1010,6,240,broken clouds,0
Astana,2026-09-14T23:51:08.994379+00:00,1789429868,10497,"Astana, US Embassy, Kazakhstan (Нұр-Сұлтан, АҚШ елшілігі)",51.125286,71.46722,,,0.7,11,1.7,0.1,11,so2,2026-09-15T05:00:00+06:00,0.9,35,2.8,,,,,,,,,,,,,,,,,,11.99,62,1014,6,240,broken clouds,0
Ust-Kamenogorsk,2026-09-15T04:48:21.822974+00:00,1789447701,517390,"Серікбаев көшесі, 19",49.956986944444,82.592090555556,5,1,1,53,3,7,7,pm25,2026-09-15T04:00:00Z,0.8,41,0,UMZ,1.02,,304.9,214.9,,282.5,,3.31,3.12,,1.02,,0,0,,0,17.99,48,1014,2,270,overcast clouds,0
Ust-Kamenogorsk,2026-09-15T04:48:21.822974+00:00,1789447701,517402,"Лев Толстой к-сі, 18",49.944817777778,82.653340277778,5,1,,0,1,2,5,pm25,2026-09-15T04:00:00Z,0.8,36,16.3,CHP,1.76,,72.2,146.4,,108.5,,1.76,4.7,,3.58,,1,1,,1,17.99,48,1014,2,270,overcast clouds,0
Ust-Kamenogorsk,2026-09-15T04:48:21.822974+00:00,1789447701,517507,"М. Тынышпаев к-сі, 126",50.009261944444,82.564498888889,0,0,61,0,21,,-,pm25,2026-08-26T09:00:00Z,475.8,69,0,Kazzinc,4.97,,328.7,310.9,,333.8,,9.02,4.97,,6.73,,0,0,,0,17.99,48,1014,2,270,overcast clouds,0
Karaganda,2026-09-15T04:48:21.822974+00:00,1789447701,506290,Майқұдық,49.89696663495,73.21133762598,28,6,,,,,28,pm25,2026-09-15T04:42:49Z,0.1,54,0,,,,,,,,,,,,,,,,,,16.95,43,1016,8.36,270,broken clouds,0
Karaganda,2026-09-15T04:48:21.822974+00:00,1789447701,517423,"Мұқанов көшесі,57/3",49.786533888889,73.168150833333,211,113,12,0,3,1,-,pm25,2026-07-02T11:00:00Z,1793.8,45,0,,,,,,,,,,,,,,,,,,16.95,43,1016,8.36,270,broken clouds,0
Pavlodar,2026-09-15T04:48:21.822974+00:00,1789447701,520273,  Торайғыров генералы Дүйсенов көшесі,52.294865277778,76.942828333333,20,13,24,2,0,0,20,pm25,2026-09-15T04:00:00Z,0.8,30,21.1,AluminiumSmelter,7.57,254.6,,,,,7.57,,,,,0,,,,,17.92,48,1010,9,260,light rain,0
Pavlodar,2026-09-15T04:48:21.822974+00:00,1789447701,537550,"Естай к-сі, 54",52.281193333333,76.946898055556,4,1,0,2,3,1,4,pm25,2026-09-15T04:00:00Z,0.8,31,0,AluminiumSmelter,7.86,243.3,,,,,7.86,,,,,0,,,,,17.92,48,1010,9,260,light rain,0
Pavlodar,2026-09-15T04:48:21.822974+00:00,1789447701,573904,Каз. Правда  к-сі,52.252530555556,76.974843611111,,,3,4,0,4,4,pm25,2026-09-15T04:00:00Z,0.8,35,18.6,AluminiumSmelter,8.46,217.3,,,,,8.46,,,,,0,,,,,17.92,48,1010,9,260,light rain,0
Pavlodar,2026-09-15T04:48:21.822974+00:00,1789447701,573907,Ломов к-сі (ПМУ),52.264703055556,76.9640775,,,,0,1,0,0,pm25,2026-09-15T04:00:00Z,0.8,25,28.6,AluminiumSmelter,7.95,227.5,,,,,7.95,,,,,0,,,,,17.92,48,1010,9,260,light rain,0
Pavlodar,2026-09-15T04:48:21.822974+00:00,1789447701,114532,Пед. колледж,52.2789,76.9384,78,27,,,,,-,pm25,2026-08-31T12:48:04Z,352.0,32,0,AluminiumSmelter,8.49,243.5,,,,,8.49,,,,,0,,,,,17.92,48,1010,9,260,light rain,0
Astana,2026-09-15T04:48:21.822974+00:00,1789447701,10497,"Astana, US Embassy, Kazakhstan (Нұр-Сұлтан, АҚШ елшілігі)",51.125286,71.46722,,,5.1,11.5,3,0.1,12,so2,2026-09-15T10:00:00+06:00,0.8,29,19.4,,,,,,,,,,,,,,,,,,14.99,51,1015,7,260,clear sky,0
Ust-Kamenogorsk,2026-09-15T10:01:24.358564+00:00,1789466484,517390,"Серікбаев көшесі, 19",49.956986944444,82.592090555556,5,1,1,53,2,14,14,pm25,2026-09-15T09:00:00Z,1.0,41,0,UMZ,1.02,,304.9,214.9,,282.5,,3.31,3.12,,1.02,,0,0,,0,21.99,28,1012,6,270,overcast clouds,0
Ust-Kamenogorsk,2026-09-15T10:01:24.358564+00:00,1789466484,517402,"Лев Толстой к-сі, 18",49.944817777778,82.653340277778,7,1,,0,2,6,7,pm25,2026-09-15T09:00:00Z,1.0,43,0,CHP,1.76,,72.2,146.4,,108.5,,1.76,4.7,,3.58,,1,1,,1,21.99,28,1012,6,270,overcast clouds,0
Ust-Kamenogorsk,2026-09-15T10:01:24.358564+00:00,1789466484,517507,"М. Тынышпаев к-сі, 126",50.009261944444,82.564498888889,0,0,61,0,21,,-,pm25,2026-08-26T09:00:00Z,481.0,69,0,Kazzinc,4.97,,328.7,310.9,,333.8,,9.02,4.97,,6.73,,0,0,,0,21.99,28,1012,6,270,overcast clouds,0
Karaganda,2026-09-15T10:01:24.358564+00:00,1789466484,506290,Майқұдық,49.89696663495,73.21133762598,9,3,,,,,9,pm25,2026-09-15T09:54:53Z,0.1,54,0,,,,,,,,,,,,,,,,,,18.95,32,1015,8.64,302,few clouds,0
Karaganda,2026-09-15T10:01:24.358564+00:00,1789466484,517423,"Мұқанов көшесі,57/3",49.786533888889,73.168150833333,211,113,2,0,2,1,-,pm25,2026-07-02T11:00:00Z,1799.0,45,0,,,,,,,,,,,,,,,,,,18.95,32,1015,8.64,302,few clouds,0
Pavlodar,2026-09-15T10:01:24.358564+00:00,1789466484,520273,  Торайғыров генералы Дүйсенов көшесі,52.294865277778,76.942828333333,16,10,24,2,0,0,16,pm25,2026-09-15T09:00:00Z,1.0,30,18.9,AluminiumSmelter,7.57,254.6,,,,,7.57,,,,,0,,,,,18.92,48,1010,9,270,overcast clouds,0
Pavlodar,2026-09-15T10:01:24.358564+00:00,1789466484,537550,"Естай к-сі, 54",52.281193333333,76.946898055556,4,1,0,2,3,1,4,pm25,2026-09-15T09:00:00Z,1.0,31,0,AluminiumSmelter,7.86,243.3,,,,,7.86,,,,,0,,,,,18.92,48,1010,9,270,overcast clouds,0
Pavlodar,2026-09-15T10:01:24.358564+00:00,1789466484,573904,Каз. Правда  к-сі,52.252530555556,76.974843611111,,,2,4,0,4,4,pm25,2026-09-15T09:00:00Z,1.0,43,0,AluminiumSmelter,8.46,217.3,,,,,8.46,,,,,0,,,,,18.92,48,1010,9,270,overcast clouds,0
Pavlodar,2026-09-15T10:01:24.358564+00:00,1789466484,573907,Ломов к-сі (ПМУ),52.264703055556,76.9640775,,,,1,0,0,0,pm25,2026-09-15T09:00:00Z,1.0,25,26.5,AluminiumSmelter,7.95,227.5,,,,,7.95,,,,,0,,,,,18.92,48,1010,9,270,overcast clouds,0
Pavlodar,2026-09-15T10:01:24.358564+00:00,1789466484,114532,Пед. колледж,52.2789,76.9384,78,27,,,,,-,pm25,2026-08-31T12:48:04Z,357.2,32,0,AluminiumSmelter,8.49,243.5,,,,,8.49,,,,,0,,,,,18.92,48,1010,9,270,overcast clouds,0
Astana,2026-09-15T10:01:24.358564+00:00,1789466484,10497,"Astana, US Embassy, Kazakhstan (Нұр-Сұлтан, АҚШ елшілігі)",51.125286,71.46722,,,3,11.2,2.7,0.1,11,so2,2026-09-15T15:00:00+06:00,1.0,29,21.6,,,,,,,,,,,,,,,,,,17.99,45,1014,8,290,broken clouds,0
Ust-Kamenogorsk,2026-09-15T14:57:26.242590+00:00,1789484246,517390,"Серікбаев көшесі, 19",49.956986944444,82.592090555556,5,1,1,53,6,3,3,pm25,2026-09-15T14:00:00Z,1.0,41,0,UMZ,1.02,,304.9,214.9,,282.5,,3.31,3.12,,1.02,,0,1,,0,10.99,50,1012,0,0,few clouds,0
Ust-Kamenogorsk,2026-09-15T14:57:26.242590+00:00,1789484246,517402,"Лев Толстой к-сі, 18",49.944817777778,82.653340277778,3,1,,0,0,2,3,pm25,2026-09-15T14:00:00Z,1.0,43,0,CHP,1.76,,72.2,146.4,,108.5,,1.76,4.7,,3.58,,0,1,,0,10.99,50,1012,0,0,few clouds,0
Ust-Kamenogorsk,2026-09-15T14:57:26.242590+00:00,1789484246,517507,"М. Тынышпаев к-сі, 126",50.009261944444,82.564498888889,0,0,61,0,21,,-,pm25,2026-08-26T09:00:00Z,486.0,69,0,Kazzinc,4.97,,328.7,310.9,,333.8,,9.02,4.97,,6.73,,0,0,,0,10.99,50,1012,0,0,few clouds,0
Karaganda,2026-09-15T14:57:26.242590+00:00,1789484246,506290,Майқұдық,49.89696663495,73.21133762598,19,7,,,,,19,pm25,2026-09-15T13:28:25Z,1.5,54,0,,,,,,,,,,,,,,,,,,12.95,48,1016,4.02,318,broken clouds,0
Karaganda,2026-09-15T14:57:26.242590+00:00,1789484246,517423,"Мұқанов көшесі,57/3",49.786533888889,73.168150833333,211,113,8,0,2,1,-,pm25,2026-07-02T11:00:00Z,1804.0,45,0,,,,,,,,,,,,,,,,,,12.95,48,1016,4.02,318,broken clouds,0
Pavlodar,2026-09-15T14:57:26.242590+00:00,1789484246,520273,  Торайғыров генералы Дүйсенов көшесі,52.294865277778,76.942828333333,17,9,24,2,9,0,17,pm25,2026-09-15T14:00:00Z,1.0,38,0,AluminiumSmelter,7.57,254.6,,,,,7.57,,,,,0,,,,,15.92,63,1011,5,290,overcast clouds,0
Pavlodar,2026-09-15T14:57:26.242590+00:00,1789484246,537550,"Естай к-сі, 54",52.281193333333,76.946898055556,4,1,0,2,3,1,4,pm25,2026-09-15T14:00:00Z,1.0,31,0,AluminiumSmelter,7.86,243.3,,,,,7.86,,,,,0,,,,,15.92,63,1011,5,290,overcast clouds,0
Pavlodar,2026-09-15T14:57:26.242590+00:00,1789484246,573904,Каз. Правда  к-сі,52.252530555556,76.974843611111,,,9,6,0,4,4,pm25,2026-09-15T14:00:00Z,1.0,36,16.3,AluminiumSmelter,8.46,217.3,,,,,8.46,,,,,0,,,,,15.92,63,1011,5,290,overcast clouds,0
Pavlodar,2026-09-15T14:57:26.242590+00:00,1789484246,573907,Ломов к-сі (ПМУ),52.264703055556,76.9640775,,,,0,0,0,0,pm25,2026-09-15T14:00:00Z,1.0,26,25.7,AluminiumSmelter,7.95,227.5,,,,,7.95,,,,,0,,,,,15.92,63,1011,5,290,overcast clouds,0
Pavlodar,2026-09-15T14:57:26.242590+00:00,1789484246,114532,Пед. колледж,52.2789,76.9384,78,27,,,,,-,pm25,2026-08-31T12:48:04Z,362.2,32,0,AluminiumSmelter,8.49,243.5,,,,,8.49,,,,,0,,,,,15.92,63,1011,5,290,overcast clouds,0
Astana,2026-09-15T14:57:26.242590+00:00,1789484246,10497,"Astana, US Embassy, Kazakhstan (Нұр-Сұлтан, АҚШ елшілігі)",51.125286,71.46722,,,6,10.9,3.2,0.1,11,so2,2026-09-15T20:00:00+06:00,1.0,27,25.0,,,,,,,,,,,,,,,,,,16.99,48,1016,4,290,broken clouds,0
Ust-Kamenogorsk,2026-09-15T18:56:47.261740+00:00,1789498607,517390,"Серікбаев көшесі, 19",49.956986944444,82.592090555556,5,1,1,53,11,1,1,pm25,2026-09-15T18:00:00Z,0.9,41,0,UMZ,1.02,,304.9,214.9,,282.5,,3.31,3.12,,1.02,,0,1,,0,7.99,66,1013,1,0,broken clouds,0
Ust-Kamenogorsk,2026-09-15T18:56:47.261740+00:00,1789498607,517402,"Лев Толстой к-сі, 18",49.944817777778,82.653340277778,2,1,,0,0,2,2,pm25,2026-09-15T18:00:00Z,0.9,43,0,CHP,1.76,,72.2,146.4,,108.5,,1.76,4.7,,3.58,,0,1,,0,7.99,66,1013,1,0,broken clouds,0
Ust-Kamenogorsk,2026-09-15T18:56:47.261740+00:00,1789498607,517507,"М. Тынышпаев к-сі, 126",50.009261944444,82.564498888889,0,0,61,0,21,,-,pm25,2026-08-26T09:00:00Z,489.9,69,0,Kazzinc,4.97,,328.7,310.9,,333.8,,9.02,4.97,,6.73,,0,0,,0,7.99,66,1013,1,0,broken clouds,0
Karaganda,2026-09-15T18:56:47.261740+00:00,1789498607,506290,Майқұдық,49.89696663495,73.21133762598,64,18,,,,,64,pm25,2026-09-15T18:50:34Z,0.1,54,0,,,,,,,,,,,,,,,,,,5.95,68,1017,4.47,319,overcast clouds,0
Karaganda,2026-09-15T18:56:47.261740+00:00,1789498607,517423,"Мұқанов көшесі,57/3",49.786533888889,73.168150833333,211,113,5,0,2,1,-,pm25,2026-07-02T11:00:00Z,1807.9,45,0,,,,,,,,,,,,,,,,,,5.95,68,1017,4.47,319,overcast clouds,0
Pavlodar,2026-09-15T18:56:47.261740+00:00,1789498607,520273,  Торайғыров генералы Дүйсенов көшесі,52.294865277778,76.942828333333,15,7,24,2,13,0,15,pm25,2026-09-15T18:00:00Z,0.9,38,0,AluminiumSmelter,7.57,254.6,,,,,7.57,,,,,0,,,,,13.48,80,1011,6.07,270,scattered clouds,0
Pavlodar,2026-09-15T18:56:47.261740+00:00,1789498607,537550,"Естай к-сі, 54",52.281193333333,76.946898055556,4,1,0,2,3,1,4,pm25,2026-09-15T18:00:00Z,0.9,31,0,AluminiumSmelter,7.86,243.3,,,,,7.86,,,,,0,,,,,13.48,80,1011,6.07,270,scattered clouds,0
Pavlodar,2026-09-15T18:56:47.261740+00:00,1789498607,573904,Каз. Правда  к-сі,52.252530555556,76.974843611111,,,2,4,0,4,4,pm25,2026-09-15T18:00:00Z,0.9,43,0,AluminiumSmelter,8.46,217.3,,,,,8.46,,,,,0,,,,,13.48,80,1011,6.07,270,scattered clouds,0
Pavlodar,2026-09-15T18:56:47.261740+00:00,1789498607,573907,Ломов к-сі (ПМУ),52.264703055556,76.9640775,,,,0,0,0,0,pm25,2026-09-15T18:00:00Z,0.9,35,0,AluminiumSmelter,7.95,227.5,,,,,7.95,,,,,0,,,,,13.48,80,1011,6.07,270,scattered clouds,0
Pavlodar,2026-09-15T18:56:47.261740+00:00,1789498607,114532,Пед. колледж,52.2789,76.9384,78,27,,,,,-,pm25,2026-08-31T12:48:04Z,366.1,32,0,AluminiumSmelter,8.49,243.5,,,,,8.49,,,,,0,,,,,13.48,80,1011,6.07,270,scattered clouds,0
Astana,2026-09-15T18:56:47.261740+00:00,1789498607,10497,"Astana, US Embassy, Kazakhstan (Нұр-Сұлтан, АҚШ елшілігі)",51.125286,71.46722,,,8.1,11,3.8,0.1,11,so2,2026-09-16T00:00:00+06:00,0.9,34,2.9,,,,,,,,,,,,,,,,,,12.99,67,1016,4,250,overcast clouds,0
Ust-Kamenogorsk,2026-09-15T22:11:16.097138+00:00,1789510276,517390,"Серікбаев көшесі, 19",49.956986944444,82.592090555556,5,1,1,53,2,9,9,pm25,2026-09-15T21:00:00Z,1.2,41,0,UMZ,1.02,,304.9,214.9,,282.5,,3.31,3.12,,1.02,,0,0,,0,12.98,63,1013,1.19,209,scattered clouds,0
Ust-Kamenogorsk,2026-09-15T22:11:16.097138+00:00,1789510276,517402,"Лев Толстой к-сі, 18",49.944817777778,82.653340277778,10,2,,0,0,2,10,pm25,2026-09-15T21:00:00Z,1.2,43,0,CHP,1.76,,72.2,146.4,,108.5,,1.76,4.7,,3.58,,1,0,,0,12.98,63,1013,1.19,209,scattered clouds,0
Ust-Kamenogorsk,2026-09-15T22:11:16.097138+00:00,1789510276,517507,"М. Тынышпаев к-сі, 126",50.009261944444,82.564498888889,0,0,61,0,21,,-,pm25,2026-08-26T09:00:00Z,493.2,69,0,Kazzinc,4.97,,328.7,310.9,,333.8,,9.02,4.97,,6.73,,0,0,,1,12.98,63,1013,1.19,209,scattered clouds,0
Karaganda,2026-09-15T22:11:16.097138+00:00,1789510276,506290,Майқұдық,49.89696663495,73.21133762598,21,5,,,,,21,pm25,2026-09-15T22:09:00Z,0.0,54,0,,,,,,,,,,,,,,,,,,6.95,79,1017,3.27,271,scattered clouds,0
Karaganda,2026-09-15T22:11:16.097138+00:00,1789510276,517423,"Мұқанов көшесі,57/3",49.786533888889,73.168150833333,211,113,10,0,4,1,-,pm25,2026-07-02T11:00:00Z,1811.2,45,0,,,,,,,,,,,,,,,,,,6.95,79,1017,3.27,271,scattered clouds,0
Pavlodar,2026-09-15T22:11:16.097138+00:00,1789510276,520273,  Торайғыров генералы Дүйсенов көшесі,52.294865277778,76.942828333333,19,8,24,2,6,0,19,pm25,2026-09-15T21:00:00Z,1.2,38,0,AluminiumSmelter,7.57,254.6,,,,,7.57,,,,,0,,,,,12.92,94,1011,5,270,scattered clouds,0
Pavlodar,2026-09-15T22:11:16.097138+00:00,1789510276,537550,"Естай к-сі, 54",52.281193333333,76.946898055556,4,1,0,2,2,1,4,pm25,2026-09-15T21:00:00Z,1.2,31,0,AluminiumSmelter,7.86,243.3,,,,,7.86,,,,,0,,,,,12.92,94,1011,5,270,scattered clouds,0
Pavlodar,2026-09-15T22:11:16.097138+00:00,1789510276,573904,Каз. Правда  к-сі,52.252530555556,76.974843611111,,,1,3,0,4,4,pm25,2026-09-15T21:00:00Z,1.2,43,0,AluminiumSmelter,8.46,217.3,,,,,8.46,,,,,0,,,,,12.92,94,1011,5,270,scattered clouds,0
Pavlodar,2026-09-15T22:11:16.097138+00:00,1789510276,573907,Ломов к-сі (ПМУ),52.264703055556,76.9640775,,,,1,0,0,0,pm25,2026-09-15T21:00:00Z,1.2,35,0,AluminiumSmelter,7.95,227.5,,,,,7.95,,,,,0,,,,,12.92,94,1011,5,270,scattered clouds,0
Pavlodar,2026-09-15T22:11:16.097138+00:00,1789510276,114532,Пед. колледж,52.2789,76.9384,78,27,,,,,-,pm25,2026-08-31T12:48:04Z,369.4,32,0,AluminiumSmelter,8.49,243.5,,,,,8.49,,,,,0,,,,,12.92,94,1011,5,270,scattered clouds,0
Astana,2026-09-15T22:11:16.097138+00:00,1789510276,10497,"Astana, US Embassy, Kazakhstan (Нұр-Сұлтан, АҚШ елшілігі)",51.125286,71.46722,,,2.7,10.9,2.8,0.1,11,so2,2026-09-16T03:00:00+06:00,1.2,35,2.8,,,,,,,,,,,,,,,,,,10.99,76,1016,4,260,overcast clouds,0
Ust-Kamenogorsk,2026-09-16T00:15:33.086025+00:00,1789517733,517390,"Серікбаев көшесі, 19",49.956986944444,82.592090555556,5,1,1,53,2,6,6,pm25,2026-09-15T23:00:00Z,1.3,41,0,UMZ,1.02,,304.9,214.9,,282.5,,3.31,3.12,,1.02,,0,1,,0,5.99,75,1014,1,0,broken clouds,0
Ust-Kamenogorsk,2026-09-16T00:15:33.086025+00:00,1789517733,517402,"Лев Толстой к-сі, 18",49.944817777778,82.653340277778,6,1,,0,0,2,6,pm25,2026-09-15T23:00:00Z,1.3,43,0,CHP,1.76,,72.2,146.4,,108.5,,1.76,4.7,,3.58,,0,1,,0,5.99,75,1014,1,0,broken clouds,0
Ust-Kamenogorsk,2026-09-16T00:15:33.086025+00:00,1789517733,517507,"М. Тынышпаев к-сі, 126",50.009261944444,82.564498888889,0,0,61,0,21,,-,pm25,2026-08-26T09:00:00Z,495.3,69,0,Kazzinc,4.97,,328.7,310.9,,333.8,,9.02,4.97,,6.73,,0,0,,0,5.99,75,1014,1,0,broken clouds,0
Karaganda,2026-09-16T00:15:33.086025+00:00,1789517733,506290,Майқұдық,49.89696663495,73.21133762598,27,6,,,,,27,pm25,2026-09-16T00:08:59Z,0.1,54,0,,,,,,,,,,,,,,,,,,9.95,75,1018,3.92,255,scattered clouds,0
Karaganda,2026-09-16T00:15:33.086025+00:00,1789517733,517423,"Мұқанов көшесі,57/3",49.786533888889,73.168150833333,211,113,6,0,2,1,-,pm25,2026-07-02T11:00:00Z,1813.3,45,0,,,,,,,,,,,,,,,,,,9.95,75,1018,3.92,255,scattered clouds,0
Pavlodar,2026-09-16T00:15:33.086025+00:00,1789517733,520273,  Торайғыров генералы Дүйсенов көшесі,52.294865277778,76.942828333333,21,7,24,2,4,0,21,pm25,2026-09-15T23:00:00Z,1.3,38,0,AluminiumSmelter,7.57,254.6,,,,,7.57,,,,,0,,,,,13.92,88,1012,7,270,broken clouds,0
Pavlodar,2026-09-16T00:15:33.086025+00:00,1789517733,537550,"Естай к-сі, 54",52.281193333333,76.946898055556,4,1,0,2,2,1,4,pm25,2026-09-15T23:00:00Z,1.3,31,0,AluminiumSmelter,7.86,243.3,,,,,7.86,,,,,0,,,,,13.92,88,1012,7,270,broken clouds,0
Pavlodar,2026-09-16T00:15:33.086025+00:00,1789517733,573904,Каз. Правда  к-сі,52.252530555556,76.974843611111,,,0,4,0,4,4,pm25,2026-09-15T23:00:00Z,1.3,43,0,AluminiumSmelter,8.46,217.3,,,,,8.46,,,,,0,,,,,13.92,88,1012,7,270,broken clouds,0
Pavlodar,2026-09-16T00:15:33.086025+00:00,1789517733,573907,Ломов к-сі (ПМУ),52.264703055556,76.9640775,,,,1,0,0,0,pm25,2026-09-15T23:00:00Z,1.3,35,0,AluminiumSmelter,7.95,227.5,,,,,7.95,,,,,0,,,,,13.92,88,1012,7,270,broken clouds,0
Pavlodar,2026-09-16T00:15:33.086025+00:00,1789517733,114532,Пед. колледж,52.2789,76.9384,78,27,,,,,-,pm25,2026-08-31T12:48:04Z,371.5,32,0,AluminiumSmelter,8.49,243.5,,,,,8.49,,,,,0,,,,,13.92,88,1012,7,270,broken clouds,0
Astana,2026-09-16T00:15:33.086025+00:00,1789517733,10497,"Astana, US Embassy, Kazakhstan (Нұр-Сұлтан, АҚШ елшілігі)",51.125286,71.46722,,,1.8,10.7,2,0.1,11,so2,2026-09-16T05:00:00+06:00,1.3,35,2.8,,,,,,,,,,,,,,,,,,7.99,87,1017,3,260,overcast clouds,0
Ust-Kamenogorsk,2026-09-16T05:13:33.674181+00:00,1789535613,517390,"Серікбаев көшесі, 19",49.956986944444,82.592090555556,5,1,1,53,4,3,3,pm25,2026-09-16T05:00:00Z,0.2,41,0,UMZ,1.02,,304.9,214.9,,282.5,,3.31,3.12,,1.02,,0,1,,0,14.99,55,1015,1,0,overcast clouds,0
Ust-Kamenogorsk,2026-09-16T05:13:33.674181+00:00,1789535613,517402,"Лев Толстой к-сі, 18",49.944817777778,82.653340277778,4,1,,0,1,2,4,pm25,2026-09-16T05:00:00Z,0.2,33,23.3,CHP,1.76,,72.2,146.4,,108.5,,1.76,4.7,,3.58,,0,1,,0,14.99,55,1015,1,0,overcast clouds,0
Ust-Kamenogorsk,2026-09-16T05:13:33.674181+00:00,1789535613,517507,"М. Тынышпаев к-сі, 126",50.009261944444,82.564498888889,0,0,61,0,21,,-,pm25,2026-08-26T09:00:00Z,500.2,69,0,Kazzinc,4.97,,328.7,310.9,,333.8,,9.02,4.97,,6.73,,0,0,,0,14.99,55,1015,1,0,overcast clouds,0
Karaganda,2026-09-16T05:13:33.674181+00:00,1789535613,506290,Майқұдық,49.89696663495,73.21133762598,42,10,,,,,42,pm25,2026-09-16T05:02:50Z,0.2,54,0,,,,,,,,,,,,,,,,,,13.95,64,1019,5.95,291,overcast clouds,0
Karaganda,2026-09-16T05:13:33.674181+00:00,1789535613,517423,"Мұқанов көшесі,57/3",49.786533888889,73.168150833333,211,113,8,1,2,1,-,pm25,2026-07-02T11:00:00Z,1818.2,37,17.8,,,,,,,,,,,,,,,,,,13.95,64,1019,5.95,291,overcast clouds,0
Pavlodar,2026-09-16T05:13:33.674181+00:00,1789535613,520273,  Торайғыров генералы Дүйсенов көшесі,52.294865277778,76.942828333333,26,9,24,2,9,0,26,pm25,2026-09-16T05:00:00Z,0.2,31,20.5,AluminiumSmelter,7.57,254.6,,,,,7.57,,,,,0,,,,,11.92,100,1014,6,300,overcast clouds,0
Pavlodar,2026-09-16T05:13:33.674181+00:00,1789535613,537550,"Естай к-сі, 54",52.281193333333,76.946898055556,4,1,0,2,3,1,4,pm25,2026-09-16T05:00:00Z,0.2,31,0,AluminiumSmelter,7.86,243.3,,,,,7.86,,,,,0,,,,,11.92,100,1014,6,300,overcast clouds,0
Pavlodar,2026-09-16T05:13:33.674181+00:00,1789535613,573904,Каз. Правда  к-сі,52.252530555556,76.974843611111,,,5,5,0,4,4,pm25,2026-09-16T05:00:00Z,0.2,43,0,AluminiumSmelter,8.46,217.3,,,,,8.46,,,,,0,,,,,11.92,100,1014,6,300,overcast clouds,0
Pavlodar,2026-09-16T05:13:33.674181+00:00,1789535613,573907,Ломов к-сі (ПМУ),52.264703055556,76.9640775,,,,0,1,0,0,pm25,2026-09-16T05:00:00Z,0.2,19,45.7,AluminiumSmelter,7.95,227.5,,,,,7.95,,,,,0,,,,,11.92,100,1014,6,300,overcast clouds,0
Pavlodar,2026-09-16T05:13:33.674181+00:00,1789535613,114532,Пед. колледж,52.2789,76.9384,78,27,,,,,-,pm25,2026-08-31T12:48:04Z,376.4,32,0,AluminiumSmelter,8.49,243.5,,,,,8.49,,,,,0,,,,,11.92,100,1014,6,300,overcast clouds,0
Astana,2026-09-16T05:13:33.674181+00:00,1789535613,10497,"Astana, US Embassy, Kazakhstan (Нұр-Сұлтан, АҚШ елшілігі)",51.125286,71.46722,,,3,10.7,2.1,0.1,11,so2,2026-09-16T08:00:00+06:00,3.2,31,16.2,,,,,,,,,,,,,,,,,,14.99,67,1019,4,290,scattered clouds,0
Ust-Kamenogorsk,2026-09-16T09:56:20.279834+00:00,1789552580,517390,"Серікбаев көшесі, 19",49.956986944444,82.592090555556,5,1,1,53,2,10,10,pm25,2026-09-16T09:00:00Z,0.9,41,0,UMZ,1.02,,304.9,214.9,,282.5,,3.31,3.12,,1.02,,0,0,,0,17.99,52,1015,4,300,overcast clouds,0
Ust-Kamenogorsk,2026-09-16T09:56:20.279834+00:00,1789552580,517402,"Лев Толстой к-сі, 18",49.944817777778,82.653340277778,4,1,,0,1,2,4,pm25,2026-09-16T09:00:00Z,0.9,43,0,CHP,1.76,,72.2,146.4,,108.5,,1.76,4.7,,3.58,,1,1,,1,17.99,52,1015,4,300,overcast clouds,0
Ust-Kamenogorsk,2026-09-16T09:56:20.279834+00:00,1789552580,517507,"М. Тынышпаев к-сі, 126",50.009261944444,82.564498888889,0,0,61,0,21,,-,pm25,2026-08-26T09:00:00Z,504.9,69,0,Kazzinc,4.97,,328.7,310.9,,333.8,,9.02,4.97,,6.73,,0,0,,0,17.99,52,1015,4,300,overcast clouds,0
Karaganda,2026-09-16T09:56:20.279834+00:00,1789552580,506290,Майқұдық,49.89696663495,73.21133762598,55,14,,,,,55,pm25,2026-09-16T09:50:57Z,0.1,54,0,,,,,,,,,,,,,,,,,,15.95,48,1020,6.01,329,overcast clouds,0
Karaganda,2026-09-16T09:56:20.279834+00:00,1789552580,517423,"Мұқанов көшесі,57/3",49.786533888889,73.168150833333,211,113,4,0,1,1,-,pm25,2026-07-02T11:00:00Z,1822.9,45,0,,,,,,,,,,,,,,,,,,15.95,48,1020,6.01,329,overcast clouds,0
Pavlodar,2026-09-16T09:56:20.279834+00:00,1789552580,520273,  Торайғыров генералы Дүйсенов көшесі,52.294865277778,76.942828333333,27,9,24,2,17,0,27,pm25,2026-09-16T09:00:00Z,0.9,31,18.4,AluminiumSmelter,7.57,254.6,,,,,7.57,,,,,0,,,,,16.92,72,1014,7,300,overcast clouds,0
Pavlodar,2026-09-16T09:56:20.279834+00:00,1789552580,537550,"Естай к-сі, 54",52.281193333333,76.946898055556,4,1,0,1,3,1,4,pm25,2026-09-16T09:00:00Z,0.9,27,12.9,AluminiumSmelter,7.86,243.3,,,,,7.86,,,,,0,,,,,16.92,72,1014,7,300,overcast clouds,0
Pavlodar,2026-09-16T09:56:20.279834+00:00,1789552580,573904,Каз. Правда  к-сі,52.252530555556,76.974843611111,,,6,3,0,4,4,pm25,2026-09-16T09:00:00Z,0.9,35,18.6,AluminiumSmelter,8.46,217.3,,,,,8.46,,,,,0,,,,,16.92,72,1014,7,300,overcast clouds,0
Pavlodar,2026-09-16T09:56:20.279834+00:00,1789552580,573907,Ломов к-сі (ПМУ),52.264703055556,76.9640775,,,,1,1,0,0,pm25,2026-09-16T09:00:00Z,0.9,27,22.9,AluminiumSmelter,7.95,227.5,,,,,7.95,,,,,0,,,,,16.92,72,1014,7,300,overcast clouds,0
Pavlodar,2026-09-16T09:56:20.279834+00:00,1789552580,114532,Пед. колледж,52.2789,76.9384,78,27,,,,,-,pm25,2026-08-31T12:48:04Z,381.1,32,0,AluminiumSmelter,8.49,243.5,,,,,8.49,,,,,0,,,,,16.92,72,1014,7,300,overcast clouds,0
Astana,2026-09-16T09:56:20.279834+00:00,1789552580,10497,"Astana, US Embassy, Kazakhstan (Нұр-Сұлтан, АҚШ елшілігі)",51.125286,71.46722,,,4.7,11.2,3,0.1,11,so2,2026-09-16T15:00:00+06:00,0.9,30,18.9,,,,,,,,,,,,,,,,,,17.99,48,1019,4,320,broken clouds,0
Ust-Kamenogorsk,2026-09-16T14:55:10.267095+00:00,1789570510,517390,"Серікбаев көшесі, 19",49.956986944444,82.592090555556,5,1,1,53,4,5,5,pm25,2026-09-16T14:00:00Z,0.9,41,0,UMZ,1.02,,304.9,214.9,,282.5,,3.31,3.12,,1.02,,0,1,,0,11.99,94,1018,4,360,light rain,0
Ust-Kamenogorsk,2026-09-16T14:55:10.267095+00:00,1789570510,517402,"Лев Толстой к-сі, 18",49.944817777778,82.653340277778,5,1,,0,0,2,5,pm25,2026-09-16T14:00:00Z,0.9,43,0,CHP,1.76,,72.2,146.4,,108.5,,1.76,4.7,,3.58,,0,1,,0,11.99,94,1018,4,360,light rain,0
Ust-Kamenogorsk,2026-09-16T14:55:10.267095+00:00,1789570510,517507,"М. Тынышпаев к-сі, 126",50.009261944444,82.564498888889,0,0,61,0,21,,-,pm25,2026-08-26T09:00:00Z,509.9,69,0,Kazzinc,4.97,,328.7,310.9,,333.8,,9.02,4.97,,6.73,,0,0,,0,11.99,94,1018,4,360,light rain,0
Karaganda,2026-09-16T14:55:10.267095+00:00,1789570510,506290,Майқұдық,49.89696663495,73.21133762598,57,17,,,,,57,pm25,2026-09-16T14:48:40Z,0.1,54,0,,,,,,,,,,,,,,,,,,13.95,50,1021,2.69,341,overcast clouds,0
Karaganda,2026-09-16T14:55:10.267095+00:00,1789570510,517423,"Мұқанов көшесі,57/3",49.786533888889,73.168150833333,211,113,13,0,4,1,-,pm25,2026-07-02T11:00:00Z,1827.9,41,8.9,,,,,,,,,,,,,,,,,,13.95,50,1021,2.69,341,overcast clouds,0
Pavlodar,2026-09-16T14:55:10.267095+00:00,1789570510,520273,  Торайғыров генералы Дүйсенов көшесі,52.294865277778,76.942828333333,33,11,24,2,25,0,33,pm25,2026-09-16T14:00:00Z,0.9,31,20.5,AluminiumSmelter,7.57,254.6,,,,,7.57,,,,,0,,,,,14.92,82,1018,4,290,scattered clouds,0
Pavlodar,2026-09-16T14:55:10.267095+00:00,1789570510,537550,"Естай к-сі, 54",52.281193333333,76.946898055556,4,1,0,1,4,1,4,pm25,2026-09-16T14:00:00Z,0.9,31,0,AluminiumSmelter,7.86,243.3,,,,,7.86,,,,,0,,,,,14.92,82,1018,4,290,scattered clouds,0
Pavlodar,2026-09-16T14:55:10.267095+00:00,1789570510,573904,Каз. Правда  к-сі,52.252530555556,76.974843611111,,,9,4,0,4,4,pm25,2026-09-16T14:00:00Z,0.9,33,23.3,AluminiumSmelter,8.46,217.3,,,,,8.46,,,,,0,,,,,14.92,82,1018,4,290,scattered clouds,0
Pavlodar,2026-09-16T14:55:10.267095+00:00,1789570510,573907,Ломов к-сі (ПМУ),52.264703055556,76.9640775,,,,1,1,0,0,pm25,2026-09-16T14:00:00Z,0.9,28,17.6,AluminiumSmelter,7.95,227.5,,,,,7.95,,,,,0,,,,,14.92,82,1018,4,290,scattered clouds,0
Pavlodar,2026-09-16T14:55:10.267095+00:00,1789570510,114532,Пед. колледж,52.2789,76.9384,78,27,,,,,-,pm25,2026-08-31T12:48:04Z,386.1,32,0,AluminiumSmelter,8.49,243.5,,,,,8.49,,,,,0,,,,,14.92,82,1018,4,290,scattered clouds,0
Astana,2026-09-16T14:55:10.267095+00:00,1789570510,10497,"Astana, US Embassy, Kazakhstan (Нұр-Сұлтан, АҚШ елшілігі)",51.125286,71.46722,,,10.1,11.1,4,0.1,11,so2,2026-09-16T20:00:00+06:00,0.9,27,27.0,,,,,,,,,,,,,,,,,,15.99,59,1021,2,280,broken clouds,0
Ust-Kamenogorsk,2026-09-16T18:51:49.443488+00:00,1789584709,517390,"Серікбаев көшесі, 19",49.956986944444,82.592090555556,5,1,1,53,3,6,6,pm25,2026-09-16T17:00:00Z,1.9,41,0,UMZ,1.02,,304.9,214.9,,282.5,,3.31,3.12,,1.02,,0,1,,0,11.99,94,1019,0,0,light rain,0
Ust-Kamenogorsk,2026-09-16T18:51:49.443488+00:00,1789584709,517402,"Лев Толстой к-сі, 18",49.944817777778,82.653340277778,5,1,,0,0,1,5,pm25,2026-09-16T17:00:00Z,1.9,43,0,CHP,1.76,,72.2,146.4,,108.5,,1.76,4.7,,3.58,,0,1,,0,11.99,94,1019,0,0,light rain,0
Ust-Kamenogorsk,2026-09-16T18:51:49.443488+00:00,1789584709,517507,"М. Тынышпаев к-сі, 126",50.009261944444,82.564498888889,0,0,61,0,21,,-,pm25,2026-08-26T09:00:00Z,513.9,69,0,Kazzinc,4.97,,328.7,310.9,,333.8,,9.02,4.97,,6.73,,0,0,,0,11.99,94,1019,0,0,light rain,0
Karaganda,2026-09-16T18:51:49.443488+00:00,1789584709,506290,Майқұдық,49.89696663495,73.21133762598,111,42,,,,,111,pm25,2026-09-16T18:48:48Z,0.1,54,0,,,,,,,,,,,,,,,,,,4.95,75,1022,0.88,6,overcast clouds,0
Karaganda,2026-09-16T18:51:49.443488+00:00,1789584709,517423,"Мұқанов көшесі,57/3",49.786533888889,73.168150833333,211,113,14,0,7,1,-,pm25,2026-07-02T11:00:00Z,1831.9,45,0,,,,,,,,,,,,,,,,,,4.95,75,1022,0.88,6,overcast clouds,0
Pavlodar,2026-09-16T18:51:49.443488+00:00,1789584709,520273,  Торайғыров генералы Дүйсенов көшесі,52.294865277778,76.942828333333,31,10,24,2,26,0,31,pm25,2026-09-16T17:00:00Z,1.9,38,0,AluminiumSmelter,7.57,254.6,,,,,7.57,,,,,0,,,,,11.83,85,1018,3.32,294,clear sky,0
Pavlodar,2026-09-16T18:51:49.443488+00:00,1789584709,537550,"Естай к-сі, 54",52.281193333333,76.946898055556,4,1,0,2,3,1,4,pm25,2026-09-16T17:00:00Z,1.9,31,0,AluminiumSmelter,7.86,243.3,,,,,7.86,,,,,0,,,,,11.83,85,1018,3.32,294,clear sky,0
Pavlodar,2026-09-16T18:51:49.443488+00:00,1789584709,573904,Каз. Правда  к-сі,52.252530555556,76.974843611111,,,8,4,0,4,4,pm25,2026-09-16T17:00:00Z,1.9,43,0,AluminiumSmelter,8.46,217.3,,,,,8.46,,,,,0,,,,,11.83,85,1018,3.32,294,clear sky,0
Pavlodar,2026-09-16T18:51:49.443488+00:00,1789584709,573907,Ломов к-сі (ПМУ),52.264703055556,76.9640775,,,,0,0,0,0,pm25,2026-09-16T17:00:00Z,1.9,35,0,AluminiumSmelter,7.95,227.5,,,,,7.95,,,,,0,,,,,11.83,85,1018,3.32,294,clear sky,0
Pavlodar,2026-09-16T18:51:49.443488+00:00,1789584709,114532,Пед. колледж,52.2789,76.9384,78,27,,,,,-,pm25,2026-08-31T12:48:04Z,390.1,32,0,AluminiumSmelter,8.49,243.5,,,,,8.49,,,,,0,,,,,11.83,85,1018,3.32,294,clear sky,0
Astana,2026-09-16T18:51:49.443488+00:00,1789584709,10497,"Astana, US Embassy, Kazakhstan (Нұр-Сұлтан, АҚШ елшілігі)",51.125286,71.46722,,,26.2,12.5,15.1,0.1,15,co,2026-09-17T00:00:00+06:00,0.9,34,5.6,,,,,,,,,,,,,,,,,,7.99,87,1022,2,230,scattered clouds,0
Ust-Kamenogorsk,2026-09-16T22:06:35.037652+00:00,1789596395,517390,"Серікбаев көшесі, 19",49.956986944444,82.592090555556,5,1,1,53,2,5,5,pm25,2026-09-16T21:00:00Z,1.1,41,0,UMZ,1.02,,304.9,214.9,,282.5,,3.31,3.12,,1.02,,0,1,,0,10.99,93,1018,0,0,broken clouds,0
Ust-Kamenogorsk,2026-09-16T22:06:35.037652+00:00,1789596395,517402,"Лев Толстой к-сі, 18",49.944817777778,82.653340277778,4,1,,0,0,2,4,pm25,2026-09-16T21:00:00Z,1.1,43,0,CHP,1.76,,72.2,146.4,,108.5,,1.76,4.7,,3.58,,0,1,,0,10.99,93,1018,0,0,broken clouds,0
Ust-Kamenogorsk,2026-09-16T22:06:35.037652+00:00,1789596395,517507,"М. Тынышпаев к-сі, 126",50.009261944444,82.564498888889,0,0,61,0,21,,-,pm25,2026-08-26T09:00:00Z,517.1,69,0,Kazzinc,4.97,,328.7,310.9,,333.8,,9.02,4.97,,6.73,,0,0,,0,10.99,93,1018,0,0,broken clouds,0
Karaganda,2026-09-16T22:06:35.037652+00:00,1789596395,506290,Майқұдық,49.89696663495,73.21133762598,96,33,,,,,96,pm25,2026-09-16T21:52:56Z,0.2,54,0,,,,,,,,,,,,,,,,,,0.95,86,1022,0.47,175,broken clouds,0
Karaganda,2026-09-16T22:06:35.037652+00:00,1789596395,517423,"Мұқанов көшесі,57/3",49.786533888889,73.168150833333,211,113,11,0,7,1,-,pm25,2026-07-02T11:00:00Z,1835.1,45,0,,,,,,,,,,,,,,,,,,0.95,86,1022,0.47,175,broken clouds,0
Pavlodar,2026-09-16T22:06:35.037652+00:00,1789596395,520273,  Торайғыров генералы Дүйсенов көшесі,52.294865277778,76.942828333333,40,13,24,2,0,0,40,pm25,2026-09-16T21:00:00Z,1.1,38,0,AluminiumSmelter,7.57,254.6,,,,,7.57,,,,,0,,,,,9.92,100,1019,3,280,clear sky,0
Pavlodar,2026-09-16T22:06:35.037652+00:00,1789596395,537550,"Естай к-сі, 54",52.281193333333,76.946898055556,4,1,0,2,3,1,4,pm25,2026-09-16T21:00:00Z,1.1,31,0,AluminiumSmelter,7.86,243.3,,,,,7.86,,,,,0,,,,,9.92,100,1019,3,280,clear sky,0
Pavlodar,2026-09-16T22:06:35.037652+00:00,1789596395,573904,Каз. Правда  к-сі,52.252530555556,76.974843611111,,,2,3,0,4,4,pm25,2026-09-16T21:00:00Z,1.1,43,0,AluminiumSmelter,8.46,217.3,,,,,8.46,,,,,0,,,,,9.92,100,1019,3,280,clear sky,0
Pavlodar,2026-09-16T22:06:35.037652+00:00,1789596395,573907,Ломов к-сі (ПМУ),52.264703055556,76.9640775,,,,0,0,0,0,pm25,2026-09-16T21:00:00Z,1.1,35,0,AluminiumSmelter,7.95,227.5,,,,,7.95,,,,,0,,,,,9.92,100,1019,3,280,clear sky,0
Pavlodar,2026-09-16T22:06:35.037652+00:00,1789596395,114532,Пед. колледж,52.2789,76.9384,78,27,,,,,-,pm25,2026-08-31T12:48:04Z,393.3,32,0,AluminiumSmelter,8.49,243.5,,,,,8.49,,,,,0,,,,,9.92,100,1019,3,280,clear sky,0
Astana,2026-09-16T22:06:35.037652+00:00,1789596395,10497,"Astana, US Embassy, Kazakhstan (Нұр-Сұлтан, АҚШ елшілігі)",51.125286,71.46722,,,23.2,13.2,10.9,0.1,13,so2,2026-09-17T03:00:00+06:00,1.1,36,0,,,,,,,,,,,,,,,,,,5.99,93,1021,0,0,scattered clouds,0
Ust-Kamenogorsk,2026-09-17T00:26:10.900418+00:00,1789604770,517390,"Серікбаев көшесі, 19",49.956986944444,82.592090555556,5,1,1,53,2,4,4,pm25,2026-09-17T00:00:00Z,0.4,41,0,UMZ,1.02,,304.9,214.9,,282.5,,3.31,3.12,,1.02,,1,0,,1,10.99,100,1020,2,150,broken clouds,0
Ust-Kamenogorsk,2026-09-17T00:26:10.900418+00:00,1789604770,517402,"Лев Толстой к-сі, 18",49.944817777778,82.653340277778,4,1,,0,0,2,4,pm25,2026-09-17T00:00:00Z,0.4,43,0,CHP,1.76,,72.2,146.4,,108.5,,1.76,4.7,,3.58,,0,0,,0,10.99,100,1020,2,150,broken clouds,0
Ust-Kamenogorsk,2026-09-17T00:26:10.900418+00:00,1789604770,517507,"М. Тынышпаев к-сі, 126",50.009261944444,82.564498888889,0,0,61,0,21,,-,pm25,2026-08-26T09:00:00Z,519.4,69,0,Kazzinc,4.97,,328.7,310.9,,333.8,,9.02,4.97,,6.73,,1,1,,1,10.99,100,1020,2,150,broken clouds,0
Karaganda,2026-09-17T00:26:10.900418+00:00,1789604770,506290,Майқұдық,49.89696663495,73.21133762598,83,32,,,,,83,pm25,2026-09-17T00:17:41Z,0.1,54,0,,,,,,,,,,,,,,,,,,-1.05,85,1022,1.25,203,scattered clouds,0
Karaganda,2026-09-17T00:26:10.900418+00:00,1789604770,517423,"Мұқанов көшесі,57/3",49.786533888889,73.168150833333,211,113,4,0,3,1,-,pm25,2026-07-02T11:00:00Z,1837.4,45,0,,,,,,,,,,,,,,,,,,-1.05,85,1022,1.25,203,scattered clouds,0
Pavlodar,2026-09-17T00:26:10.900418+00:00,1789604770,520273,  Торайғыров генералы Дүйсенов көшесі,52.294865277778,76.942828333333,38,12,24,2,0,0,38,pm25,2026-09-17T00:00:00Z,0.4,38,0,AluminiumSmelter,7.57,254.6,,,,,7.57,,,,,0,,,,,8.92,100,1020,3,280,clear sky,0
Pavlodar,2026-09-17T00:26:10.900418+00:00,1789604770,537550,"Естай к-сі, 54",52.281193333333,76.946898055556,4,1,0,1,3,1,4,pm25,2026-09-17T00:00:00Z,0.4,31,0,AluminiumSmelter,7.86,243.3,,,,,7.86,,,,,0,,,,,8.92,100,1020,3,280,clear sky,0
Pavlodar,2026-09-17T00:26:10.900418+00:00,1789604770,573904,Каз. Правда  к-сі,52.252530555556,76.974843611111,,,1,4,0,4,4,pm25,2026-09-17T00:00:00Z,0.4,43,0,AluminiumSmelter,8.46,217.3,,,,,8.46,,,,,0,,,,,8.92,100,1020,3,280,clear sky,0
Pavlodar,2026-09-17T00:26:10.900418+00:00,1789604770,573907,Ломов к-сі (ПМУ),52.264703055556,76.9640775,,,,0,0,0,0,pm25,2026-09-17T00:00:00Z,0.4,35,0,AluminiumSmelter,7.95,227.5,,,,,7.95,,,,,0,,,,,8.92,100,1020,3,280,clear sky,0
Pavlodar,2026-09-17T00:26:10.900418+00:00,1789604770,114532,Пед. колледж,52.2789,76.9384,78,27,,,,,-,pm25,2026-08-31T12:48:04Z,395.6,32,0,AluminiumSmelter,8.49,243.5,,,,,8.49,,,,,0,,,,,8.92,100,1020,3,280,clear sky,0
Astana,2026-09-17T00:26:10.900418+00:00,1789604770,10497,"Astana, US Embassy, Kazakhstan (Нұр-Сұлтан, АҚШ елшілігі)",51.125286,71.46722,,,6.7,11.3,2.9,0.1,11,so2,2026-09-17T06:00:00+06:00,0.4,35,2.8,,,,,,,,,,,,,,,,,,5.99,93,1022,1,190,scattered clouds,0
Ust-Kamenogorsk,2026-09-17T05:20:16.641065+00:00,1789622416,517390,"Серікбаев көшесі, 19",49.956986944444,82.592090555556,5,1,1,53,2,10,10,pm25,2026-09-17T05:00:00Z,0.3,41,0,UMZ,1.02,,304.9,214.9,,282.5,,3.31,3.12,,1.02,,0,0,,0,14.99,82,1021,2,280,overcast clouds,0
Ust-Kamenogorsk,2026-09-17T05:20:16.641065+00:00,1789622416,517402,"Лев Толстой к-сі, 18",49.944817777778,82.653340277778,7,2,,0,0,2,7,pm25,2026-09-17T05:00:00Z,0.3,35,18.6,CHP,1.76,,72.2,146.4,,108.5,,1.76,4.7,,3.58,,1,1,,1,14.99,82,1021,2,280,overcast clouds,0
Ust-Kamenogorsk,2026-09-17T05:20:16.641065+00:00,1789622416,517507,"М. Тынышпаев к-сі, 126",50.009261944444,82.564498888889,0,0,61,0,21,,-,pm25,2026-08-26T09:00:00Z,524.3,69,0,Kazzinc,4.97,,328.7,310.9,,333.8,,9.02,4.97,,6.73,,0,0,,0,14.99,82,1021,2,280,overcast clouds,0
Karaganda,2026-09-17T05:20:16.641065+00:00,1789622416,506290,Майқұдық,49.89696663495,73.21133762598,54,13,,,,,54,pm25,2026-09-17T05:12:03Z,0.1,54,0,,,,,,,,,,,,,,,,,,17.95,47,1023,2.27,228,few clouds,0
Karaganda,2026-09-17T05:20:16.641065+00:00,1789622416,517423,"Мұқанов көшесі,57/3",49.786533888889,73.168150833333,211,113,0,1,1,1,-,pm25,2026-07-02T11:00:00Z,1842.3,39,13.3,,,,,,,,,,,,,,,,,,17.95,47,1023,2.27,228,few clouds,0
Pavlodar,2026-09-17T05:20:16.641065+00:00,1789622416,520273,  Торайғыров генералы Дүйсенов көшесі,52.294865277778,76.942828333333,48,16,24,2,1,0,48,pm25,2026-09-17T05:00:00Z,0.3,28,26.3,AluminiumSmelter,7.57,254.6,,,,,7.57,,,,,0,,,,,17.92,68,1021,4,290,broken clouds,0
Pavlodar,2026-09-17T05:20:16.641065+00:00,1789622416,537550,"Естай к-сі, 54",52.281193333333,76.946898055556,4,1,0,2,4,1,4,pm25,2026-09-17T05:00:00Z,0.3,31,0,AluminiumSmelter,7.86,243.3,,,,,7.86,,,,,0,,,,,17.92,68,1021,4,290,broken clouds,0
Pavlodar,2026-09-17T05:20:16.641065+00:00,1789622416,573904,Каз. Правда  к-сі,52.252530555556,76.974843611111,,,4,3,0,4,4,pm25,2026-09-17T05:00:00Z,0.3,37,14.0,AluminiumSmelter,8.46,217.3,,,,,8.46,,,,,0,,,,,17.92,68,1021,4,290,broken clouds,0
Pavlodar,2026-09-17T05:20:16.641065+00:00,1789622416,573907,Ломов к-сі (ПМУ),52.264703055556,76.9640775,,,,0,3,0,0,pm25,2026-09-17T05:00:00Z,0.3,25,26.5,AluminiumSmelter,7.95,227.5,,,,,7.95,,,,,0,,,,,17.92,68,1021,4,290,broken clouds,0
Pavlodar,2026-09-17T05:20:16.641065+00:00,1789622416,114532,Пед. колледж,52.2789,76.9384,78,27,,,,,-,pm25,2026-08-31T12:48:04Z,400.5,26,21.2,AluminiumSmelter,8.49,243.5,,,,,8.49,,,,,0,,,,,17.92,68,1021,4,290,broken clouds,0
Astana,2026-09-17T05:20:16.641065+00:00,1789622416,10497,"Astana, US Embassy, Kazakhstan (Нұр-Сұлтан, АҚШ елшілігі)",51.125286,71.46722,,,12.7,13.4,4.6,0.1,13,so2,2026-09-17T11:00:00+06:00,0.3,30,16.7,,,,,,,,,,,,,,,,,,16.99,55,1022,4,240,broken clouds,0
Ust-Kamenogorsk,2026-09-17T10:24:33.604974+00:00,1789640673,517390,"Серікбаев көшесі, 19",49.956986944444,82.592090555556,5,1,1,53,3,11,11,pm25,2026-09-17T10:00:00Z,0.4,41,0,UMZ,1.02,,304.9,214.9,,282.5,,3.31,3.12,,1.02,,1,1,,1,17.99,63,1021,3,70,broken clouds,0
Ust-Kamenogorsk,2026-09-17T10:24:33.604974+00:00,1789640673,517402,"Лев Толстой к-сі, 18",49.944817777778,82.653340277778,7,2,,0,1,2,7,pm25,2026-09-17T10:00:00Z,0.4,43,0,CHP,1.76,,72.2,146.4,,108.5,,1.76,4.7,,3.58,,0,0,,0,17.99,63,1021,3,70,broken clouds,0
Ust-Kamenogorsk,2026-09-17T10:24:33.604974+00:00,1789640673,517507,"М. Тынышпаев к-сі, 126",50.009261944444,82.564498888889,0,0,61,0,21,,-,pm25,2026-08-26T09:00:00Z,529.4,69,0,Kazzinc,4.97,,328.7,310.9,,333.8,,9.02,4.97,,6.73,,0,0,,0,17.99,63,1021,3,70,broken clouds,0
Karaganda,2026-09-17T10:24:33.604974+00:00,1789640673,506290,Майқұдық,49.89696663495,73.21133762598,41,9,,,,,41,pm25,2026-09-17T10:16:35Z,0.1,54,0,,,,,,,,,,,,,,,,,,21.95,31,1020,1.12,252,clear sky,0
Karaganda,2026-09-17T10:24:33.604974+00:00,1789640673,517423,"Мұқанов көшесі,57/3",49.786533888889,73.168150833333,211,113,4,1,1,1,-,pm25,2026-07-02T11:00:00Z,1847.4,40,11.1,,,,,,,,,,,,,,,,,,21.95,31,1020,1.12,252,clear sky,0
Pavlodar,2026-09-17T10:24:33.604974+00:00,1789640673,520273,  Торайғыров генералы Дүйсенов көшесі,52.294865277778,76.942828333333,40,14,24,2,0,0,40,pm25,2026-09-17T10:00:00Z,0.4,32,15.8,AluminiumSmelter,7.57,254.6,,,,,7.57,,,,,0,,,,,20.92,46,1019,3,280,broken clouds,0
Pavlodar,2026-09-17T10:24:33.604974+00:00,1789640673,537550,"Естай к-сі, 54",52.281193333333,76.946898055556,4,1,0,2,4,1,4,pm25,2026-09-17T10:00:00Z,0.4,31,0,AluminiumSmelter,7.86,243.3,,,,,7.86,,,,,0,,,,,20.92,46,1019,3,280,broken clouds,0
Pavlodar,2026-09-17T10:24:33.604974+00:00,1789640673,573904,Каз. Правда  к-сі,52.252530555556,76.974843611111,,,4,3,0,4,4,pm25,2026-09-17T10:00:00Z,0.4,37,14.0,AluminiumSmelter,8.46,217.3,,,,,8.46,,,,,0,,,,,20.92,46,1019,3,280,broken clouds,0
Pavlodar,2026-09-17T10:24:33.604974+00:00,1789640673,573907,Ломов к-сі (ПМУ),52.264703055556,76.9640775,,,,1,1,0,0,pm25,2026-09-17T10:00:00Z,0.4,27,20.6,AluminiumSmelter,7.95,227.5,,,,,7.95,,,,,0,,,,,20.92,46,1019,3,280,broken clouds,0
Pavlodar,2026-09-17T10:24:33.604974+00:00,1789640673,114532,Пед. колледж,52.2789,76.9384,78,27,,,,,-,pm25,2026-08-31T12:48:04Z,405.6,32,0,AluminiumSmelter,8.49,243.5,,,,,8.49,,,,,0,,,,,20.92,46,1019,3,280,broken clouds,0
Astana,2026-09-17T10:24:33.604974+00:00,1789640673,10497,"Astana, US Embassy, Kazakhstan (Нұр-Сұлтан, АҚШ елшілігі)",51.125286,71.46722,,,2.9,12,2.2,0.1,12,so2,2026-09-17T15:00:00+06:00,1.4,30,16.7,,,,,,,,,,,,,,,,,,23.99,35,1019,6,240,scattered clouds,0
Ust-Kamenogorsk,2026-09-17T15:17:55.057872+00:00,1789658275,517390,"Серікбаев көшесі, 19",49.956986944444,82.592090555556,5,1,1,53,12,3,3,pm25,2026-09-17T14:00:00Z,1.3,41,0,UMZ,1.02,,304.9,214.9,,282.5,,3.31,3.12,,1.02,,0,1,,0,9.99,87,1022,0,0,scattered clouds,0
Ust-Kamenogorsk,2026-09-17T15:17:55.057872+00:00,1789658275,517402,"Лев Толстой к-сі, 18",49.944817777778,82.653340277778,10,2,,0,0,2,10,pm25,2026-09-17T14:00:00Z,1.3,43,0,CHP,1.76,,72.2,146.4,,108.5,,1.76,4.7,,3.58,,0,1,,0,9.99,87,1022,0,0,scattered clouds,0
Ust-Kamenogorsk,2026-09-17T15:17:55.057872+00:00,1789658275,517507,"М. Тынышпаев к-сі, 126",50.009261944444,82.564498888889,0,0,61,0,21,,-,pm25,2026-08-26T09:00:00Z,534.3,69,0,Kazzinc,4.97,,328.7,310.9,,333.8,,9.02,4.97,,6.73,,0,0,,0,9.99,87,1022,0,0,scattered clouds,0
Karaganda,2026-09-17T15:17:55.057872+00:00,1789658275,506290,Майқұдық,49.89696663495,73.21133762598,152,59,,,,,152,pm25,2026-09-17T15:04:44Z,0.2,54,0,,,,,,,,,,,,,,,,,,11.95,43,1021,2.54,144,scattered clouds,0
Karaganda,2026-09-17T15:17:55.057872+00:00,1789658275,517423,"Мұқанов көшесі,57/3",49.786533888889,73.168150833333,211,113,17,0,7,1,-,pm25,2026-07-02T11:00:00Z,1852.3,45,0,,,,,,,,,,,,,,,,,,11.95,43,1021,2.54,144,scattered clouds,0
Pavlodar,2026-09-17T15:17:55.057872+00:00,1789658275,520273,  Торайғыров генералы Дүйсенов көшесі,52.294865277778,76.942828333333,54,25,24,2,13,0,54,pm25,2026-09-17T14:00:00Z,1.3,27,28.9,AluminiumSmelter,7.57,254.6,,,,,7.57,,,,,0,,,,,12.92,82,1020,4,140,broken clouds,0
Pavlodar,2026-09-17T15:17:55.057872+00:00,1789658275,537550,"Естай к-сі, 54",52.281193333333,76.946898055556,4,1,0,2,7,1,4,pm25,2026-09-17T14:00:00Z,1.3,31,0,AluminiumSmelter,7.86,243.3,,,,,7.86,,,,,0,,,,,12.92,82,1020,4,140,broken clouds,0
Pavlodar,2026-09-17T15:17:55.057872+00:00,1789658275,573904,Каз. Правда  к-сі,52.252530555556,76.974843611111,,,19,4,0,4,4,pm25,2026-09-17T14:00:00Z,1.3,43,0,AluminiumSmelter,8.46,217.3,,,,,8.46,,,,,0,,,,,12.92,82,1020,4,140,broken clouds,0
Pavlodar,2026-09-17T15:17:55.057872+00:00,1789658275,573907,Ломов к-сі (ПМУ),52.264703055556,76.9640775,,,,0,6,0,0,pm25,2026-09-17T14:00:00Z,1.3,26,23.5,AluminiumSmelter,7.95,227.5,,,,,7.95,,,,,0,,,,,12.92,82,1020,4,140,broken clouds,0
Pavlodar,2026-09-17T15:17:55.057872+00:00,1789658275,114532,Пед. колледж,52.2789,76.9384,78,27,,,,,-,pm25,2026-08-31T12:48:04Z,410.5,32,0,AluminiumSmelter,8.49,243.5,,,,,8.49,,,,,0,,,,,12.92,82,1020,4,140,broken clouds,0
Astana,2026-09-17T15:17:55.057872+00:00,1789658275,10497,"Astana, US Embassy, Kazakhstan (Нұр-Сұлтан, АҚШ елшілігі)",51.125286,71.46722,,,21.8,12.3,6.5,0.1,12,so2,2026-09-17T20:00:00+06:00,1.3,31,13.9,,,,,,,,,,,,,,,,,,14.99,58,1019,3,180,overcast clouds,0
Ust-Kamenogorsk,2026-09-17T19:14:31.856089+00:00,1789672471,517390,"Серікбаев көшесі, 19",49.956986944444,82.592090555556,5,1,1,53,15,2,2,pm25,2026-09-17T18:00:00Z,1.2,41,0,UMZ,1.02,,304.9,214.9,,282.5,,3.31,3.12,,1.02,,1,0,,1,9.21,91,1022,0.97,101,clear sky,0
Ust-Kamenogorsk,2026-09-17T19:14:31.856089+00:00,1789672471,517402,"Лев Толстой к-сі, 18",49.944817777778,82.653340277778,7,1,,0,1,2,7,pm25,2026-09-17T18:00:00Z,1.2,43,0,CHP,1.76,,72.2,146.4,,108.5,,1.76,4.7,,3.58,,0,0,,0,9.21,91,1022,0.97,101,clear sky,0
Ust-Kamenogorsk,2026-09-17T19:14:31.856089+00:00,1789672471,517507,"М. Тынышпаев к-сі, 126",50.009261944444,82.564498888889,0,0,61,0,21,,-,pm25,2026-08-26T09:00:00Z,538.2,69,0,Kazzinc,4.97,,328.7,310.9,,333.8,,9.02,4.97,,6.73,,1,1,,1,9.21,91,1022,0.97,101,clear sky,0
Karaganda,2026-09-17T19:14:31.856089+00:00,1789672471,506290,Майқұдық,49.89696663495,73.21133762598,56,16,,,,,56,pm25,2026-09-17T19:07:34Z,0.1,54,0,,,,,,,,,,,,,,,,,,4.95,57,1020,2.88,157,overcast clouds,0
Karaganda,2026-09-17T19:14:31.856089+00:00,1789672471,517423,"Мұқанов көшесі,57/3",49.786533888889,73.168150833333,211,113,9,1,3,1,-,pm25,2026-07-02T11:00:00Z,1856.2,45,0,,,,,,,,,,,,,,,,,,4.95,57,1020,2.88,157,overcast clouds,0
Pavlodar,2026-09-17T19:14:31.856089+00:00,1789672471,520273,  Торайғыров генералы Дүйсенов көшесі,52.294865277778,76.942828333333,54,20,24,2,12,0,54,pm25,2026-09-17T18:00:00Z,1.2,38,0,AluminiumSmelter,7.57,254.6,,,,,7.57,,,,,0,,,,,14.74,54,1019,4.47,172,broken clouds,0
Pavlodar,2026-09-17T19:14:31.856089+00:00,1789672471,537550,"Естай к-сі, 54",52.281193333333,76.946898055556,4,1,0,2,7,1,4,pm25,2026-09-17T18:00:00Z,1.2,31,0,AluminiumSmelter,7.86,243.3,,,,,7.86,,,,,0,,,,,14.74,54,1019,4.47,172,broken clouds,0
Pavlodar,2026-09-17T19:14:31.856089+00:00,1789672471,573904,Каз. Правда  к-сі,52.252530555556,76.974843611111,,,18,4,0,4,4,pm25,2026-09-17T18:00:00Z,1.2,43,0,AluminiumSmelter,8.46,217.3,,,,,8.46,,,,,0,,,,,14.74,54,1019,4.47,172,broken clouds,0
Pavlodar,2026-09-17T19:14:31.856089+00:00,1789672471,573907,Ломов к-сі (ПМУ),52.264703055556,76.9640775,,,,0,1,0,0,pm25,2026-09-17T18:00:00Z,1.2,35,0,AluminiumSmelter,7.95,227.5,,,,,7.95,,,,,0,,,,,14.74,54,1019,4.47,172,broken clouds,0
Pavlodar,2026-09-17T19:14:31.856089+00:00,1789672471,114532,Пед. колледж,52.2789,76.9384,78,27,,,,,-,pm25,2026-08-31T12:48:04Z,414.4,32,0,AluminiumSmelter,8.49,243.5,,,,,8.49,,,,,0,,,,,14.74,54,1019,4.47,172,broken clouds,0
Astana,2026-09-17T19:14:31.856089+00:00,1789672471,10497,"Astana, US Embassy, Kazakhstan (Нұр-Сұлтан, АҚШ елшілігі)",51.125286,71.46722,,,8.6,12.4,3.1,0.1,12,so2,2026-09-18T00:00:00+06:00,1.2,34,5.6,,,,,,,,,,,,,,,,,,11.99,66,1018,3,190,overcast clouds,0
Ust-Kamenogorsk,2026-09-17T22:10:05.695185+00:00,1789683005,517390,"Серікбаев көшесі, 19",49.956986944444,82.592090555556,5,1,1,53,7,1,1,pm25,2026-09-17T21:00:00Z,1.2,41,0,UMZ,1.02,,304.9,214.9,,282.5,,3.31,3.12,,1.02,,1,1,,1,8.71,91,1022,0.97,91,clear sky,0
Ust-Kamenogorsk,2026-09-17T22:10:05.695185+00:00,1789683005,517402,"Лев Толстой к-сі, 18",49.944817777778,82.653340277778,7,2,,0,0,2,7,pm25,2026-09-17T21:00:00Z,1.2,43,0,CHP,1.76,,72.2,146.4,,108.5,,1.76,4.7,,3.58,,0,0,,0,8.71,91,1022,0.97,91,clear sky,0
Ust-Kamenogorsk,2026-09-17T22:10:05.695185+00:00,1789683005,517507,"М. Тынышпаев к-сі, 126",50.009261944444,82.564498888889,0,0,61,0,21,,-,pm25,2026-08-26T09:00:00Z,541.2,69,0,Kazzinc,4.97,,328.7,310.9,,333.8,,9.02,4.97,,6.73,,1,1,,0,8.71,91,1022,0.97,91,clear sky,0
Karaganda,2026-09-17T22:10:05.695185+00:00,1789683005,506290,Майқұдық,49.89696663495,73.21133762598,38,9,,,,,38,pm25,2026-09-17T22:07:02Z,0.1,54,0,,,,,,,,,,,,,,,,,,3.95,46,1019,2.91,170,overcast clouds,0
Karaganda,2026-09-17T22:10:05.695185+00:00,1789683005,517423,"Мұқанов көшесі,57/3",49.786533888889,73.168150833333,211,113,4,1,2,1,-,pm25,2026-07-02T11:00:00Z,1859.2,45,0,,,,,,,,,,,,,,,,,,3.95,46,1019,2.91,170,overcast clouds,0
Pavlodar,2026-09-17T22:10:05.695185+00:00,1789683005,520273,  Торайғыров генералы Дүйсенов көшесі,52.294865277778,76.942828333333,55,21,24,2,0,0,55,pm25,2026-09-17T21:00:00Z,1.2,38,0,AluminiumSmelter,7.57,254.6,,,,,7.57,,,,,0,,,,,11.92,82,1018,4,160,broken clouds,0
Pavlodar,2026-09-17T22:10:05.695185+00:00,1789683005,537550,"Естай к-сі, 54",52.281193333333,76.946898055556,4,1,0,2,3,1,4,pm25,2026-09-17T21:00:00Z,1.2,31,0,AluminiumSmelter,7.86,243.3,,,,,7.86,,,,,0,,,,,11.92,82,1018,4,160,broken clouds,0
Pavlodar,2026-09-17T22:10:05.695185+00:00,1789683005,573904,Каз. Правда  к-сі,52.252530555556,76.974843611111,,,6,4,0,4,4,pm25,2026-09-17T21:00:00Z,1.2,43,0,AluminiumSmelter,8.46,217.3,,,,,8.46,,,,,0,,,,,11.92,82,1018,4,160,broken clouds,0
Pavlodar,2026-09-17T22:10:05.695185+00:00,1789683005,573907,Ломов к-сі (ПМУ),52.264703055556,76.9640775,,,,1,0,0,0,pm25,2026-09-17T21:00:00Z,1.2,35,0,AluminiumSmelter,7.95,227.5,,,,,7.95,,,,,0,,,,,11.92,82,1018,4,160,broken clouds,0
Pavlodar,2026-09-17T22:10:05.695185+00:00,1789683005,114532,Пед. колледж,52.2789,76.9384,78,27,,,,,-,pm25,2026-08-31T12:48:04Z,417.4,32,0,AluminiumSmelter,8.49,243.5,,,,,8.49,,,,,0,,,,,11.92,82,1018,4,160,broken clouds,0
Astana,2026-09-17T22:10:05.695185+00:00,1789683005,10497,"Astana, US Embassy, Kazakhstan (Нұр-Сұлтан, АҚШ елшілігі)",51.125286,71.46722,,,6,11.9,2.9,0.1,12,so2,2026-09-18T03:00:00+06:00,1.2,35,2.8,,,,,,,,,,,,,,,,,,10.99,66,1017,2,210,overcast clouds,0
Ust-Kamenogorsk,2026-09-18T00:12:36.920722+00:00,1789690356,517390,"Серікбаев көшесі, 19",49.956986944444,82.592090555556,5,1,1,53,3,1,1,pm25,2026-09-17T23:00:00Z,1.2,41,0,UMZ,1.02,,304.9,214.9,,282.5,,3.31,3.12,,1.02,,0,1,,0,5.99,93,1023,0,0,clear sky,0
Ust-Kamenogorsk,2026-09-18T00:12:36.920722+00:00,1789690356,517402,"Лев Толстой к-сі, 18",49.944817777778,82.653340277778,5,1,,0,0,1,5,pm25,2026-09-17T23:00:00Z,1.2,43,0,CHP,1.76,,72.2,146.4,,108.5,,1.76,4.7,,3.58,,0,1,,0,5.99,93,1023,0,0,clear sky,0
Ust-Kamenogorsk,2026-09-18T00:12:36.920722+00:00,1789690356,517507,"М. Тынышпаев к-сі, 126",50.009261944444,82.564498888889,0,0,61,0,21,,-,pm25,2026-08-26T09:00:00Z,543.2,69,0,Kazzinc,4.97,,328.7,310.9,,333.8,,9.02,4.97,,6.73,,0,0,,0,5.99,93,1023,0,0,clear sky,0
Karaganda,2026-09-18T00:12:36.920722+00:00,1789690356,506290,Майқұдық,49.89696663495,73.21133762598,33,8,,,,,33,pm25,2026-09-18T00:04:37Z,0.1,54,0,,,,,,,,,,,,,,,,,,3.95,46,1019,2.57,180,overcast clouds,0
Karaganda,2026-09-18T00:12:36.920722+00:00,1789690356,517423,"Мұқанов көшесі,57/3",49.786533888889,73.168150833333,211,113,2,0,1,1,-,pm25,2026-07-02T11:00:00Z,1861.2,45,0,,,,,,,,,,,,,,,,,,3.95,46,1019,2.57,180,overcast clouds,0
Pavlodar,2026-09-18T00:12:36.920722+00:00,1789690356,520273,  Торайғыров генералы Дүйсенов көшесі,52.294865277778,76.942828333333,57,22,24,2,0,0,57,pm25,2026-09-17T23:00:00Z,1.2,38,0,AluminiumSmelter,7.57,254.6,,,,,7.57,,,,,0,,,,,11.92,82,1018,3,160,broken clouds,0
Pavlodar,2026-09-18T00:12:36.920722+00:00,1789690356,537550,"Естай к-сі, 54",52.281193333333,76.946898055556,4,1,0,1,4,1,4,pm25,2026-09-17T23:00:00Z,1.2,31,0,AluminiumSmelter,7.86,243.3,,,,,7.86,,,,,0,,,,,11.92,82,1018,3,160,broken clouds,0
Pavlodar,2026-09-18T00:12:36.920722+00:00,1789690356,573904,Каз. Правда  к-сі,52.252530555556,76.974843611111,,,3,3,0,4,4,pm25,2026-09-17T23:00:00Z,1.2,43,0,AluminiumSmelter,8.46,217.3,,,,,8.46,,,,,0,,,,,11.92,82,1018,3,160,broken clouds,0
Pavlodar,2026-09-18T00:12:36.920722+00:00,1789690356,573907,Ломов к-сі (ПМУ),52.264703055556,76.9640775,,,,1,0,0,0,pm25,2026-09-17T23:00:00Z,1.2,35,0,AluminiumSmelter,7.95,227.5,,,,,7.95,,,,,0,,,,,11.92,82,1018,3,160,broken clouds,0
Pavlodar,2026-09-18T00:12:36.920722+00:00,1789690356,114532,Пед. колледж,52.2789,76.9384,78,27,,,,,-,pm25,2026-08-31T12:48:04Z,419.4,32,0,AluminiumSmelter,8.49,243.5,,,,,8.49,,,,,0,,,,,11.92,82,1018,3,160,broken clouds,0
Astana,2026-09-18T00:12:36.920722+00:00,1789690356,10497,"Astana, US Embassy, Kazakhstan (Нұр-Сұлтан, АҚШ елшілігі)",51.125286,71.46722,,,2.8,12.1,1.9,0.1,12,so2,2026-09-18T05:00:00+06:00,1.2,35,2.8,,,,,,,,,,,,,,,,,,10.99,66,1017,3,190,overcast clouds,0
Ust-Kamenogorsk,2026-09-18T04:40:09.259496+00:00,1789706409,517390,"Серікбаев көшесі, 19",49.956986944444,82.592090555556,5,1,1,53,4,4,4,pm25,2026-09-18T04:00:00Z,0.7,41,0,UMZ,1.02,,304.9,214.9,,282.5,,3.31,3.12,,1.02,,0,1,,0,10.99,100,1022,1,0,clear sky,0
Ust-Kamenogorsk,2026-09-18T04:40:09.259496+00:00,1789706409,517402,"Лев Толстой к-сі, 18",49.944817777778,82.653340277778,4,1,,0,1,2,4,pm25,2026-09-18T04:00:00Z,0.7,43,0,CHP,1.76,,72.2,146.4,,108.5,,1.76,4.7,,3.58,,0,1,,0,10.99,100,1022,1,0,clear sky,0
Ust-Kamenogorsk,2026-09-18T04:40:09.259496+00:00,1789706409,517507,"М. Тынышпаев к-сі, 126",50.009261944444,82.564498888889,0,0,61,0,21,,-,pm25,2026-08-26T09:00:00Z,547.7,69,0,Kazzinc,4.97,,328.7,310.9,,333.8,,9.02,4.97,,6.73,,0,0,,0,10.99,100,1022,1,0,clear sky,0
Karaganda,2026-09-18T04:40:09.259496+00:00,1789706409,506290,Майқұдық,49.89696663495,73.21133762598,29,6,,,,,29,pm25,2026-09-18T04:24:12Z,0.3,54,0,,,,,,,,,,,,,,,,,,20.95,28,1019,4.73,224,overcast clouds,0
Karaganda,2026-09-18T04:40:09.259496+00:00,1789706409,517423,"Мұқанов көшесі,57/3",49.786533888889,73.168150833333,211,113,8,1,2,1,-,pm25,2026-07-02T11:00:00Z,1865.7,38,15.6,,,,,,,,,,,,,,,,,,20.95,28,1019,4.73,224,overcast clouds,0
Pavlodar,2026-09-18T04:40:09.259496+00:00,1789706409,520273,  Торайғыров генералы Дүйсенов көшесі,52.294865277778,76.942828333333,65,35,24,2,7,0,65,pm25,2026-09-18T04:00:00Z,0.7,38,0,AluminiumSmelter,7.57,254.6,,,,,7.57,,,,,0,,,,,18.92,52,1017,4,190,overcast clouds,0
Pavlodar,2026-09-18T04:40:09.259496+00:00,1789706409,537550,"Естай к-сі, 54",52.281193333333,76.946898055556,4,1,0,2,9,1,4,pm25,2026-09-18T04:00:00Z,0.7,31,0,AluminiumSmelter,7.86,243.3,,,,,7.86,,,,,0,,,,,18.92,52,1017,4,190,overcast clouds,0
Pavlodar,2026-09-18T04:40:09.259496+00:00,1789706409,573904,Каз. Правда  к-сі,52.252530555556,76.974843611111,,,8,4,0,4,4,pm25,2026-09-18T04:00:00Z,0.7,43,0,AluminiumSmelter,8.46,217.3,,,,,8.46,,,,,0,,,,,18.92,52,1017,4,190,overcast clouds,0
Pavlodar,2026-09-18T04:40:09.259496+00:00,1789706409,573907,Ломов к-сі (ПМУ),52.264703055556,76.9640775,,,,0,7,0,0,pm25,2026-09-18T04:00:00Z,0.7,26,23.5,AluminiumSmelter,7.95,227.5,,,,,7.95,,,,,0,,,,,18.92,52,1017,4,190,overcast clouds,0
Pavlodar,2026-09-18T04:40:09.259496+00:00,1789706409,114532,Пед. колледж,52.2789,76.9384,78,27,,,,,-,pm25,2026-08-31T12:48:04Z,423.9,25,21.9,AluminiumSmelter,8.49,243.5,,,,,8.49,,,,,0,,,,,18.92,52,1017,4,190,overcast clouds,0
Astana,2026-09-18T04:40:09.259496+00:00,1789706409,10497,"Astana, US Embassy, Kazakhstan (Нұр-Сұлтан, АҚШ елшілігі)",51.125286,71.46722,,,11.6,16.2,4.2,0.1,16,so2,2026-09-18T10:00:00+06:00,0.7,31,13.9,,,,,,,,,,,,,,,,,,16.99,45,1017,5,210,overcast clouds,0
Ust-Kamenogorsk,2026-09-18T09:10:56.413327+00:00,1789722656,517390,"Серікбаев көшесі, 19",49.956986944444,82.592090555556,5,1,1,53,3,11,11,pm25,2026-09-18T08:00:00Z,1.2,41,0,UMZ,1.02,,304.9,214.9,,282.5,,3.31,3.12,,1.02,,0,0,,0,20.99,46,1020,2,310,scattered clouds,0
Ust-Kamenogorsk,2026-09-18T09:10:56.413327+00:00,1789722656,517402,"Лев Толстой к-сі, 18",49.944817777778,82.653340277778,5,1,,0,2,5,5,pm25,2026-09-18T08:00:00Z,1.2,35,18.6,CHP,1.76,,72.2,146.4,,108.5,,1.76,4.7,,3.58,,1,1,,1,20.99,46,1020,2,310,scattered clouds,0
Ust-Kamenogorsk,2026-09-18T09:10:56.413327+00:00,1789722656,517507,"М. Тынышпаев к-сі, 126",50.009261944444,82.564498888889,0,0,61,0,21,,-,pm25,2026-08-26T09:00:00Z,552.2,69,0,Kazzinc,4.97,,328.7,310.9,,333.8,,9.02,4.97,,6.73,,0,0,,0,20.99,46,1020,2,310,scattered clouds,0
Karaganda,2026-09-18T09:10:56.413327+00:00,1789722656,506290,Майқұдық,49.89696663495,73.21133762598,33,8,,,,,33,pm25,2026-09-18T08:59:06Z,0.2,54,0,,,,,,,,,,,,,,,,,,24.95,23,1017,5.31,220,overcast clouds,0
Karaganda,2026-09-18T09:10:56.413327+00:00,1789722656,517423,"Мұқанов көшесі,57/3",49.786533888889,73.168150833333,211,113,0,1,1,1,-,pm25,2026-07-02T11:00:00Z,1870.2,45,0,,,,,,,,,,,,,,,,,,24.95,23,1017,5.31,220,overcast clouds,0
Pavlodar,2026-09-18T09:10:56.413327+00:00,1789722656,520273,  Торайғыров генералы Дүйсенов көшесі,52.294865277778,76.942828333333,47,30,24,2,4,0,47,pm25,2026-09-18T08:00:00Z,1.2,30,21.1,AluminiumSmelter,7.57,254.6,,,,,7.57,,,,,0,,,,,25.92,29,1015,7,210,overcast clouds,0
Pavlodar,2026-09-18T09:10:56.413327+00:00,1789722656,537550,"Естай к-сі, 54",52.281193333333,76.946898055556,4,1,0,9,9,1,4,pm25,2026-09-18T08:00:00Z,1.2,31,0,AluminiumSmelter,7.86,243.3,,,,,7.86,,,,,0,,,,,25.92,29,1015,7,210,overcast clouds,0
Pavlodar,2026-09-18T09:10:56.413327+00:00,1789722656,573904,Каз. Правда  к-сі,52.252530555556,76.974843611111,,,13,10,0,4,4,pm25,2026-09-18T08:00:00Z,1.2,37,14.0,AluminiumSmelter,8.46,217.3,,,,,8.46,,,,,0,,,,,25.92,29,1015,7,210,overcast clouds,0
Pavlodar,2026-09-18T09:10:56.413327+00:00,1789722656,573907,Ломов к-сі (ПМУ),52.264703055556,76.9640775,,,,1,7,0,0,pm25,2026-09-18T08:00:00Z,1.2,18,47.1,AluminiumSmelter,7.95,227.5,,,,,7.95,,,,,0,,,,,25.92,29,1015,7,210,overcast clouds,0
Pavlodar,2026-09-18T09:10:56.413327+00:00,1789722656,114532,Пед. колледж,52.2789,76.9384,78,27,,,,,-,pm25,2026-08-31T12:48:04Z,428.4,32,0,AluminiumSmelter,8.49,243.5,,,,,8.49,,,,,0,,,,,25.92,29,1015,7,210,overcast clouds,0
Astana,2026-09-18T09:10:56.413327+00:00,1789722656,10497,"Astana, US Embassy, Kazakhstan (Нұр-Сұлтан, АҚШ елшілігі)",51.125286,71.46722,,,4.2,13.2,2.6,0.1,13,so2,2026-09-18T14:00:00+06:00,1.2,29,19.4,,,,,,,,,,,,,,,,,,23.99,27,1015,9,230,overcast clouds,0
Ust-Kamenogorsk,2026-09-18T13:34:00.651907+00:00,1789738440,517390,"Серікбаев көшесі, 19",49.956986944444,82.592090555556,5,1,1,53,2,15,15,pm25,2026-09-18T12:00:00Z,1.6,28,30.0,UMZ,1.02,,304.9,214.9,,282.5,,3.31,3.12,,1.02,,0,0,,0,15.99,63,1019,1,310,scattered clouds,0
Ust-Kamenogorsk,2026-09-18T13:34:00.651907+00:00,1789738440,517402,"Лев Толстой к-сі, 18",49.944817777778,82.653340277778,3,1,,0,1,2,3,pm25,2026-09-18T12:00:00Z,1.6,43,0,CHP,1.76,,72.2,146.4,,108.5,,1.76,4.7,,3.58,,1,1,,1,15.99,63,1019,1,310,scattered clouds,0
Ust-Kamenogorsk,2026-09-18T13:34:00.651907+00:00,1789738440,517507,"М. Тынышпаев к-сі, 126",50.009261944444,82.564498888889,0,0,61,0,21,,-,pm25,2026-08-26T09:00:00Z,556.6,69,0,Kazzinc,4.97,,328.7,310.9,,333.8,,9.02,4.97,,6.73,,0,0,,0,15.99,63,1019,1,310,scattered clouds,0
Karaganda,2026-09-18T13:34:00.651907+00:00,1789738440,506290,Майқұдық,49.89696663495,73.21133762598,39,9,,,,,39,pm25,2026-09-18T13:09:45Z,0.4,43,20.4,,,,,,,,,,,,,,,,,,19.95,33,1017,2.47,264,overcast clouds,0
Karaganda,2026-09-18T13:34:00.651907+00:00,1789738440,517423,"Мұқанов көшесі,57/3",49.786533888889,73.168150833333,211,113,0,1,2,1,-,pm25,2026-07-02T11:00:00Z,1874.6,35,22.2,,,,,,,,,,,,,,,,,,19.95,33,1017,2.47,264,overcast clouds,0
Pavlodar,2026-09-18T13:34:00.651907+00:00,1789738440,520273,  Торайғыров генералы Дүйсенов көшесі,52.294865277778,76.942828333333,38,25,24,2,0,0,38,pm25,2026-09-18T12:00:00Z,1.6,25,34.2,AluminiumSmelter,7.57,254.6,,,,,7.57,,,,,0,,,,,19.92,52,1014,4,170,overcast clouds,0
Pavlodar,2026-09-18T13:34:00.651907+00:00,1789738440,537550,"Естай к-сі, 54",52.281193333333,76.946898055556,4,1,0,4,5,2,4,pm25,2026-09-18T12:00:00Z,1.6,23,25.8,AluminiumSmelter,7.86,243.3,,,,,7.86,,,,,0,,,,,19.92,52,1014,4,170,overcast clouds,0
Pavlodar,2026-09-18T13:34:00.651907+00:00,1789738440,573904,Каз. Правда  к-сі,52.252530555556,76.974843611111,,,11,10,0,4,4,pm25,2026-09-18T12:00:00Z,1.6,36,16.3,AluminiumSmelter,8.46,217.3,,,,,8.46,,,,,0,,,,,19.92,52,1014,4,170,overcast clouds,0
Pavlodar,2026-09-18T13:34:00.651907+00:00,1789738440,573907,Ломов к-сі (ПМУ),52.264703055556,76.9640775,,,,1,0,0,0,pm25,2026-09-18T12:00:00Z,1.6,20,42.9,AluminiumSmelter,7.95,227.5,,,,,7.95,,,,,0,,,,,19.92,52,1014,4,170,overcast clouds,0
Pavlodar,2026-09-18T13:34:00.651907+00:00,1789738440,114532,Пед. колледж,52.2789,76.9384,78,27,,,,,-,pm25,2026-08-31T12:48:04Z,432.8,24,25.0,AluminiumSmelter,8.49,243.5,,,,,8.49,,,,,0,,,,,19.92,52,1014,4,170,overcast clouds,0
Astana,2026-09-18T13:34:00.651907+00:00,1789738440,10497,"Astana, US Embassy, Kazakhstan (Нұр-Сұлтан, АҚШ елшілігі)",51.125286,71.46722,,,8.3,12.2,3.2,0.1,12,so2,2026-09-18T18:00:00+06:00,1.6,27,27.0,,,,,,,,,,,,,,,,,,22.99,27,1015,2,250,overcast clouds,0
Ust-Kamenogorsk,2026-09-18T17:11:34.732112+00:00,1789751494,517390,"Серікбаев көшесі, 19",49.956986944444,82.592090555556,5,1,1,53,35,2,2,pm25,2026-09-18T16:00:00Z,1.2,41,0,UMZ,1.02,,304.9,214.9,,282.5,,3.31,3.12,,1.02,,1,0,,1,12.63,70,1020,2.04,112,broken clouds,0
Ust-Kamenogorsk,2026-09-18T17:11:34.732112+00:00,1789751494,517402,"Лев Толстой к-сі, 18",49.944817777778,82.653340277778,4,1,,0,0,2,4,pm25,2026-09-18T16:00:00Z,1.2,43,0,CHP,1.76,,72.2,146.4,,108.5,,1.76,4.7,,3.58,,0,0,,0,12.63,70,1020,2.04,112,broken clouds,0
Ust-Kamenogorsk,2026-09-18T17:11:34.732112+00:00,1789751494,517507,"М. Тынышпаев к-сі, 126",50.009261944444,82.564498888889,0,0,61,0,21,,-,pm25,2026-08-26T09:00:00Z,560.2,69,0,Kazzinc,4.97,,328.7,310.9,,333.8,,9.02,4.97,,6.73,,1,1,,1,12.63,70,1020,2.04,112,broken clouds,0
Karaganda,2026-09-18T17:11:34.732112+00:00,1789751494,506290,Майқұдық,49.89696663495,73.21133762598,46,11,,,,,46,pm25,2026-09-18T16:07:10Z,1.1,54,0,,,,,,,,,,,,,,,,,,12.95,38,1017,1.89,200,overcast clouds,0
Karaganda,2026-09-18T17:11:34.732112+00:00,1789751494,517423,"Мұқанов көшесі,57/3",49.786533888889,73.168150833333,211,113,0,0,8,1,-,pm25,2026-07-02T11:00:00Z,1878.2,45,0,,,,,,,,,,,,,,,,,,12.95,38,1017,1.89,200,overcast clouds,0
Pavlodar,2026-09-18T17:11:34.732112+00:00,1789751494,520273,  Торайғыров генералы Дүйсенов көшесі,52.294865277778,76.942828333333,50,25,24,2,0,0,50,pm25,2026-09-18T16:00:00Z,1.2,38,0,AluminiumSmelter,7.57,254.6,,,,,7.57,,,,,0,,,,,19.3,43,1014,4.26,189,overcast clouds,0
Pavlodar,2026-09-18T17:11:34.732112+00:00,1789751494,537550,"Естай к-сі, 54",52.281193333333,76.946898055556,4,1,0,3,8,1,4,pm25,2026-09-18T16:00:00Z,1.2,31,0,AluminiumSmelter,7.86,243.3,,,,,7.86,,,,,0,,,,,19.3,43,1014,4.26,189,overcast clouds,0
Pavlodar,2026-09-18T17:11:34.732112+00:00,1789751494,573904,Каз. Правда  к-сі,52.252530555556,76.974843611111,,,18,8,0,4,4,pm25,2026-09-18T16:00:00Z,1.2,43,0,AluminiumSmelter,8.46,217.3,,,,,8.46,,,,,0,,,,,19.3,43,1014,4.26,189,overcast clouds,0
Pavlodar,2026-09-18T17:11:34.732112+00:00,1789751494,573907,Ломов к-сі (ПМУ),52.264703055556,76.9640775,,,,0,0,0,0,pm25,2026-09-18T16:00:00Z,1.2,35,0,AluminiumSmelter,7.95,227.5,,,,,7.95,,,,,0,,,,,19.3,43,1014,4.26,189,overcast clouds,0
Pavlodar,2026-09-18T17:11:34.732112+00:00,1789751494,114532,Пед. колледж,52.2789,76.9384,78,27,,,,,-,pm25,2026-08-31T12:48:04Z,436.4,32,0,AluminiumSmelter,8.49,243.5,,,,,8.49,,,,,0,,,,,19.3,43,1014,4.26,189,overcast clouds,0
Astana,2026-09-18T17:11:34.732112+00:00,1789751494,10497,"Astana, US Embassy, Kazakhstan (Нұр-Сұлтан, АҚШ елшілігі)",51.125286,71.46722,,,34.9,16.7,13.1,0.1,17,so2,2026-09-18T22:00:00+06:00,1.2,34,5.6,,,,,,,,,,,,,,,,,,17.99,42,1015,1,0,overcast clouds,0
Ust-Kamenogorsk,2026-09-18T19:34:18.825500+00:00,1789760058,517390,"Серікбаев көшесі, 19",49.956986944444,82.592090555556,5,1,1,53,8,2,2,pm25,2026-09-18T18:00:00Z,1.6,41,0,UMZ,1.02,,304.9,214.9,,282.5,,3.31,3.12,,1.02,,0,1,,0,6.99,93,1019,2,360,overcast clouds,0
Ust-Kamenogorsk,2026-09-18T19:34:18.825500+00:00,1789760058,517402,"Лев Толстой к-сі, 18",49.944817777778,82.653340277778,7,1,,0,0,1,7,pm25,2026-09-18T18:00:00Z,1.6,43,0,CHP,1.76,,72.2,146.4,,108.5,,1.76,4.7,,3.58,,0,1,,0,6.99,93,1019,2,360,overcast clouds,0
Ust-Kamenogorsk,2026-09-18T19:34:18.825500+00:00,1789760058,517507,"М. Тынышпаев к-сі, 126",50.009261944444,82.564498888889,0,0,61,0,21,,-,pm25,2026-08-26T09:00:00Z,562.6,69,0,Kazzinc,4.97,,328.7,310.9,,333.8,,9.02,4.97,,6.73,,0,0,,0,6.99,93,1019,2,360,overcast clouds,0
Karaganda,2026-09-18T19:34:18.825500+00:00,1789760058,506290,Майқұдық,49.89696663495,73.21133762598,87,32,,,,,87,pm25,2026-09-18T17:54:14Z,1.7,54,0,,,,,,,,,,,,,,,,,,7.95,45,1016,2.4,206,overcast clouds,0
Karaganda,2026-09-18T19:34:18.825500+00:00,1789760058,517423,"Мұқанов көшесі,57/3",49.786533888889,73.168150833333,211,113,0,0,4,1,-,pm25,2026-07-02T11:00:00Z,1880.6,45,0,,,,,,,,,,,,,,,,,,7.95,45,1016,2.4,206,overcast clouds,0
Pavlodar,2026-09-18T19:34:18.825500+00:00,1789760058,520273,  Торайғыров генералы Дүйсенов көшесі,52.294865277778,76.942828333333,51,27,24,2,25,0,51,pm25,2026-09-18T18:00:00Z,1.6,38,0,AluminiumSmelter,7.57,254.6,,,,,7.57,,,,,0,,,,,17.6,51,1013,1.75,321,overcast clouds,0
Pavlodar,2026-09-18T19:34:18.825500+00:00,1789760058,537550,"Естай к-сі, 54",52.281193333333,76.946898055556,4,1,0,3,9,7,7,pm25,2026-09-18T18:00:00Z,1.6,31,0,AluminiumSmelter,7.86,243.3,,,,,7.86,,,,,0,,,,,17.6,51,1013,1.75,321,overcast clouds,0
Pavlodar,2026-09-18T19:34:18.825500+00:00,1789760058,573904,Каз. Правда  к-сі,52.252530555556,76.974843611111,,,17,7,0,4,4,pm25,2026-09-18T18:00:00Z,1.6,43,0,AluminiumSmelter,8.46,217.3,,,,,8.46,,,,,0,,,,,17.6,51,1013,1.75,321,overcast clouds,0
Pavlodar,2026-09-18T19:34:18.825500+00:00,1789760058,573907,Ломов к-сі (ПМУ),52.264703055556,76.9640775,,,,0,1,0,0,pm25,2026-09-18T18:00:00Z,1.6,35,0,AluminiumSmelter,7.95,227.5,,,,,7.95,,,,,0,,,,,17.6,51,1013,1.75,321,overcast clouds,0
Pavlodar,2026-09-18T19:34:18.825500+00:00,1789760058,114532,Пед. колледж,52.2789,76.9384,78,27,,,,,-,pm25,2026-08-31T12:48:04Z,438.8,32,0,AluminiumSmelter,8.49,243.5,,,,,8.49,,,,,0,,,,,17.6,51,1013,1.75,321,overcast clouds,0
Astana,2026-09-18T19:34:18.825500+00:00,1789760058,10497,"Astana, US Embassy, Kazakhstan (Нұр-Сұлтан, АҚШ елшілігі)",51.125286,71.46722,,,11.3,13.4,4,0.1,13,so2,2026-09-19T00:00:00+06:00,1.6,35,2.8,,,,,,,,,,,,,,,,,,16.99,59,1015,3,40,overcast clouds,0
Ust-Kamenogorsk,2026-09-18T21:50:47.957426+00:00,1789768247,517390,"Серікбаев көшесі, 19",49.956986944444,82.592090555556,5,1,1,53,3,3,3,pm25,2026-09-18T21:00:00Z,0.8,41,0,UMZ,1.02,,304.9,214.9,,282.5,,3.31,3.12,,1.02,,1,1,,1,6.99,93,1019,1,70,overcast clouds,0
Ust-Kamenogorsk,2026-09-18T21:50:47.957426+00:00,1789768247,517402,"Лев Толстой к-сі, 18",49.944817777778,82.653340277778,7,2,,0,0,2,7,pm25,2026-09-18T21:00:00Z,0.8,43,0,CHP,1.76,,72.2,146.4,,108.5,,1.76,4.7,,3.58,,0,0,,0,6.99,93,1019,1,70,overcast clouds,0
Ust-Kamenogorsk,2026-09-18T21:50:47.957426+00:00,1789768247,517507,"М. Тынышпаев к-сі, 126",50.009261944444,82.564498888889,0,0,61,0,21,,-,pm25,2026-08-26T09:00:00Z,564.8,69,0,Kazzinc,4.97,,328.7,310.9,,333.8,,9.02,4.97,,6.73,,0,0,,0,6.99,93,1019,1,70,overcast clouds,0
Karaganda,2026-09-18T21:50:47.957426+00:00,1789768247,506290,Майқұдық,49.89696663495,73.21133762598,25,5,,,,,25,pm25,2026-09-18T21:44:44Z,0.1,54,0,,,,,,,,,,,,,,,,,,7.95,39,1015,2.09,136,overcast clouds,0
Karaganda,2026-09-18T21:50:47.957426+00:00,1789768247,517423,"Мұқанов көшесі,57/3",49.786533888889,73.168150833333,211,113,7,0,3,1,-,pm25,2026-07-02T11:00:00Z,1882.8,45,0,,,,,,,,,,,,,,,,,,7.95,39,1015,2.09,136,overcast clouds,0
Pavlodar,2026-09-18T21:50:47.957426+00:00,1789768247,520273,  Торайғыров генералы Дүйсенов көшесі,52.294865277778,76.942828333333,50,38,24,2,21,0,50,pm25,2026-09-18T21:00:00Z,0.8,38,0,AluminiumSmelter,7.57,254.6,,,,,7.57,,,,,0,,,,,11.92,76,1014,2,200,overcast clouds,0
Pavlodar,2026-09-18T21:50:47.957426+00:00,1789768247,537550,"Естай к-сі, 54",52.281193333333,76.946898055556,4,1,0,2,8,1,4,pm25,2026-09-18T21:00:00Z,0.8,31,0,AluminiumSmelter,7.86,243.3,,,,,7.86,,,,,0,,,,,11.92,76,1014,2,200,overcast clouds,0
Pavlodar,2026-09-18T21:50:47.957426+00:00,1789768247,573904,Каз. Правда  к-сі,52.252530555556,76.974843611111,,,10,5,0,4,4,pm25,2026-09-18T21:00:00Z,0.8,43,0,AluminiumSmelter,8.46,217.3,,,,,8.46,,,,,0,,,,,11.92,76,1014,2,200,overcast clouds,0
Pavlodar,2026-09-18T21:50:47.957426+00:00,1789768247,573907,Ломов к-сі (ПМУ),52.264703055556,76.9640775,,,,1,1,0,0,pm25,2026-09-18T21:00:00Z,0.8,35,0,AluminiumSmelter,7.95,227.5,,,,,7.95,,,,,0,,,,,11.92,76,1014,2,200,overcast clouds,0
Pavlodar,2026-09-18T21:50:47.957426+00:00,1789768247,114532,Пед. колледж,52.2789,76.9384,78,27,,,,,-,pm25,2026-08-31T12:48:04Z,441.0,32,0,AluminiumSmelter,8.49,243.5,,,,,8.49,,,,,0,,,,,11.92,76,1014,2,200,overcast clouds,0
Astana,2026-09-18T21:50:47.957426+00:00,1789768247,10497,"Astana, US Embassy, Kazakhstan (Нұр-Сұлтан, АҚШ елшілігі)",51.125286,71.46722,,,4.1,13.5,2.6,0.1,14,so2,2026-09-19T03:00:00+06:00,0.8,35,2.8,,,,,,,,,,,,,,,,,,14.99,77,1016,3,100,overcast clouds,0
Ust-Kamenogorsk,2026-09-19T00:16:04.492246+00:00,1789776964,517390,"Серікбаев көшесі, 19",49.956986944444,82.592090555556,5,1,1,53,2,3,3,pm25,2026-09-18T23:00:00Z,1.3,41,0,UMZ,1.02,,304.9,214.9,,282.5,,3.31,3.12,,1.02,,0,1,,0,4.99,93,1019,0,0,overcast clouds,0
Ust-Kamenogorsk,2026-09-19T00:16:04.492246+00:00,1789776964,517402,"Лев Толстой к-сі, 18",49.944817777778,82.653340277778,5,1,,0,0,2,5,pm25,2026-09-18T23:00:00Z,1.3,43,0,CHP,1.76,,72.2,146.4,,108.5,,1.76,4.7,,3.58,,0,1,,0,4.99,93,1019,0,0,overcast clouds,0
Ust-Kamenogorsk,2026-09-19T00:16:04.492246+00:00,1789776964,517507,"М. Тынышпаев к-сі, 126",50.009261944444,82.564498888889,0,0,61,0,21,,-,pm25,2026-08-26T09:00:00Z,567.3,69,0,Kazzinc,4.97,,328.7,310.9,,333.8,,9.02,4.97,,6.73,,0,0,,0,4.99,93,1019,0,0,overcast clouds,0
Karaganda,2026-09-19T00:16:04.492246+00:00,1789776964,506290,Майқұдық,49.89696663495,73.21133762598,68,21,,,,,68,pm25,2026-09-19T00:10:29Z,0.1,54,0,,,,,,,,,,,,,,,,,,10.95,49,1016,1.77,316,overcast clouds,0
Karaganda,2026-09-19T00:16:04.492246+00:00,1789776964,517423,"Мұқанов көшесі,57/3",49.786533888889,73.168150833333,211,113,4,0,2,1,-,pm25,2026-07-02T11:00:00Z,1885.3,45,0,,,,,,,,,,,,,,,,,,10.95,49,1016,1.77,316,overcast clouds,0
Pavlodar,2026-09-19T00:16:04.492246+00:00,1789776964,520273,  Торайғыров генералы Дүйсенов көшесі,52.294865277778,76.942828333333,39,25,24,2,3,0,39,pm25,2026-09-18T23:00:00Z,1.3,38,0,AluminiumSmelter,7.57,254.6,,,,,7.57,,,,,1,,,,,14.92,67,1015,2,50,overcast clouds,0
Pavlodar,2026-09-19T00:16:04.492246+00:00,1789776964,537550,"Естай к-сі, 54",52.281193333333,76.946898055556,4,1,0,2,6,1,4,pm25,2026-09-18T23:00:00Z,1.3,31,0,AluminiumSmelter,7.86,243.3,,,,,7.86,,,,,1,,,,,14.92,67,1015,2,50,overcast clouds,0
Pavlodar,2026-09-19T00:16:04.492246+00:00,1789776964,573904,Каз. Правда  к-сі,52.252530555556,76.974843611111,,,6,5,0,4,4,pm25,2026-09-18T23:00:00Z,1.3,43,0,AluminiumSmelter,8.46,217.3,,,,,8.46,,,,,1,,,,,14.92,67,1015,2,50,overcast clouds,0
Pavlodar,2026-09-19T00:16:04.492246+00:00,1789776964,573907,Ломов к-сі (ПМУ),52.264703055556,76.9640775,,,,0,0,0,0,pm25,2026-09-18T23:00:00Z,1.3,35,0,AluminiumSmelter,7.95,227.5,,,,,7.95,,,,,1,,,,,14.92,67,1015,2,50,overcast clouds,0
Pavlodar,2026-09-19T00:16:04.492246+00:00,1789776964,114532,Пед. колледж,52.2789,76.9384,78,27,,,,,-,pm25,2026-08-31T12:48:04Z,443.5,32,0,AluminiumSmelter,8.49,243.5,,,,,8.49,,,,,1,,,,,14.92,67,1015,2,50,overcast clouds,0
Astana,2026-09-19T00:16:04.492246+00:00,1789776964,10497,"Astana, US Embassy, Kazakhstan (Нұр-Сұлтан, АҚШ елшілігі)",51.125286,71.46722,,,1.8,12.1,1.8,0.1,12,so2,2026-09-19T05:00:00+06:00,1.3,36,0,,,,,,,,,,,,,,,,,,13.99,77,1015,2,60,overcast clouds,0
Ust-Kamenogorsk,2026-09-19T05:00:59.503002+00:00,1789794059,517390,"Серікбаев көшесі, 19",49.956986944444,82.592090555556,5,1,1,53,3,7,7,pm25,2026-09-19T04:00:00Z,1.0,41,0,UMZ,1.02,,304.9,214.9,,282.5,,3.31,3.12,,1.02,,1,0,,1,21.99,40,1018,3,120,overcast clouds,0
Ust-Kamenogorsk,2026-09-19T05:00:59.503002+00:00,1789794059,517402,"Лев Толстой к-сі, 18",49.944817777778,82.653340277778,4,1,,0,1,2,4,pm25,2026-09-19T04:00:00Z,1.0,35,18.6,CHP,1.76,,72.2,146.4,,108.5,,1.76,4.7,,3.58,,0,0,,0,21.99,40,1018,3,120,overcast clouds,0
Ust-Kamenogorsk,2026-09-19T05:00:59.503002+00:00,1789794059,517507,"М. Тынышпаев к-сі, 126",50.009261944444,82.564498888889,0,0,61,0,21,,-,pm25,2026-08-26T09:00:00Z,572.0,69,0,Kazzinc,4.97,,328.7,310.9,,333.8,,9.02,4.97,,6.73,,1,1,,1,21.99,40,1018,3,120,overcast clouds,0
Karaganda,2026-09-19T05:00:59.503002+00:00,1789794059,506290,Майқұдық,49.89696663495,73.21133762598,50,12,,,,,50,pm25,2026-09-19T04:52:12Z,0.1,54,0,,,,,,,,,,,,,,,,,,22.95,26,1016,1.8,283,overcast clouds,0
Karaganda,2026-09-19T05:00:59.503002+00:00,1789794059,517423,"Мұқанов көшесі,57/3",49.786533888889,73.168150833333,211,113,6,0,2,1,-,pm25,2026-07-02T11:00:00Z,1890.0,37,15.9,,,,,,,,,,,,,,,,,,22.95,26,1016,1.8,283,overcast clouds,0
Pavlodar,2026-09-19T05:00:59.503002+00:00,1789794059,520273,  Торайғыров генералы Дүйсенов көшесі,52.294865277778,76.942828333333,34,17,24,2,0,0,34,pm25,2026-09-19T04:00:00Z,1.0,27,28.9,AluminiumSmelter,7.57,254.6,,,,,7.57,,,,,1,,,,,17.92,68,1016,2,110,overcast clouds,0
Pavlodar,2026-09-19T05:00:59.503002+00:00,1789794059,537550,"Естай к-сі, 54",52.281193333333,76.946898055556,4,1,0,1,4,1,4,pm25,2026-09-19T04:00:00Z,1.0,31,0,AluminiumSmelter,7.86,243.3,,,,,7.86,,,,,1,,,,,17.92,68,1016,2,110,overcast clouds,0
Pavlodar,2026-09-19T05:00:59.503002+00:00,1789794059,573904,Каз. Правда  к-сі,52.252530555556,76.974843611111,,,11,7,0,4,4,pm25,2026-09-19T04:00:00Z,1.0,35,18.6,AluminiumSmelter,8.46,217.3,,,,,8.46,,,,,0,,,,,17.92,68,1016,2,110,overcast clouds,0
Pavlodar,2026-09-19T05:00:59.503002+00:00,1789794059,573907,Ломов к-сі (ПМУ),52.264703055556,76.9640775,,,,1,0,0,0,pm25,2026-09-19T04:00:00Z,1.0,35,0,AluminiumSmelter,7.95,227.5,,,,,7.95,,,,,0,,,,,17.92,68,1016,2,110,overcast clouds,0
Pavlodar,2026-09-19T05:00:59.503002+00:00,1789794059,114532,Пед. колледж,52.2789,76.9384,78,27,,,,,-,pm25,2026-08-31T12:48:04Z,448.2,32,0,AluminiumSmelter,8.49,243.5,,,,,8.49,,,,,1,,,,,17.92,68,1016,2,110,overcast clouds,0
Astana,2026-09-19T05:00:59.503002+00:00,1789794059,10497,"Astana, US Embassy, Kazakhstan (Нұр-Сұлтан, АҚШ елшілігі)",51.125286,71.46722,,,11.3,11.8,3.3,0.1,12,so2,2026-09-19T10:00:00+06:00,1.0,32,11.1,,,,,,,,,,,,,,,,,,15.99,72,1016,3,90,overcast clouds,0
Ust-Kamenogorsk,2026-09-19T09:26:25.653116+00:00,1789809985,517390,"Серікбаев көшесі, 19",49.956986944444,82.592090555556,5,1,1,53,2,18,18,pm25,2026-09-19T09:00:00Z,0.4,41,0,UMZ,1.02,,304.9,214.9,,282.5,,3.31,3.12,,1.02,,0,1,,0,28.99,21,1016,1,0,overcast clouds,0
Ust-Kamenogorsk,2026-09-19T09:26:25.653116+00:00,1789809985,517402,"Лев Толстой к-сі, 18",49.944817777778,82.653340277778,7,1,,0,2,9,9,pm25,2026-09-19T09:00:00Z,0.4,43,0,CHP,1.76,,72.2,146.4,,108.5,,1.76,4.7,,3.58,,0,1,,0,28.99,21,1016,1,0,overcast clouds,0
Ust-Kamenogorsk,2026-09-19T09:26:25.653116+00:00,1789809985,517507,"М. Тынышпаев к-сі, 126",50.009261944444,82.564498888889,0,0,61,0,21,,-,pm25,2026-08-26T09:00:00Z,576.4,69,0,Kazzinc,4.97,,328.7,310.9,,333.8,,9.02,4.97,,6.73,,0,0,,0,28.99,21,1016,1,0,overcast clouds,0
Karaganda,2026-09-19T09:26:25.653116+00:00,1789809985,506290,Майқұдық,49.89696663495,73.21133762598,37,8,,,,,37,pm25,2026-09-19T09:20:16Z,0.1,54,0,,,,,,,,,,,,,,,,,,23.95,23,1016,3.36,22,overcast clouds,0
Karaganda,2026-09-19T09:26:25.653116+00:00,1789809985,517423,"Мұқанов көшесі,57/3",49.786533888889,73.168150833333,211,113,0,3,3,1,-,pm25,2026-07-02T11:00:00Z,1894.4,36,20.0,,,,,,,,,,,,,,,,,,23.95,23,1016,3.36,22,overcast clouds,0
Pavlodar,2026-09-19T09:26:25.653116+00:00,1789809985,520273,  Торайғыров генералы Дүйсенов көшесі,52.294865277778,76.942828333333,19,8,24,2,0,0,19,pm25,2026-09-19T09:00:00Z,0.4,27,30.8,AluminiumSmelter,7.57,254.6,,,,,7.57,,,,,0,,,,,17.92,77,1017,2,290,overcast clouds,0
Pavlodar,2026-09-19T09:26:25.653116+00:00,1789809985,537550,"Естай к-сі, 54",52.281193333333,76.946898055556,4,1,0,1,3,1,4,pm25,2026-09-19T09:00:00Z,0.4,31,0,AluminiumSmelter,7.86,243.3,,,,,7.86,,,,,0,,,,,17.92,77,1017,2,290,overcast clouds,0
Pavlodar,2026-09-19T09:26:25.653116+00:00,1789809985,573904,Каз. Правда  к-сі,52.252530555556,76.974843611111,,,4,6,0,4,4,pm25,2026-09-19T09:00:00Z,0.4,37,11.9,AluminiumSmelter,8.46,217.3,,,,,8.46,,,,,0,,,,,17.92,77,1017,2,290,overcast clouds,0
Pavlodar,2026-09-19T09:26:25.653116+00:00,1789809985,573907,Ломов к-сі (ПМУ),52.264703055556,76.9640775,,,,1,0,0,0,pm25,2026-09-19T09:00:00Z,0.4,35,0,AluminiumSmelter,7.95,227.5,,,,,7.95,,,,,0,,,,,17.92,77,1017,2,290,overcast clouds,0
Pavlodar,2026-09-19T09:26:25.653116+00:00,1789809985,114532,Пед. колледж,52.2789,76.9384,78,27,,,,,-,pm25,2026-08-31T12:48:04Z,452.6,27,18.2,AluminiumSmelter,8.49,243.5,,,,,8.49,,,,,0,,,,,17.92,77,1017,2,290,overcast clouds,0
Astana,2026-09-19T09:26:25.653116+00:00,1789809985,10497,"Astana, US Embassy, Kazakhstan (Нұр-Сұлтан, АҚШ елшілігі)",51.125286,71.46722,,,5,11.7,2.7,0.1,12,so2,2026-09-19T15:00:00+06:00,0.4,30,16.7,,,,,,,,,,,,,,,,,,20.99,49,1016,4,70,overcast clouds,0
Ust-Kamenogorsk,2026-09-19T13:23:09.541723+00:00,1789824189,517390,"Серікбаев көшесі, 19",49.956986944444,82.592090555556,5,1,1,53,10,4,4,pm25,2026-09-19T12:00:00Z,1.4,41,0,UMZ,1.02,,304.9,214.9,,282.5,,3.31,3.12,,1.02,,1,1,,1,19.99,49,1016,2,70,overcast clouds,0
Ust-Kamenogorsk,2026-09-19T13:23:09.541723+00:00,1789824189,517402,"Лев Толстой к-сі, 18",49.944817777778,82.653340277778,7,1,,0,12,1,7,pm25,2026-09-19T12:00:00Z,1.4,43,0,CHP,1.76,,72.2,146.4,,108.5,,1.76,4.7,,3.58,,0,0,,0,19.99,49,1016,2,70,overcast clouds,0
Ust-Kamenogorsk,2026-09-19T13:23:09.541723+00:00,1789824189,517507,"М. Тынышпаев к-сі, 126",50.009261944444,82.564498888889,0,0,61,0,21,,-,pm25,2026-08-26T09:00:00Z,580.4,69,0,Kazzinc,4.97,,328.7,310.9,,333.8,,9.02,4.97,,6.73,,0,0,,0,19.99,49,1016,2,70,overcast clouds,0
Karaganda,2026-09-19T13:23:09.541723+00:00,1789824189,506290,Майқұдық,49.89696663495,73.21133762598,73,23,,,,,73,pm25,2026-09-19T13:16:02Z,0.1,54,0,,,,,,,,,,,,,,,,,,18.95,30,1016,3.5,52,overcast clouds,0
Karaganda,2026-09-19T13:23:09.541723+00:00,1789824189,517423,"Мұқанов көшесі,57/3",49.786533888889,73.168150833333,211,113,0,3,2,1,-,pm25,2026-07-02T11:00:00Z,1898.4,37,17.8,,,,,,,,,,,,,,,,,,18.95,30,1016,3.5,52,overcast clouds,0
Pavlodar,2026-09-19T13:23:09.541723+00:00,1789824189,520273,  Торайғыров генералы Дүйсенов көшесі,52.294865277778,76.942828333333,35,12,24,2,0,0,35,pm25,2026-09-19T12:00:00Z,1.4,29,25.6,AluminiumSmelter,7.57,254.6,,,,,7.57,,,,,0,,,,,15.92,88,1018,1,230,few clouds,0
Pavlodar,2026-09-19T13:23:09.541723+00:00,1789824189,537550,"Естай к-сі, 54",52.281193333333,76.946898055556,4,1,0,1,3,1,4,pm25,2026-09-19T12:00:00Z,1.4,31,0,AluminiumSmelter,7.86,243.3,,,,,7.86,,,,,0,,,,,15.92,88,1018,1,230,few clouds,0
Pavlodar,2026-09-19T13:23:09.541723+00:00,1789824189,573904,Каз. Правда  к-сі,52.252530555556,76.974843611111,,,15,4,0,4,4,pm25,2026-09-19T12:00:00Z,1.4,43,0,AluminiumSmelter,8.46,217.3,,,,,8.46,,,,,0,,,,,15.92,88,1018,1,230,few clouds,0
Pavlodar,2026-09-19T13:23:09.541723+00:00,1789824189,573907,Ломов к-сі (ПМУ),52.264703055556,76.9640775,,,,1,0,0,0,pm25,2026-09-19T12:00:00Z,1.4,24,29.4,AluminiumSmelter,7.95,227.5,,,,,7.95,,,,,0,,,,,15.92,88,1018,1,230,few clouds,0
Pavlodar,2026-09-19T13:23:09.541723+00:00,1789824189,114532,Пед. колледж,52.2789,76.9384,78,27,,,,,-,pm25,2026-08-31T12:48:04Z,456.6,32,0,AluminiumSmelter,8.49,243.5,,,,,8.49,,,,,0,,,,,15.92,88,1018,1,230,few clouds,0
Astana,2026-09-19T13:23:09.541723+00:00,1789824189,10497,"Astana, US Embassy, Kazakhstan (Нұр-Сұлтан, АҚШ елшілігі)",51.125286,71.46722,,,5.1,12.5,2.6,0.1,13,so2,2026-09-19T18:00:00+06:00,1.4,29,19.4,,,,,,,,,,,,,,,,,,17.99,59,1017,4,70,overcast clouds,0
Ust-Kamenogorsk,2026-09-19T16:47:29.034955+00:00,1789836449,517390,"Серікбаев көшесі, 19",49.956986944444,82.592090555556,5,1,1,53,25,3,3,pm25,2026-09-19T15:00:00Z,1.8,41,0,UMZ,1.02,,304.9,214.9,,282.5,,3.31,3.12,,1.02,,1,1,,1,14.99,63,1017,2,90,overcast clouds,0
Ust-Kamenogorsk,2026-09-19T16:47:29.034955+00:00,1789836449,517402,"Лев Толстой к-сі, 18",49.944817777778,82.653340277778,9,3,,0,3,1,9,pm25,2026-09-19T15:00:00Z,1.8,43,0,CHP,1.76,,72.2,146.4,,108.5,,1.76,4.7,,3.58,,0,0,,0,14.99,63,1017,2,90,overcast clouds,0
Ust-Kamenogorsk,2026-09-19T16:47:29.034955+00:00,1789836449,517507,"М. Тынышпаев к-сі, 126",50.009261944444,82.564498888889,0,0,61,0,21,,-,pm25,2026-08-26T09:00:00Z,583.8,69,0,Kazzinc,4.97,,328.7,310.9,,333.8,,9.02,4.97,,6.73,,1,1,,0,14.99,63,1017,2,90,overcast clouds,0
Karaganda,2026-09-19T16:47:29.034955+00:00,1789836449,506290,Майқұдық,49.89696663495,73.21133762598,50,12,,,,,50,pm25,2026-09-19T16:38:24Z,0.2,54,0,,,,,,,,,,,,,,,,,,14.95,46,1018,3.93,95,broken clouds,0
Karaganda,2026-09-19T16:47:29.034955+00:00,1789836449,517423,"Мұқанов көшесі,57/3",49.786533888889,73.168150833333,211,113,0,1,2,1,-,pm25,2026-07-02T11:00:00Z,1901.8,45,0,,,,,,,,,,,,,,,,,,14.95,46,1018,3.93,95,broken clouds,0
Pavlodar,2026-09-19T16:47:29.034955+00:00,1789836449,520273,  Торайғыров генералы Дүйсенов көшесі,52.294865277778,76.942828333333,30,12,24,2,14,0,30,pm25,2026-09-19T15:00:00Z,1.8,38,0,AluminiumSmelter,7.57,254.6,,,,,7.57,,,,,0,,,,,13.57,84,1018,3.3,289,clear sky,0
Pavlodar,2026-09-19T16:47:29.034955+00:00,1789836449,537550,"Естай к-сі, 54",52.281193333333,76.946898055556,4,1,0,1,6,1,4,pm25,2026-09-19T15:00:00Z,1.8,31,0,AluminiumSmelter,7.86,243.3,,,,,7.86,,,,,0,,,,,13.57,84,1018,3.3,289,clear sky,0
Pavlodar,2026-09-19T16:47:29.034955+00:00,1789836449,573904,Каз. Правда  к-сі,52.252530555556,76.974843611111,,,19,5,7,4,4,pm25,2026-09-19T15:00:00Z,1.8,43,0,AluminiumSmelter,8.46,217.3,,,,,8.46,,,,,0,,,,,13.57,84,1018,3.3,289,clear sky,0
Pavlodar,2026-09-19T16:47:29.034955+00:00,1789836449,573907,Ломов к-сі (ПМУ),52.264703055556,76.9640775,,,,0,9,0,0,pm25,2026-09-19T15:00:00Z,1.8,32,8.6,AluminiumSmelter,7.95,227.5,,,,,7.95,,,,,0,,,,,13.57,84,1018,3.3,289,clear sky,0
Pavlodar,2026-09-19T16:47:29.034955+00:00,1789836449,114532,Пед. колледж,52.2789,76.9384,78,27,,,,,-,pm25,2026-08-31T12:48:04Z,460.0,29,9.4,AluminiumSmelter,8.49,243.5,,,,,8.49,,,,,0,,,,,13.57,84,1018,3.3,289,clear sky,0
Astana,2026-09-19T16:47:29.034955+00:00,1789836449,10497,"Astana, US Embassy, Kazakhstan (Нұр-Сұлтан, АҚШ елшілігі)",51.125286,71.46722,,,21.8,12.1,8.5,0.1,12,so2,2026-09-19T21:00:00+06:00,1.8,32,11.1,,,,,,,,,,,,,,,,,,13.99,72,1019,6,50,broken clouds,0
Ust-Kamenogorsk,2026-09-19T19:18:02.918877+00:00,1789845482,517390,"Серікбаев көшесі, 19",49.956986944444,82.592090555556,5,1,1,53,12,1,1,pm25,2026-09-19T18:00:00Z,1.3,41,0,UMZ,1.02,,304.9,214.9,,282.5,,3.31,3.12,,1.02,,1,1,,1,13.99,67,1017,2,80,overcast clouds,0
Ust-Kamenogorsk,2026-09-19T19:18:02.918877+00:00,1789845482,517402,"Лев Толстой к-сі, 18",49.944817777778,82.653340277778,4,1,,0,1,2,4,pm25,2026-09-19T18:00:00Z,1.3,43,0,CHP,1.76,,72.2,146.4,,108.5,,1.76,4.7,,3.58,,0,0,,0,13.99,67,1017,2,80,overcast clouds,0
Ust-Kamenogorsk,2026-09-19T19:18:02.918877+00:00,1789845482,517507,"М. Тынышпаев к-сі, 126",50.009261944444,82.564498888889,0,0,61,0,21,,-,pm25,2026-08-26T09:00:00Z,586.3,69,0,Kazzinc,4.97,,328.7,310.9,,333.8,,9.02,4.97,,6.73,,0,1,,0,13.99,67,1017,2,80,overcast clouds,0
Karaganda,2026-09-19T19:18:02.918877+00:00,1789845482,506290,Майқұдық,49.89696663495,73.21133762598,35,8,,,,,35,pm25,2026-09-19T19:12:55Z,0.1,54,0,,,,,,,,,,,,,,,,,,12.95,51,1017,3.29,109,overcast clouds,0
Karaganda,2026-09-19T19:18:02.918877+00:00,1789845482,517423,"Мұқанов көшесі,57/3",49.786533888889,73.168150833333,211,113,0,1,1,1,-,pm25,2026-07-02T11:00:00Z,1904.3,45,0,,,,,,,,,,,,,,,,,,12.95,51,1017,3.29,109,overcast clouds,0
Pavlodar,2026-09-19T19:18:02.918877+00:00,1789845482,520273,  Торайғыров генералы Дүйсенов көшесі,52.294865277778,76.942828333333,31,10,24,2,1,0,31,pm25,2026-09-19T18:00:00Z,1.3,38,0,AluminiumSmelter,7.57,254.6,,,,,7.57,,,,,0,,,,,14.31,65,1018,3.14,332,overcast clouds,0
Pavlodar,2026-09-19T19:18:02.918877+00:00,1789845482,537550,"Естай к-сі, 54",52.281193333333,76.946898055556,4,1,0,2,5,1,4,pm25,2026-09-19T18:00:00Z,1.3,31,0,AluminiumSmelter,7.86,243.3,,,,,7.86,,,,,0,,,,,14.31,65,1018,3.14,332,overcast clouds,0
Pavlodar,2026-09-19T19:18:02.918877+00:00,1789845482,573904,Каз. Правда  к-сі,52.252530555556,76.974843611111,,,7,4,0,4,4,pm25,2026-09-19T18:00:00Z,1.3,43,0,AluminiumSmelter,8.46,217.3,,,,,8.46,,,,,0,,,,,14.31,65,1018,3.14,332,overcast clouds,0
Pavlodar,2026-09-19T19:18:02.918877+00:00,1789845482,573907,Ломов к-сі (ПМУ),52.264703055556,76.9640775,,,,0,2,0,0,pm25,2026-09-19T18:00:00Z,1.3,35,0,AluminiumSmelter,7.95,227.5,,,,,7.95,,,,,0,,,,,14.31,65,1018,3.14,332,overcast clouds,0
Pavlodar,2026-09-19T19:18:02.918877+00:00,1789845482,114532,Пед. колледж,52.2789,76.9384,78,27,,,,,-,pm25,2026-08-31T12:48:04Z,462.5,32,0,AluminiumSmelter,8.49,243.5,,,,,8.49,,,,,0,,,,,14.31,65,1018,3.14,332,overcast clouds,0
Astana,2026-09-19T19:18:02.918877+00:00,1789845482,10497,"Astana, US Embassy, Kazakhstan (Нұр-Сұлтан, АҚШ елшілігі)",51.125286,71.46722,,,7.4,11.9,3.1,0.1,12,so2,2026-09-20T00:00:00+06:00,1.3,35,2.8,,,,,,,,,,,,,,,,,,9.99,87,1018,4,70,few clouds,0
Ust-Kamenogorsk,2026-09-19T21:43:26.900367+00:00,1789854206,517390,"Серікбаев көшесі, 19",49.956986944444,82.592090555556,5,1,1,53,6,2,2,pm25,2026-09-19T20:00:00Z,1.7,41,0,UMZ,1.02,,304.9,214.9,,282.5,,3.31,3.12,,1.02,,0,0,,0,11.99,82,1017,2,310,overcast clouds,0
Ust-Kamenogorsk,2026-09-19T21:43:26.900367+00:00,1789854206,517402,"Лев Толстой к-сі, 18",49.944817777778,82.653340277778,8,2,,0,0,1,8,pm25,2026-09-19T20:00:00Z,1.7,43,0,CHP,1.76,,72.2,146.4,,108.5,,1.76,4.7,,3.58,,1,1,,1,11.99,82,1017,2,310,overcast clouds,0
Ust-Kamenogorsk,2026-09-19T21:43:26.900367+00:00,1789854206,517507,"М. Тынышпаев к-сі, 126",50.009261944444,82.564498888889,0,0,61,0,21,,-,pm25,2026-08-26T09:00:00Z,588.7,69,0,Kazzinc,4.97,,328.7,310.9,,333.8,,9.02,4.97,,6.73,,0,0,,0,11.99,82,1017,2,310,overcast clouds,0
Karaganda,2026-09-19T21:43:26.900367+00:00,1789854206,506290,Майқұдық,49.89696663495,73.21133762598,34,8,,,,,34,pm25,2026-09-19T21:37:37Z,0.1,54,0,,,,,,,,,,,,,,,,,,12.95,54,1018,3.86,62,broken clouds,0
Karaganda,2026-09-19T21:43:26.900367+00:00,1789854206,517423,"Мұқанов көшесі,57/3",49.786533888889,73.168150833333,211,113,0,1,2,1,-,pm25,2026-07-02T11:00:00Z,1906.7,45,0,,,,,,,,,,,,,,,,,,12.95,54,1018,3.86,62,broken clouds,0
Pavlodar,2026-09-19T21:43:26.900367+00:00,1789854206,520273,  Торайғыров генералы Дүйсенов көшесі,52.294865277778,76.942828333333,26,10,24,2,0,0,26,pm25,2026-09-19T20:00:00Z,1.7,38,0,AluminiumSmelter,7.57,254.6,,,,,7.57,,,,,0,,,,,11.62,77,1019,2.74,347,scattered clouds,0
Pavlodar,2026-09-19T21:43:26.900367+00:00,1789854206,537550,"Естай к-сі, 54",52.281193333333,76.946898055556,4,1,0,1,4,1,4,pm25,2026-09-19T20:00:00Z,1.7,31,0,AluminiumSmelter,7.86,243.3,,,,,7.86,,,,,0,,,,,11.62,77,1019,2.74,347,scattered clouds,0
Pavlodar,2026-09-19T21:43:26.900367+00:00,1789854206,573904,Каз. Правда  к-сі,52.252530555556,76.974843611111,,,10,4,0,4,4,pm25,2026-09-19T20:00:00Z,1.7,43,0,AluminiumSmelter,8.46,217.3,,,,,8.46,,,,,1,,,,,11.62,77,1019,2.74,347,scattered clouds,0
Pavlodar,2026-09-19T21:43:26.900367+00:00,1789854206,573907,Ломов к-сі (ПМУ),52.264703055556,76.9640775,,,,0,0,0,0,pm25,2026-09-19T20:00:00Z,1.7,35,0,AluminiumSmelter,7.95,227.5,,,,,7.95,,,,,0,,,,,11.62,77,1019,2.74,347,scattered clouds,0
Pavlodar,2026-09-19T21:43:26.900367+00:00,1789854206,114532,Пед. колледж,52.2789,76.9384,78,27,,,,,-,pm25,2026-08-31T12:48:04Z,464.9,32,0,AluminiumSmelter,8.49,243.5,,,,,8.49,,,,,0,,,,,11.62,77,1019,2.74,347,scattered clouds,0
Astana,2026-09-19T21:43:26.900367+00:00,1789854206,10497,"Astana, US Embassy, Kazakhstan (Нұр-Сұлтан, АҚШ елшілігі)",51.125286,71.46722,,,4.5,12.4,2.7,0.1,12,so2,2026-09-20T02:00:00+06:00,1.7,36,0,,,,,,,,,,,,,,,,,,8.99,87,1019,4,70,scattered clouds,0
Ust-Kamenogorsk,2026-09-19T23:33:25.117100+00:00,1789860805,517390,"Серікбаев көшесі, 19",49.956986944444,82.592090555556,5,1,1,53,3,3,3,pm25,2026-09-19T22:00:00Z,1.6,41,0,UMZ,1.02,,304.9,214.9,,282.5,,3.31,3.12,,1.02,,0,1,,0,9.99,87,1016,0,0,overcast clouds,0
Ust-Kamenogorsk,2026-09-19T23:33:25.117100+00:00,1789860805,517402,"Лев Толстой к-сі, 18",49.944817777778,82.653340277778,6,1,,0,1,1,6,pm25,2026-09-19T22:00:00Z,1.6,43,0,CHP,1.76,,72.2,146.4,,108.5,,1.76,4.7,,3.58,,0,1,,0,9.99,87,1016,0,0,overcast clouds,0
Ust-Kamenogorsk,2026-09-19T23:33:25.117100+00:00,1789860805,517507,"М. Тынышпаев к-сі, 126",50.009261944444,82.564498888889,0,0,61,0,21,,-,pm25,2026-08-26T09:00:00Z,590.6,69,0,Kazzinc,4.97,,328.7,310.9,,333.8,,9.02,4.97,,6.73,,0,0,,0,9.99,87,1016,0,0,overcast clouds,0
Karaganda,2026-09-19T23:33:25.117100+00:00,1789860805,506290,Майқұдық,49.89696663495,73.21133762598,22,5,,,,,22,pm25,2026-09-19T23:25:30Z,0.1,54,0,,,,,,,,,,,,,,,,,,11.95,61,1019,3.67,66,broken clouds,0
Karaganda,2026-09-19T23:33:25.117100+00:00,1789860805,517423,"Мұқанов көшесі,57/3",49.786533888889,73.168150833333,211,113,2,1,1,1,-,pm25,2026-07-02T11:00:00Z,1908.6,45,0,,,,,,,,,,,,,,,,,,11.95,61,1019,3.67,66,broken clouds,0
Pavlodar,2026-09-19T23:33:25.117100+00:00,1789860805,520273,  Торайғыров генералы Дүйсенов көшесі,52.294865277778,76.942828333333,21,7,24,2,0,0,21,pm25,2026-09-19T22:00:00Z,1.6,38,0,AluminiumSmelter,7.57,254.6,,,,,7.57,,,,,0,,,,,6.92,93,1020,2,320,scattered clouds,0
Pavlodar,2026-09-19T23:33:25.117100+00:00,1789860805,537550,"Естай к-сі, 54",52.281193333333,76.946898055556,4,1,0,2,4,1,4,pm25,2026-09-19T22:00:00Z,1.6,31,0,AluminiumSmelter,7.86,243.3,,,,,7.86,,,,,0,,,,,6.92,93,1020,2,320,scattered clouds,0
Pavlodar,2026-09-19T23:33:25.117100+00:00,1789860805,573904,Каз. Правда  к-сі,52.252530555556,76.974843611111,,,4,4,0,4,4,pm25,2026-09-19T22:00:00Z,1.6,43,0,AluminiumSmelter,8.46,217.3,,,,,8.46,,,,,0,,,,,6.92,93,1020,2,320,scattered clouds,0
Pavlodar,2026-09-19T23:33:25.117100+00:00,1789860805,573907,Ломов к-сі (ПМУ),52.264703055556,76.9640775,,,,0,0,0,0,pm25,2026-09-19T22:00:00Z,1.6,35,0,AluminiumSmelter,7.95,227.5,,,,,7.95,,,,,0,,,,,6.92,93,1020,2,320,scattered clouds,0
Pavlodar,2026-09-19T23:33:25.117100+00:00,1789860805,114532,Пед. колледж,52.2789,76.9384,78,27,,,,,-,pm25,2026-08-31T12:48:04Z,466.8,32,0,AluminiumSmelter,8.49,243.5,,,,,8.49,,,,,0,,,,,6.92,93,1020,2,320,scattered clouds,0
Astana,2026-09-19T23:33:25.117100+00:00,1789860805,10497,"Astana, US Embassy, Kazakhstan (Нұр-Сұлтан, АҚШ елшілігі)",51.125286,71.46722,,,3.5,12.1,2.5,0.1,12,so2,2026-09-20T04:00:00+06:00,1.6,36,0,,,,,,,,,,,,,,,,,,7.99,93,1020,4,60,few clouds,0
Ust-Kamenogorsk,2026-09-20T01:35:46.697430+00:00,1789868146,517390,"Серікбаев көшесі, 19",49.956986944444,82.592090555556,5,1,1,53,4,2,2,pm25,2026-09-20T01:00:00Z,0.6,41,0,UMZ,1.02,,304.9,214.9,,282.5,,3.31,3.12,,1.02,,0,1,,0,8.99,93,1018,0,0,overcast clouds,0
Ust-Kamenogorsk,2026-09-20T01:35:46.697430+00:00,1789868146,517402,"Лев Толстой к-сі, 18",49.944817777778,82.653340277778,5,1,,0,0,1,5,pm25,2026-09-20T01:00:00Z,0.6,43,0,CHP,1.76,,72.2,146.4,,108.5,,1.76,4.7,,3.58,,0,1,,0,8.99,93,1018,0,0,overcast clouds,0
Ust-Kamenogorsk,2026-09-20T01:35:46.697430+00:00,1789868146,517507,"М. Тынышпаев к-сі, 126",50.009261944444,82.564498888889,0,0,61,0,21,,-,pm25,2026-08-26T09:00:00Z,592.6,69,0,Kazzinc,4.97,,328.7,310.9,,333.8,,9.02,4.97,,6.73,,0,0,,0,8.99,93,1018,0,0,overcast clouds,0
Karaganda,2026-09-20T01:35:46.697430+00:00,1789868146,506290,Майқұдық,49.89696663495,73.21133762598,31,8,,,,,31,pm25,2026-09-20T01:27:56Z,0.1,54,0,,,,,,,,,,,,,,,,,,8.95,68,1019,3.76,73,scattered clouds,0
Karaganda,2026-09-20T01:35:46.697430+00:00,1789868146,517423,"Мұқанов көшесі,57/3",49.786533888889,73.168150833333,211,113,1,1,2,1,-,pm25,2026-07-02T11:00:00Z,1910.6,45,0,,,,,,,,,,,,,,,,,,8.95,68,1019,3.76,73,scattered clouds,0
Pavlodar,2026-09-20T01:35:46.697430+00:00,1789868146,520273,  Торайғыров генералы Дүйсенов көшесі,52.294865277778,76.942828333333,20,7,24,2,0,0,20,pm25,2026-09-20T01:00:00Z,0.6,38,0,AluminiumSmelter,7.57,254.6,,,,,7.57,,,,,0,,,,,5.92,93,1020,1,0,clear sky,0
Pavlodar,2026-09-20T01:35:46.697430+00:00,1789868146,537550,"Естай к-сі, 54",52.281193333333,76.946898055556,4,1,0,3,3,1,4,pm25,2026-09-20T01:00:00Z,0.6,31,0,AluminiumSmelter,7.86,243.3,,,,,7.86,,,,,0,,,,,5.92,93,1020,1,0,clear sky,0
Pavlodar,2026-09-20T01:35:46.697430+00:00,1789868146,573904,Каз. Правда  к-сі,52.252530555556,76.974843611111,,,4,4,0,4,4,pm25,2026-09-20T01:00:00Z,0.6,43,0,AluminiumSmelter,8.46,217.3,,,,,8.46,,,,,1,,,,,5.92,93,1020,1,0,clear sky,0
Pavlodar,2026-09-20T01:35:46.697430+00:00,1789868146,573907,Ломов к-сі (ПМУ),52.264703055556,76.9640775,,,,0,0,0,0,pm25,2026-09-20T01:00:00Z,0.6,35,0,AluminiumSmelter,7.95,227.5,,,,,7.95,,,,,1,,,,,5.92,93,1020,1,0,clear sky,0
Pavlodar,2026-09-20T01:35:46.697430+00:00,1789868146,114532,Пед. колледж,52.2789,76.9384,78,27,,,,,-,pm25,2026-08-31T12:48:04Z,468.8,32,0,AluminiumSmelter,8.49,243.5,,,,,8.49,,,,,0,,,,,5.92,93,1020,1,0,clear sky,0
Astana,2026-09-20T01:35:46.697430+00:00,1789868146,10497,"Astana, US Embassy, Kazakhstan (Нұр-Сұлтан, АҚШ елшілігі)",51.125286,71.46722,,,5.1,11.9,2.5,0.1,12,so2,2026-09-20T07:00:00+06:00,0.6,35,2.8,,,,,,,,,,,,,,,,,,7.99,93,1020,5,60,few clouds,0
Ust-Kamenogorsk,2026-09-20T06:58:02.951668+00:00,1789887482,517390,"Серікбаев көшесі, 19",49.956986944444,82.592090555556,5,1,1,53,3,15,15,pm25,2026-09-20T06:00:00Z,1.0,41,0,UMZ,1.02,,304.9,214.9,,282.5,,3.31,3.12,,1.02,,0,0,,0,22.99,43,1018,2,250,overcast clouds,0
Ust-Kamenogorsk,2026-09-20T06:58:02.951668+00:00,1789887482,517402,"Лев Толстой к-сі, 18",49.944817777778,82.653340277778,5,1,,0,4,4,5,pm25,2026-09-20T06:00:00Z,1.0,43,0,CHP,1.76,,72.2,146.4,,108.5,,1.76,4.7,,3.58,,1,0,,1,22.99,43,1018,2,250,overcast clouds,0
Ust-Kamenogorsk,2026-09-20T06:58:02.951668+00:00,1789887482,517507,"М. Тынышпаев к-сі, 126",50.009261944444,82.564498888889,0,0,61,0,21,,-,pm25,2026-08-26T09:00:00Z,598.0,69,0,Kazzinc,4.97,,328.7,310.9,,333.8,,9.02,4.97,,6.73,,0,0,,0,22.99,43,1018,2,250,overcast clouds,0
Karaganda,2026-09-20T06:58:02.951668+00:00,1789887482,506290,Майқұдық,49.89696663495,73.21133762598,23,6,,,,,23,pm25,2026-09-20T06:53:52Z,0.1,54,0,,,,,,,,,,,,,,,,,,25.95,27,1018,3.95,57,clear sky,0
Karaganda,2026-09-20T06:58:02.951668+00:00,1789887482,517423,"Мұқанов көшесі,57/3",49.786533888889,73.168150833333,211,113,1,1,2,1,-,pm25,2026-07-02T11:00:00Z,1916.0,39,13.3,,,,,,,,,,,,,,,,,,25.95,27,1018,3.95,57,clear sky,0
Pavlodar,2026-09-20T06:58:02.951668+00:00,1789887482,520273,  Торайғыров генералы Дүйсенов көшесі,52.294865277778,76.942828333333,18,8,24,2,0,0,18,pm25,2026-09-20T06:00:00Z,1.0,38,0,AluminiumSmelter,7.57,254.6,,,,,7.57,,,,,0,,,,,18.92,55,1020,3,300,clear sky,0
Pavlodar,2026-09-20T06:58:02.951668+00:00,1789887482,537550,"Естай к-сі, 54",52.281193333333,76.946898055556,4,1,0,2,3,1,4,pm25,2026-09-20T06:00:00Z,1.0,31,0,AluminiumSmelter,7.86,243.3,,,,,7.86,,,,,0,,,,,18.92,55,1020,3,300,clear sky,0
Pavlodar,2026-09-20T06:58:02.951668+00:00,1789887482,573904,Каз. Правда  к-сі,52.252530555556,76.974843611111,,,3,5,0,4,4,pm25,2026-09-20T06:00:00Z,1.0,43,0,AluminiumSmelter,8.46,217.3,,,,,8.46,,,,,0,,,,,18.92,55,1020,3,300,clear sky,0
Pavlodar,2026-09-20T06:58:02.951668+00:00,1789887482,573907,Ломов к-сі (ПМУ),52.264703055556,76.9640775,,,,1,0,0,0,pm25,2026-09-20T06:00:00Z,1.0,35,0,AluminiumSmelter,7.95,227.5,,,,,7.95,,,,,0,,,,,18.92,55,1020,3,300,clear sky,0
Pavlodar,2026-09-20T06:58:02.951668+00:00,1789887482,114532,Пед. колледж,52.2789,76.9384,78,27,,,,,-,pm25,2026-08-31T12:48:04Z,474.2,32,0,AluminiumSmelter,8.49,243.5,,,,,8.49,,,,,0,,,,,18.92,55,1020,3,300,clear sky,0
Astana,2026-09-20T06:58:02.951668+00:00,1789887482,10497,"Astana, US Embassy, Kazakhstan (Нұр-Сұлтан, АҚШ елшілігі)",51.125286,71.46722,,,2.7,12.8,2.2,0.1,13,so2,2026-09-20T12:00:00+06:00,1.0,32,11.1,,,,,,,,,,,,,,,,,,20.99,49,1020,6,70,clear sky,0
Ust-Kamenogorsk,2026-09-20T12:17:16.671210+00:00,1789906636,517390,"Серікбаев көшесі, 19",49.956986944444,82.592090555556,5,1,1,53,2,13,13,pm25,2026-09-20T11:00:00Z,1.3,41,0,UMZ,1.02,,304.9,214.9,,282.5,,3.31,3.12,,1.02,,0,0,,0,20.99,49,1017,4,330,overcast clouds,0
Ust-Kamenogorsk,2026-09-20T12:17:16.671210+00:00,1789906636,517402,"Лев Толстой к-сі, 18",49.944817777778,82.653340277778,3,1,,0,2,6,6,pm25,2026-09-20T11:00:00Z,1.3,43,0,CHP,1.76,,72.2,146.4,,108.5,,1.76,4.7,,3.58,,0,1,,1,20.99,49,1017,4,330,overcast clouds,0
Ust-Kamenogorsk,2026-09-20T12:17:16.671210+00:00,1789906636,517507,"М. Тынышпаев к-сі, 126",50.009261944444,82.564498888889,0,0,61,0,21,,-,pm25,2026-08-26T09:00:00Z,603.3,69,0,Kazzinc,4.97,,328.7,310.9,,333.8,,9.02,4.97,,6.73,,0,0,,0,20.99,49,1017,4,330,overcast clouds,0
Karaganda,2026-09-20T12:17:16.671210+00:00,1789906636,506290,Майқұдық,49.89696663495,73.21133762598,15,4,,,,,15,pm25,2026-09-20T12:09:58Z,0.1,54,0,,,,,,,,,,,,,,,,,,24.95,23,1017,5.33,31,clear sky,0
Karaganda,2026-09-20T12:17:16.671210+00:00,1789906636,517423,"Мұқанов көшесі,57/3",49.786533888889,73.168150833333,211,113,2,1,2,1,-,pm25,2026-07-02T11:00:00Z,1921.3,45,0,,,,,,,,,,,,,,,,,,24.95,23,1017,5.33,31,clear sky,0
Pavlodar,2026-09-20T12:17:16.671210+00:00,1789906636,520273,  Торайғыров генералы Дүйсенов көшесі,52.294865277778,76.942828333333,13,7,24,2,0,0,13,pm25,2026-09-20T11:00:00Z,1.3,30,21.1,AluminiumSmelter,7.57,254.6,,,,,7.57,,,,,0,,,,,18.92,52,1020,4,340,broken clouds,0
Pavlodar,2026-09-20T12:17:16.671210+00:00,1789906636,537550,"Естай к-сі, 54",52.281193333333,76.946898055556,4,1,0,3,3,2,4,pm25,2026-09-20T11:00:00Z,1.3,31,0,AluminiumSmelter,7.86,243.3,,,,,7.86,,,,,0,,,,,18.92,52,1020,4,340,broken clouds,0
Pavlodar,2026-09-20T12:17:16.671210+00:00,1789906636,573904,Каз. Правда  к-сі,52.252530555556,76.974843611111,,,7,18,0,4,4,pm25,2026-09-20T11:00:00Z,1.3,43,0,AluminiumSmelter,8.46,217.3,,,,,8.46,,,,,1,,,,,18.92,52,1020,4,340,broken clouds,0
Pavlodar,2026-09-20T12:17:16.671210+00:00,1789906636,573907,Ломов к-сі (ПМУ),52.264703055556,76.9640775,,,,1,0,0,0,pm25,2026-09-20T11:00:00Z,1.3,27,22.9,AluminiumSmelter,7.95,227.5,,,,,7.95,,,,,0,,,,,18.92,52,1020,4,340,broken clouds,0
Pavlodar,2026-09-20T12:17:16.671210+00:00,1789906636,114532,Пед. колледж,52.2789,76.9384,78,27,,,,,-,pm25,2026-08-31T12:48:04Z,479.5,29,9.4,AluminiumSmelter,8.49,243.5,,,,,8.49,,,,,0,,,,,18.92,52,1020,4,340,broken clouds,0
Astana,2026-09-20T12:17:16.671210+00:00,1789906636,10497,"Astana, US Embassy, Kazakhstan (Нұр-Сұлтан, АҚШ елшілігі)",51.125286,71.46722,,,3.4,12.3,2.4,0.1,12,so2,2026-09-20T17:00:00+06:00,1.3,32,11.1,,,,,,,,,,,,,,,,,,22.99,35,1019,5,60,clear sky,0
Ust-Kamenogorsk,2026-09-20T16:27:54.512100+00:00,1789921674,517390,"Серікбаев көшесі, 19",49.956986944444,82.592090555556,5,1,1,53,5,6,6,pm25,2026-09-20T15:00:00Z,1.5,41,0,UMZ,1.02,,304.9,214.9,,282.5,,3.31,3.12,,1.02,,0,0,,0,14.99,63,1019,2,270,clear sky,0
Ust-Kamenogorsk,2026-09-20T16:27:54.512100+00:00,1789921674,517402,"Лев Толстой к-сі, 18",49.944817777778,82.653340277778,4,1,,0,1,2,4,pm25,2026-09-20T15:00:00Z,1.5,43,0,CHP,1.76,,72.2,146.4,,108.5,,1.76,4.7,,3.58,,1,1,,1,14.99,63,1019,2,270,clear sky,0
Ust-Kamenogorsk,2026-09-20T16:27:54.512100+00:00,1789921674,517507,"М. Тынышпаев к-сі, 126",50.009261944444,82.564498888889,0,0,61,0,21,,-,pm25,2026-08-26T09:00:00Z,607.5,69,0,Kazzinc,4.97,,328.7,310.9,,333.8,,9.02,4.97,,6.73,,0,0,,0,14.99,63,1019,2,270,clear sky,0
Karaganda,2026-09-20T16:27:54.512100+00:00,1789921674,506290,Майқұдық,49.89696663495,73.21133762598,42,10,,,,,42,pm25,2026-09-20T16:23:20Z,0.1,54,0,,,,,,,,,,,,,,,,,,14.95,51,1018,6.78,62,clear sky,0
Karaganda,2026-09-20T16:27:54.512100+00:00,1789921674,517423,"Мұқанов көшесі,57/3",49.786533888889,73.168150833333,211,113,3,1,2,1,-,pm25,2026-07-02T11:00:00Z,1925.5,40,11.1,,,,,,,,,,,,,,,,,,14.95,51,1018,6.78,62,clear sky,0
Pavlodar,2026-09-20T16:27:54.512100+00:00,1789921674,520273,  Торайғыров генералы Дүйсенов көшесі,52.294865277778,76.942828333333,43,21,24,2,2,0,43,pm25,2026-09-20T15:00:00Z,1.5,32,17.9,AluminiumSmelter,7.57,254.6,,,,,7.57,,,,,1,,,,,15.45,60,1021,2.81,26,broken clouds,0
Pavlodar,2026-09-20T16:27:54.512100+00:00,1789921674,537550,"Естай к-сі, 54",52.281193333333,76.946898055556,4,1,0,2,4,1,4,pm25,2026-09-20T15:00:00Z,1.5,31,0,AluminiumSmelter,7.86,243.3,,,,,7.86,,,,,1,,,,,15.45,60,1021,2.81,26,broken clouds,0
Pavlodar,2026-09-20T16:27:54.512100+00:00,1789921674,573904,Каз. Правда  к-сі,52.252530555556,76.974843611111,,,11,4,0,4,4,pm25,2026-09-20T15:00:00Z,1.5,43,0,AluminiumSmelter,8.46,217.3,,,,,8.46,,,,,1,,,,,15.45,60,1021,2.81,26,broken clouds,0
Pavlodar,2026-09-20T16:27:54.512100+00:00,1789921674,573907,Ломов к-сі (ПМУ),52.264703055556,76.9640775,,,,1,0,0,0,pm25,2026-09-20T15:00:00Z,1.5,35,0,AluminiumSmelter,7.95,227.5,,,,,7.95,,,,,1,,,,,15.45,60,1021,2.81,26,broken clouds,0
Pavlodar,2026-09-20T16:27:54.512100+00:00,1789921674,114532,Пед. колледж,52.2789,76.9384,78,27,,,,,-,pm25,2026-08-31T12:48:04Z,483.7,32,0,AluminiumSmelter,8.49,243.5,,,,,8.49,,,,,1,,,,,15.45,60,1021,2.81,26,broken clouds,0
Astana,2026-09-20T16:27:54.512100+00:00,1789921674,10497,"Astana, US Embassy, Kazakhstan (Нұр-Сұлтан, АҚШ елшілігі)",51.125286,71.46722,,,11.3,12.1,4.4,0.1,12,so2,2026-09-20T21:00:00+06:00,1.5,33,8.3,,,,,,,,,,,,,,,,,,15.99,55,1020,6,50,clear sky,0
Ust-Kamenogorsk,2026-09-20T19:02:06.393491+00:00,1789930926,517390,"Серікбаев көшесі, 19",49.956986944444,82.592090555556,5,1,1,53,4,3,3,pm25,2026-09-20T18:00:00Z,1.0,41,0,UMZ,1.02,,304.9,214.9,,282.5,,3.31,3.12,,1.02,,0,1,,0,8.99,81,1019,2,350,clear sky,0
Ust-Kamenogorsk,2026-09-20T19:02:06.393491+00:00,1789930926,517402,"Лев Толстой к-сі, 18",49.944817777778,82.653340277778,5,1,,0,1,2,5,pm25,2026-09-20T18:00:00Z,1.0,43,0,CHP,1.76,,72.2,146.4,,108.5,,1.76,4.7,,3.58,,0,1,,0,8.99,81,1019,2,350,clear sky,0
Ust-Kamenogorsk,2026-09-20T19:02:06.393491+00:00,1789930926,517507,"М. Тынышпаев к-сі, 126",50.009261944444,82.564498888889,0,0,61,0,21,,-,pm25,2026-08-26T09:00:00Z,610.0,69,0,Kazzinc,4.97,,328.7,310.9,,333.8,,9.02,4.97,,6.73,,0,0,,0,8.99,81,1019,2,350,clear sky,0
Karaganda,2026-09-20T19:02:06.393491+00:00,1789930926,506290,Майқұдық,49.89696663495,73.21133762598,42,13,,,,,42,pm25,2026-09-20T18:57:01Z,0.1,54,0,,,,,,,,,,,,,,,,,,15.95,57,1018,5.07,60,few clouds,0
Karaganda,2026-09-20T19:02:06.393491+00:00,1789930926,517423,"Мұқанов көшесі,57/3",49.786533888889,73.168150833333,211,113,1,1,2,1,-,pm25,2026-07-02T11:00:00Z,1928.0,45,0,,,,,,,,,,,,,,,,,,15.95,57,1018,5.07,60,few clouds,0
Pavlodar,2026-09-20T19:02:06.393491+00:00,1789930926,520273,  Торайғыров генералы Дүйсенов көшесі,52.294865277778,76.942828333333,60,28,24,2,21,0,60,pm25,2026-09-20T18:00:00Z,1.0,38,0,AluminiumSmelter,7.57,254.6,,,,,7.57,,,,,1,,,,,14.96,61,1021,2.76,83,overcast clouds,0
Pavlodar,2026-09-20T19:02:06.393491+00:00,1789930926,537550,"Естай к-сі, 54",52.281193333333,76.946898055556,4,1,0,3,7,1,4,pm25,2026-09-20T18:00:00Z,1.0,31,0,AluminiumSmelter,7.86,243.3,,,,,7.86,,,,,1,,,,,14.96,61,1021,2.76,83,overcast clouds,0
Pavlodar,2026-09-20T19:02:06.393491+00:00,1789930926,573904,Каз. Правда  к-сі,52.252530555556,76.974843611111,,,17,8,1,4,4,pm25,2026-09-20T18:00:00Z,1.0,43,0,AluminiumSmelter,8.46,217.3,,,,,8.46,,,,,1,,,,,14.96,61,1021,2.76,83,overcast clouds,0
Pavlodar,2026-09-20T19:02:06.393491+00:00,1789930926,573907,Ломов к-сі (ПМУ),52.264703055556,76.9640775,,,,0,18,0,0,pm25,2026-09-20T18:00:00Z,1.0,35,0,AluminiumSmelter,7.95,227.5,,,,,7.95,,,,,1,,,,,14.96,61,1021,2.76,83,overcast clouds,0
Pavlodar,2026-09-20T19:02:06.393491+00:00,1789930926,114532,Пед. колледж,52.2789,76.9384,70,20,,,,,70,pm25,2026-09-20T16:47:03Z,2.3,32,0,AluminiumSmelter,8.49,243.5,,,,,8.49,,,,,1,,,,,14.96,61,1021,2.76,83,overcast clouds,0
Astana,2026-09-20T19:02:06.393491+00:00,1789930926,10497,"Astana, US Embassy, Kazakhstan (Нұр-Сұлтан, АҚШ елшілігі)",51.125286,71.46722,,,9.2,12.3,4.6,0.1,12,so2,2026-09-21T00:00:00+06:00,1.0,35,2.8,,,,,,,,,,,,,,,,,,10.99,76,1020,4,60,clear sky,0
Ust-Kamenogorsk,2026-09-20T21:29:50.012677+00:00,1789939790,517390,"Серікбаев көшесі, 19",49.956986944444,82.592090555556,5,1,1,53,8,1,1,pm25,2026-09-20T20:00:00Z,1.5,41,0,UMZ,1.02,,304.9,214.9,,282.5,,3.31,3.12,,1.02,,0,1,,0,5.99,93,1019,1,0,clear sky,0
Ust-Kamenogorsk,2026-09-20T21:29:50.012677+00:00,1789939790,517402,"Лев Толстой к-сі, 18",49.944817777778,82.653340277778,2,0,,0,0,1,2,pm25,2026-09-20T20:00:00Z,1.5,43,0,CHP,1.76,,72.2,146.4,,108.5,,1.76,4.7,,3.58,,0,1,,0,5.99,93,1019,1,0,clear sky,0
Ust-Kamenogorsk,2026-09-20T21:29:50.012677+00:00,1789939790,517507,"М. Тынышпаев к-сі, 126",50.009261944444,82.564498888889,0,0,61,0,21,,-,pm25,2026-08-26T09:00:00Z,612.5,69,0,Kazzinc,4.97,,328.7,310.9,,333.8,,9.02,4.97,,6.73,,0,0,,0,5.99,93,1019,1,0,clear sky,0
Karaganda,2026-09-20T21:29:50.012677+00:00,1789939790,506290,Майқұдық,49.89696663495,73.21133762598,8,2,,,,,8,pm25,2026-09-20T21:25:00Z,0.1,54,0,,,,,,,,,,,,,,,,,,11.95,65,1018,4.87,57,scattered clouds,0
Karaganda,2026-09-20T21:29:50.012677+00:00,1789939790,517423,"Мұқанов көшесі,57/3",49.786533888889,73.168150833333,211,113,1,1,1,1,-,pm25,2026-07-02T11:00:00Z,1930.5,45,0,,,,,,,,,,,,,,,,,,11.95,65,1018,4.87,57,scattered clouds,0
Pavlodar,2026-09-20T21:29:50.012677+00:00,1789939790,520273,  Торайғыров генералы Дүйсенов көшесі,52.294865277778,76.942828333333,55,22,24,2,36,0,55,pm25,2026-09-20T20:00:00Z,1.5,38,0,AluminiumSmelter,7.57,254.6,,,,,7.57,,,,,1,,,,,12.24,71,1021,2.21,113,broken clouds,0
Pavlodar,2026-09-20T21:29:50.012677+00:00,1789939790,537550,"Естай к-сі, 54",52.281193333333,76.946898055556,4,1,0,3,8,1,4,pm25,2026-09-20T20:00:00Z,1.5,31,0,AluminiumSmelter,7.86,243.3,,,,,7.86,,,,,1,,,,,12.24,71,1021,2.21,113,broken clouds,0
Pavlodar,2026-09-20T21:29:50.012677+00:00,1789939790,573904,Каз. Правда  к-сі,52.252530555556,76.974843611111,,,14,4,1,4,4,pm25,2026-09-20T20:00:00Z,1.5,43,0,AluminiumSmelter,8.46,217.3,,,,,8.46,,,,,0,,,,,12.24,71,1021,2.21,113,broken clouds,0
Pavlodar,2026-09-20T21:29:50.012677+00:00,1789939790,573907,Ломов к-сі (ПМУ),52.264703055556,76.9640775,,,,0,14,0,0,pm25,2026-09-20T20:00:00Z,1.5,35,0,AluminiumSmelter,7.95,227.5,,,,,7.95,,,,,0,,,,,12.24,71,1021,2.21,113,broken clouds,0
Pavlodar,2026-09-20T21:29:50.012677+00:00,1789939790,114532,Пед. колледж,52.2789,76.9384,70,20,,,,,-,pm25,2026-09-20T16:47:03Z,4.7,32,0,AluminiumSmelter,8.49,243.5,,,,,8.49,,,,,1,,,,,12.24,71,1021,2.21,113,broken clouds,0
Astana,2026-09-20T21:29:50.012677+00:00,1789939790,10497,"Astana, US Embassy, Kazakhstan (Нұр-Сұлтан, АҚШ елшілігі)",51.125286,71.46722,,,11.4,11.8,5.7,0.1,12,so2,2026-09-21T02:00:00+06:00,1.5,36,0,,,,,,,,,,,,,,,,,,8.99,81,1021,4,60,few clouds,0
Ust-Kamenogorsk,2026-09-20T23:29:48.546583+00:00,1789946988,517390,"Серікбаев көшесі, 19",49.956986944444,82.592090555556,5,1,1,53,6,1,1,pm25,2026-09-20T22:00:00Z,1.5,41,0,UMZ,1.02,,304.9,214.9,,282.5,,3.31,3.12,,1.02,,0,1,,0,3.99,93,1020,0,0,clear sky,0
Ust-Kamenogorsk,2026-09-20T23:29:48.546583+00:00,1789946988,517402,"Лев Толстой к-сі, 18",49.944817777778,82.653340277778,5,1,,0,0,1,5,pm25,2026-09-20T22:00:00Z,1.5,43,0,CHP,1.76,,72.2,146.4,,108.5,,1.76,4.7,,3.58,,0,1,,0,3.99,93,1020,0,0,clear sky,0
Ust-Kamenogorsk,2026-09-20T23:29:48.546583+00:00,1789946988,517507,"М. Тынышпаев к-сі, 126",50.009261944444,82.564498888889,0,0,61,0,21,,-,pm25,2026-08-26T09:00:00Z,614.5,69,0,Kazzinc,4.97,,328.7,310.9,,333.8,,9.02,4.97,,6.73,,0,0,,0,3.99,93,1020,0,0,clear sky,0
Karaganda,2026-09-20T23:29:48.546583+00:00,1789946988,506290,Майқұдық,49.89696663495,73.21133762598,21,5,,,,,21,pm25,2026-09-20T22:21:26Z,1.1,54,0,,,,,,,,,,,,,,,,,,8.95,76,1019,4.39,52,broken clouds,0
Karaganda,2026-09-20T23:29:48.546583+00:00,1789946988,517423,"Мұқанов көшесі,57/3",49.786533888889,73.168150833333,211,113,1,1,2,1,-,pm25,2026-07-02T11:00:00Z,1932.5,45,0,,,,,,,,,,,,,,,,,,8.95,76,1019,4.39,52,broken clouds,0
Pavlodar,2026-09-20T23:29:48.546583+00:00,1789946988,520273,  Торайғыров генералы Дүйсенов көшесі,52.294865277778,76.942828333333,23,9,24,2,10,0,23,pm25,2026-09-20T22:00:00Z,1.5,38,0,AluminiumSmelter,7.57,254.6,,,,,7.57,,,,,0,,,,,11.92,87,1022,2,240,broken clouds,0
Pavlodar,2026-09-20T23:29:48.546583+00:00,1789946988,537550,"Естай к-сі, 54",52.281193333333,76.946898055556,4,1,0,2,5,1,4,pm25,2026-09-20T22:00:00Z,1.5,31,0,AluminiumSmelter,7.86,243.3,,,,,7.86,,,,,0,,,,,11.92,87,1022,2,240,broken clouds,0
Pavlodar,2026-09-20T23:29:48.546583+00:00,1789946988,573904,Каз. Правда  к-сі,52.252530555556,76.974843611111,,,8,6,0,4,4,pm25,2026-09-20T22:00:00Z,1.5,43,0,AluminiumSmelter,8.46,217.3,,,,,8.46,,,,,0,,,,,11.92,87,1022,2,240,broken clouds,0
Pavlodar,2026-09-20T23:29:48.546583+00:00,1789946988,573907,Ломов к-сі (ПМУ),52.264703055556,76.9640775,,,,1,0,0,0,pm25,2026-09-20T22:00:00Z,1.5,35,0,AluminiumSmelter,7.95,227.5,,,,,7.95,,,,,0,,,,,11.92,87,1022,2,240,broken clouds,0
Pavlodar,2026-09-20T23:29:48.546583+00:00,1789946988,114532,Пед. колледж,52.2789,76.9384,70,20,,,,,-,pm25,2026-09-20T16:47:03Z,6.7,32,0,AluminiumSmelter,8.49,243.5,,,,,8.49,,,,,0,,,,,11.92,87,1022,2,240,broken clouds,0
Astana,2026-09-20T23:29:48.546583+00:00,1789946988,10497,"Astana, US Embassy, Kazakhstan (Нұр-Сұлтан, АҚШ елшілігі)",51.125286,71.46722,,,7.7,12.1,4,0.1,12,so2,2026-09-21T04:00:00+06:00,1.5,36,0,,,,,,,,,,,,,,,,,,10.99,76,1022,4,40,few clouds,0
Ust-Kamenogorsk,2026-09-21T01:38:27.711109+00:00,1789954707,517390,"Серікбаев көшесі, 19",49.956986944444,82.592090555556,5,1,1,53,4,1,1,pm25,2026-09-21T01:00:00Z,0.6,41,0,UMZ,1.02,,304.9,214.9,,282.5,,3.31,3.12,,1.02,,0,1,,0,4.99,93,1020,0,0,clear sky,0
Ust-Kamenogorsk,2026-09-21T01:38:27.711109+00:00,1789954707,517402,"Лев Толстой к-сі, 18",49.944817777778,82.653340277778,3,1,,0,0,2,3,pm25,2026-09-21T01:00:00Z,0.6,43,0,CHP,1.76,,72.2,146.4,,108.5,,1.76,4.7,,3.58,,0,1,,0,4.99,93,1020,0,0,clear sky,0
Ust-Kamenogorsk,2026-09-21T01:38:27.711109+00:00,1789954707,517507,"М. Тынышпаев к-сі, 126",50.009261944444,82.564498888889,0,0,61,0,21,,-,pm25,2026-08-26T09:00:00Z,616.6,69,0,Kazzinc,4.97,,328.7,310.9,,333.8,,9.02,4.97,,6.73,,0,0,,0,4.99,93,1020,0,0,clear sky,0
Karaganda,2026-09-21T01:38:27.711109+00:00,1789954707,506290,Майқұдық,49.89696663495,73.21133762598,0,0,,,,,0,pm25,2026-09-21T01:31:34Z,0.1,54,0,,,,,,,,,,,,,,,,,,8.95,69,1020,4.95,58,overcast clouds,0
Karaganda,2026-09-21T01:38:27.711109+00:00,1789954707,517423,"Мұқанов көшесі,57/3",49.786533888889,73.168150833333,211,113,1,0,1,1,-,pm25,2026-07-02T11:00:00Z,1934.6,45,0,,,,,,,,,,,,,,,,,,8.95,69,1020,4.95,58,overcast clouds,0
Pavlodar,2026-09-21T01:38:27.711109+00:00,1789954707,520273,  Торайғыров генералы Дүйсенов көшесі,52.294865277778,76.942828333333,20,8,24,2,0,0,20,pm25,2026-09-21T01:00:00Z,0.6,38,0,AluminiumSmelter,7.57,254.6,,,,,7.57,,,,,0,,,,,11.92,82,1022,2,250,broken clouds,0
Pavlodar,2026-09-21T01:38:27.711109+00:00,1789954707,537550,"Естай к-сі, 54",52.281193333333,76.946898055556,4,1,0,2,3,1,4,pm25,2026-09-21T01:00:00Z,0.6,31,0,AluminiumSmelter,7.86,243.3,,,,,7.86,,,,,0,,,,,11.92,82,1022,2,250,broken clouds,0
Pavlodar,2026-09-21T01:38:27.711109+00:00,1789954707,573904,Каз. Правда  к-сі,52.252530555556,76.974843611111,,,2,4,0,4,4,pm25,2026-09-21T01:00:00Z,0.6,36,16.3,AluminiumSmelter,8.46,217.3,,,,,8.46,,,,,0,,,,,11.92,82,1022,2,250,broken clouds,0
Pavlodar,2026-09-21T01:38:27.711109+00:00,1789954707,573907,Ломов к-сі (ПМУ),52.264703055556,76.9640775,,,,1,0,0,0,pm25,2026-09-21T01:00:00Z,0.6,35,0,AluminiumSmelter,7.95,227.5,,,,,7.95,,,,,0,,,,,11.92,82,1022,2,250,broken clouds,0
Pavlodar,2026-09-21T01:38:27.711109+00:00,1789954707,114532,Пед. колледж,52.2789,76.9384,70,20,,,,,-,pm25,2026-09-20T16:47:03Z,8.9,32,0,AluminiumSmelter,8.49,243.5,,,,,8.49,,,,,0,,,,,11.92,82,1022,2,250,broken clouds,0
Astana,2026-09-21T01:38:27.711109+00:00,1789954707,10497,"Astana, US Embassy, Kazakhstan (Нұр-Сұлтан, АҚШ елшілігі)",51.125286,71.46722,,,3.9,13.7,2.2,0.1,14,so2,2026-09-21T07:00:00+06:00,0.6,36,0,,,,,,,,,,,,,,,,,,9.99,81,1022,2,40,scattered clouds,0
Ust-Kamenogorsk,2026-09-21T07:07:43.917490+00:00,1789974463,517390,"Серікбаев көшесі, 19",49.956986944444,82.592090555556,5,1,1,53,2,13,13,pm25,2026-09-21T06:00:00Z,1.1,41,0,UMZ,1.02,,304.9,214.9,,282.5,,3.31,3.12,,1.02,,0,0,,0,20.99,40,1019,5,330,overcast clouds,0
Ust-Kamenogorsk,2026-09-21T07:07:43.917490+00:00,1789974463,517402,"Лев Толстой к-сі, 18",49.944817777778,82.653340277778,4,1,,0,1,2,4,pm25,2026-09-21T06:00:00Z,1.1,34,20.9,CHP,1.76,,72.2,146.4,,108.5,,1.76,4.7,,3.58,,0,1,,1,20.99,40,1019,5,330,overcast clouds,0
Ust-Kamenogorsk,2026-09-21T07:07:43.917490+00:00,1789974463,517507,"М. Тынышпаев к-сі, 126",50.009261944444,82.564498888889,0,0,61,0,21,,-,pm25,2026-08-26T09:00:00Z,622.1,69,0,Kazzinc,4.97,,328.7,310.9,,333.8,,9.02,4.97,,6.73,,0,0,,0,20.99,40,1019,5,330,overcast clouds,0
Karaganda,2026-09-21T07:07:43.917490+00:00,1789974463,506290,Майқұдық,49.89696663495,73.21133762598,23,5,,,,,23,pm25,2026-09-21T07:02:53Z,0.1,54,0,,,,,,,,,,,,,,,,,,23.95,33,1019,5.24,51,few clouds,0
Karaganda,2026-09-21T07:07:43.917490+00:00,1789974463,517423,"Мұқанов көшесі,57/3",49.786533888889,73.168150833333,211,113,3,1,1,1,-,pm25,2026-07-02T11:00:00Z,1940.1,45,0,,,,,,,,,,,,,,,,,,23.95,33,1019,5.24,51,few clouds,0
Pavlodar,2026-09-21T07:07:43.917490+00:00,1789974463,520273,  Торайғыров генералы Дүйсенов көшесі,52.294865277778,76.942828333333,12,6,24,2,4,0,12,pm25,2026-09-21T06:00:00Z,1.1,31,18.4,AluminiumSmelter,7.57,254.6,,,,,7.57,,,,,0,,,,,18.92,45,1022,2,320,overcast clouds,0
Pavlodar,2026-09-21T07:07:43.917490+00:00,1789974463,537550,"Естай к-сі, 54",52.281193333333,76.946898055556,4,1,0,2,3,1,4,pm25,2026-09-21T06:00:00Z,1.1,31,0,AluminiumSmelter,7.86,243.3,,,,,7.86,,,,,0,,,,,18.92,45,1022,2,320,overcast clouds,0
Pavlodar,2026-09-21T07:07:43.917490+00:00,1789974463,573904,Каз. Правда  к-сі,52.252530555556,76.974843611111,,,5,7,0,4,4,pm25,2026-09-21T06:00:00Z,1.1,43,0,AluminiumSmelter,8.46,217.3,,,,,8.46,,,,,0,,,,,18.92,45,1022,2,320,overcast clouds,0
Pavlodar,2026-09-21T07:07:43.917490+00:00,1789974463,573907,Ломов к-сі (ПМУ),52.264703055556,76.9640775,,,,1,1,0,0,pm25,2026-09-21T06:00:00Z,1.1,21,38.2,AluminiumSmelter,7.95,227.5,,,,,7.95,,,,,0,,,,,18.92,45,1022,2,320,overcast clouds,0
Pavlodar,2026-09-21T07:07:43.917490+00:00,1789974463,114532,Пед. колледж,52.2789,76.9384,70,20,,,,,-,pm25,2026-09-20T16:47:03Z,14.3,28,12.5,AluminiumSmelter,8.49,243.5,,,,,8.49,,,,,0,,,,,18.92,45,1022,2,320,overcast clouds,0
Astana,2026-09-21T07:07:43.917490+00:00,1789974463,10497,"Astana, US Embassy, Kazakhstan (Нұр-Сұлтан, АҚШ елшілігі)",51.125286,71.46722,,,3.7,14.2,2.2,0.1,14,so2,2026-09-21T12:00:00+06:00,1.1,32,11.1,,,,,,,,,,,,,,,,,,19.99,45,1022,4,90,overcast clouds,0
Ust-Kamenogorsk,2026-09-21T14:02:05.614481+00:00,1789999325,517390,"Серікбаев көшесі, 19",49.956986944444,82.592090555556,5,1,1,53,3,8,8,pm25,2026-09-21T13:00:00Z,1.0,33,17.5,UMZ,1.02,,304.9,214.9,,282.5,,3.31,3.12,,1.02,,0,0,,0,13.99,62,1020,3,310,broken clouds,0
Ust-Kamenogorsk,2026-09-21T14:02:05.614481+00:00,1789999325,517402,"Лев Толстой к-сі, 18",49.944817777778,82.653340277778,3,1,,0,2,2,3,pm25,2026-09-21T13:00:00Z,1.0,43,0,CHP,1.76,,72.2,146.4,,108.5,,1.76,4.7,,3.58,,1,1,,1,13.99,62,1020,3,310,broken clouds,0
Ust-Kamenogorsk,2026-09-21T14:02:05.614481+00:00,1789999325,517507,"М. Тынышпаев к-сі, 126",50.009261944444,82.564498888889,0,0,61,0,21,,-,pm25,2026-08-26T09:00:00Z,629.0,69,0,Kazzinc,4.97,,328.7,310.9,,333.8,,9.02,4.97,,6.73,,0,0,,0,13.99,62,1020,3,310,broken clouds,0
Karaganda,2026-09-21T14:02:05.614481+00:00,1789999325,506290,Майқұдық,49.89696663495,73.21133762598,15,4,,,,,15,pm25,2026-09-21T13:55:11Z,0.1,46,14.8,,,,,,,,,,,,,,,,,,18.95,43,1020,4.79,23,overcast clouds,0
Karaganda,2026-09-21T14:02:05.614481+00:00,1789999325,517423,"Мұқанов көшесі,57/3",49.786533888889,73.168150833333,211,113,6,2,1,1,-,pm25,2026-07-02T11:00:00Z,1947.0,34,24.4,,,,,,,,,,,,,,,,,,18.95,43,1020,4.79,23,overcast clouds,0
Pavlodar,2026-09-21T14:02:05.614481+00:00,1789999325,520273,  Торайғыров генералы Дүйсенов көшесі,52.294865277778,76.942828333333,13,8,24,2,5,0,13,pm25,2026-09-21T13:00:00Z,1.0,31,20.5,AluminiumSmelter,7.57,254.6,,,,,7.57,,,,,0,,,,,14.92,63,1022,2,200,overcast clouds,0
Pavlodar,2026-09-21T14:02:05.614481+00:00,1789999325,537550,"Естай к-сі, 54",52.281193333333,76.946898055556,4,1,0,2,5,1,4,pm25,2026-09-21T13:00:00Z,1.0,23,25.8,AluminiumSmelter,7.86,243.3,,,,,7.86,,,,,0,,,,,14.92,63,1022,2,200,overcast clouds,0
Pavlodar,2026-09-21T14:02:05.614481+00:00,1789999325,573904,Каз. Правда  к-сі,52.252530555556,76.974843611111,,,11,2,0,7,7,pm25,2026-09-21T13:00:00Z,1.0,34,20.9,AluminiumSmelter,8.46,217.3,,,,,8.46,,,,,0,,,,,14.92,63,1022,2,200,overcast clouds,0
Pavlodar,2026-09-21T14:02:05.614481+00:00,1789999325,573907,Ломов к-сі (ПМУ),52.264703055556,76.9640775,,,,0,1,0,0,pm25,2026-09-21T13:00:00Z,1.0,19,44.1,AluminiumSmelter,7.95,227.5,,,,,7.95,,,,,0,,,,,14.92,63,1022,2,200,overcast clouds,0
Pavlodar,2026-09-21T14:02:05.614481+00:00,1789999325,114532,Пед. колледж,52.2789,76.9384,70,20,,,,,-,pm25,2026-09-20T16:47:03Z,21.3,25,21.9,AluminiumSmelter,8.49,243.5,,,,,8.49,,,,,0,,,,,14.92,63,1022,2,200,overcast clouds,0
Astana,2026-09-21T14:02:05.614481+00:00,1789999325,10497,"Astana, US Embassy, Kazakhstan (Нұр-Сұлтан, АҚШ елшілігі)",51.125286,71.46722,,,5.8,46.5,2.3,0.1,47,so2,2026-09-21T17:00:00+06:00,3.0,28,24.3,,,,,,,,,,,,,,,,,,17.99,55,1022,1,0,overcast clouds,0
Ust-Kamenogorsk,2026-09-21T19:22:06.771245+00:00,1790018526,517390,"Серікбаев көшесі, 19",49.956986944444,82.592090555556,5,1,1,53,2,4,4,pm25,2026-09-21T19:00:00Z,0.4,41,0,UMZ,1.02,,304.9,214.9,,282.5,,3.31,3.12,,1.02,,0,0,,0,6.49,80,1021,0.4,269,overcast clouds,0
Ust-Kamenogorsk,2026-09-21T19:22:06.771245+00:00,1790018526,517402,"Лев Толстой к-сі, 18",49.944817777778,82.653340277778,3,1,,0,0,1,3,pm25,2026-09-21T19:00:00Z,0.4,43,0,CHP,1.76,,72.2,146.4,,108.5,,1.76,4.7,,3.58,,1,1,,1,6.49,80,1021,0.4,269,overcast clouds,0
Ust-Kamenogorsk,2026-09-21T19:22:06.771245+00:00,1790018526,517507,"М. Тынышпаев к-сі, 126",50.009261944444,82.564498888889,0,0,61,0,21,,-,pm25,2026-08-26T09:00:00Z,634.4,69,0,Kazzinc,4.97,,328.7,310.9,,333.8,,9.02,4.97,,6.73,,0,0,,0,6.49,80,1021,0.4,269,overcast clouds,0
Karaganda,2026-09-21T19:22:06.771245+00:00,1790018526,506290,Майқұдық,49.89696663495,73.21133762598,18,4,,,,,18,pm25,2026-09-21T19:16:09Z,0.1,54,0,,,,,,,,,,,,,,,,,,6.95,75,1022,3.67,66,broken clouds,0
Karaganda,2026-09-21T19:22:06.771245+00:00,1790018526,517423,"Мұқанов көшесі,57/3",49.786533888889,73.168150833333,211,113,1,1,0,1,-,pm25,2026-07-02T11:00:00Z,1952.4,45,0,,,,,,,,,,,,,,,,,,6.95,75,1022,3.67,66,broken clouds,0
Pavlodar,2026-09-21T19:22:06.771245+00:00,1790018526,520273,  Торайғыров генералы Дүйсенов көшесі,52.294865277778,76.942828333333,37,21,24,2,0,0,37,pm25,2026-09-21T19:00:00Z,0.4,38,0,AluminiumSmelter,7.57,254.6,,,,,7.57,,,,,0,,,,,13.61,65,1023,2.28,230,scattered clouds,0
Pavlodar,2026-09-21T19:22:06.771245+00:00,1790018526,537550,"Естай к-сі, 54",52.281193333333,76.946898055556,4,1,0,2,6,1,4,pm25,2026-09-21T19:00:00Z,0.4,31,0,AluminiumSmelter,7.86,243.3,,,,,7.86,,,,,0,,,,,13.61,65,1023,2.28,230,scattered clouds,0
Pavlodar,2026-09-21T19:22:06.771245+00:00,1790018526,573904,Каз. Правда  к-сі,52.252530555556,76.974843611111,,,12,2,0,5,5,pm25,2026-09-21T19:00:00Z,0.4,40,7.0,AluminiumSmelter,8.46,217.3,,,,,8.46,,,,,0,,,,,13.61,65,1023,2.28,230,scattered clouds,0
Pavlodar,2026-09-21T19:22:06.771245+00:00,1790018526,573907,Ломов к-сі (ПМУ),52.264703055556,76.9640775,,,,0,2,0,0,pm25,2026-09-21T19:00:00Z,0.4,35,0,AluminiumSmelter,7.95,227.5,,,,,7.95,,,,,0,,,,,13.61,65,1023,2.28,230,scattered clouds,0
Pavlodar,2026-09-21T19:22:06.771245+00:00,1790018526,114532,Пед. колледж,52.2789,76.9384,73,21,,,,,73,pm25,2026-09-21T16:00:08Z,3.4,32,0,AluminiumSmelter,8.49,243.5,,,,,8.49,,,,,0,,,,,13.61,65,1023,2.28,230,scattered clouds,0
Astana,2026-09-21T19:22:06.771245+00:00,1790018526,10497,"Astana, US Embassy, Kazakhstan (Нұр-Сұлтан, АҚШ елшілігі)",51.125286,71.46722,,,29.7,18.5,12.2,0.1,19,so2,2026-09-21T22:00:00+06:00,3.4,34,5.6,,,,,,,,,,,,,,,,,,10.99,71,1023,2,80,clear sky,0
Ust-Kamenogorsk,2026-09-21T22:48:42.172724+00:00,1790030922,517390,"Серікбаев көшесі, 19",49.956986944444,82.592090555556,5,1,1,53,2,4,4,pm25,2026-09-21T22:00:00Z,0.8,41,0,UMZ,1.02,,304.9,214.9,,282.5,,3.31,3.12,,1.02,,0,1,,0,2.99,93,1022,0,0,scattered clouds,0
Ust-Kamenogorsk,2026-09-21T22:48:42.172724+00:00,1790030922,517402,"Лев Толстой к-сі, 18",49.944817777778,82.653340277778,4,1,,0,0,2,4,pm25,2026-09-21T22:00:00Z,0.8,43,0,CHP,1.76,,72.2,146.4,,108.5,,1.76,4.7,,3.58,,0,1,,0,2.99,93,1022,0,0,scattered clouds,0
Ust-Kamenogorsk,2026-09-21T22:48:42.172724+00:00,1790030922,517507,"М. Тынышпаев к-сі, 126",50.009261944444,82.564498888889,0,0,61,0,21,,-,pm25,2026-08-26T09:00:00Z,637.8,69,0,Kazzinc,4.97,,328.7,310.9,,333.8,,9.02,4.97,,6.73,,0,0,,0,2.99,93,1022,0,0,scattered clouds,0
Karaganda,2026-09-21T22:48:42.172724+00:00,1790030922,506290,Майқұдық,49.89696663495,73.21133762598,55,15,,,,,55,pm25,2026-09-21T22:42:07Z,0.1,54,0,,,,,,,,,,,,,,,,,,4.95,73,1022,3.46,52,scattered clouds,0
Karaganda,2026-09-21T22:48:42.172724+00:00,1790030922,517423,"Мұқанов көшесі,57/3",49.786533888889,73.168150833333,211,113,1,1,0,1,-,pm25,2026-07-02T11:00:00Z,1955.8,45,0,,,,,,,,,,,,,,,,,,4.95,73,1022,3.46,52,scattered clouds,0
Pavlodar,2026-09-21T22:48:42.172724+00:00,1790030922,520273,  Торайғыров генералы Дүйсенов көшесі,52.294865277778,76.942828333333,20,9,24,2,0,0,20,pm25,2026-09-21T22:00:00Z,0.8,38,0,AluminiumSmelter,7.57,254.6,,,,,7.57,,,,,0,,,,,7.92,87,1023,2,210,scattered clouds,0
Pavlodar,2026-09-21T22:48:42.172724+00:00,1790030922,537550,"Естай к-сі, 54",52.281193333333,76.946898055556,4,1,0,2,4,1,4,pm25,2026-09-21T22:00:00Z,0.8,31,0,AluminiumSmelter,7.86,243.3,,,,,7.86,,,,,0,,,,,7.92,87,1023,2,210,scattered clouds,0
Pavlodar,2026-09-21T22:48:42.172724+00:00,1790030922,573904,Каз. Правда  к-сі,52.252530555556,76.974843611111,,,5,2,0,5,5,pm25,2026-09-21T22:00:00Z,0.8,43,0,AluminiumSmelter,8.46,217.3,,,,,8.46,,,,,0,,,,,7.92,87,1023,2,210,scattered clouds,0
Pavlodar,2026-09-21T22:48:42.172724+00:00,1790030922,573907,Ломов к-сі (ПМУ),52.264703055556,76.9640775,,,,0,1,0,0,pm25,2026-09-21T22:00:00Z,0.8,35,0,AluminiumSmelter,7.95,227.5,,,,,7.95,,,,,0,,,,,7.92,87,1023,2,210,scattered clouds,0
Pavlodar,2026-09-21T22:48:42.172724+00:00,1790030922,114532,Пед. колледж,52.2789,76.9384,73,21,,,,,-,pm25,2026-09-21T16:00:08Z,6.8,32,0,AluminiumSmelter,8.49,243.5,,,,,8.49,,,,,0,,,,,7.92,87,1023,2,210,scattered clouds,0
Astana,2026-09-21T22:48:42.172724+00:00,1790030922,10497,"Astana, US Embassy, Kazakhstan (Нұр-Сұлтан, АҚШ елшілігі)",51.125286,71.46722,,,4.3,13.2,3,0.1,13,so2,2026-09-22T04:00:00+06:00,0.8,36,0,,,,,,,,,,,,,,,,,,8.99,76,1024,2,40,few clouds,0
Ust-Kamenogorsk,2026-09-22T01:34:56.282560+00:00,1790040896,517390,"Серікбаев көшесі, 19",49.956986944444,82.592090555556,5,1,1,53,2,2,2,pm25,2026-09-22T01:00:00Z,0.6,33,17.5,UMZ,1.02,,304.9,214.9,,282.5,,3.31,3.12,,1.02,,0,1,,0,2.99,93,1023,0,0,overcast clouds,0
Ust-Kamenogorsk,2026-09-22T01:34:56.282560+00:00,1790040896,517402,"Лев Толстой к-сі, 18",49.944817777778,82.653340277778,7,1,,0,0,1,7,pm25,2026-09-22T01:00:00Z,0.6,43,0,CHP,1.76,,72.2,146.4,,108.5,,1.76,4.7,,3.58,,0,1,,0,2.99,93,1023,0,0,overcast clouds,0
Ust-Kamenogorsk,2026-09-22T01:34:56.282560+00:00,1790040896,517507,"М. Тынышпаев к-сі, 126",50.009261944444,82.564498888889,0,0,61,0,21,,-,pm25,2026-08-26T09:00:00Z,640.6,69,0,Kazzinc,4.97,,328.7,310.9,,333.8,,9.02,4.97,,6.73,,0,0,,0,2.99,93,1023,0,0,overcast clouds,0
Karaganda,2026-09-22T01:34:56.282560+00:00,1790040896,506290,Майқұдық,49.89696663495,73.21133762598,40,13,,,,,40,pm25,2026-09-22T01:28:46Z,0.1,54,0,,,,,,,,,,,,,,,,,,3.95,75,1023,3.41,48,broken clouds,0
Karaganda,2026-09-22T01:34:56.282560+00:00,1790040896,517423,"Мұқанов көшесі,57/3",49.786533888889,73.168150833333,211,113,1,1,0,1,-,pm25,2026-07-02T11:00:00Z,1958.6,45,0,,,,,,,,,,,,,,,,,,3.95,75,1023,3.41,48,broken clouds,0
Pavlodar,2026-09-22T01:34:56.282560+00:00,1790040896,520273,  Торайғыров генералы Дүйсенов көшесі,52.294865277778,76.942828333333,24,11,24,2,0,0,24,pm25,2026-09-22T01:00:00Z,0.6,38,0,AluminiumSmelter,7.57,254.6,,,,,7.57,,,,,0,,,,,5.92,100,1024,1,0,few clouds,0
Pavlodar,2026-09-22T01:34:56.282560+00:00,1790040896,537550,"Естай к-сі, 54",52.281193333333,76.946898055556,4,1,0,2,3,1,4,pm25,2026-09-22T01:00:00Z,0.6,31,0,AluminiumSmelter,7.86,243.3,,,,,7.86,,,,,0,,,,,5.92,100,1024,1,0,few clouds,0
Pavlodar,2026-09-22T01:34:56.282560+00:00,1790040896,573904,Каз. Правда  к-сі,52.252530555556,76.974843611111,,,4,2,0,4,4,pm25,2026-09-22T01:00:00Z,0.6,43,0,AluminiumSmelter,8.46,217.3,,,,,8.46,,,,,1,,,,,5.92,100,1024,1,0,few clouds,0
Pavlodar,2026-09-22T01:34:56.282560+00:00,1790040896,573907,Ломов к-сі (ПМУ),52.264703055556,76.9640775,,,,0,1,0,0,pm25,2026-09-22T01:00:00Z,0.6,35,0,AluminiumSmelter,7.95,227.5,,,,,7.95,,,,,1,,,,,5.92,100,1024,1,0,few clouds,0
Pavlodar,2026-09-22T01:34:56.282560+00:00,1790040896,114532,Пед. колледж,52.2789,76.9384,73,21,,,,,-,pm25,2026-09-21T16:00:08Z,9.6,32,0,AluminiumSmelter,8.49,243.5,,,,,8.49,,,,,0,,,,,5.92,100,1024,1,0,few clouds,0
Astana,2026-09-22T01:34:56.282560+00:00,1790040896,10497,"Astana, US Embassy, Kazakhstan (Нұр-Сұлтан, АҚШ елшілігі)",51.125286,71.46722,,,5.2,13.3,2.7,0.1,13,so2,2026-09-22T07:00:00+06:00,0.6,35,2.8,,,,,,,,,,,,,,,,,,9.99,76,1024,0,0,clear sky,0
Ust-Kamenogorsk,2026-09-22T06:45:58.120954+00:00,1790059558,517390,"Серікбаев көшесі, 19",49.956986944444,82.592090555556,5,1,1,53,2,9,9,pm25,2026-09-22T06:00:00Z,0.8,41,0,UMZ,1.02,,304.9,214.9,,282.5,,3.31,3.12,,1.02,,0,0,,0,16.99,55,1021,2,200,overcast clouds,0
Ust-Kamenogorsk,2026-09-22T06:45:58.120954+00:00,1790059558,517402,"Лев Толстой к-сі, 18",49.944817777778,82.653340277778,4,1,,0,1,2,4,pm25,2026-09-22T06:00:00Z,0.8,35,18.6,CHP,1.76,,72.2,146.4,,108.5,,1.76,4.7,,3.58,,1,0,,0,16.99,55,1021,2,200,overcast clouds,0
Ust-Kamenogorsk,2026-09-22T06:45:58.120954+00:00,1790059558,517507,"М. Тынышпаев к-сі, 126",50.009261944444,82.564498888889,0,0,61,0,21,,-,pm25,2026-08-26T09:00:00Z,645.8,69,0,Kazzinc,4.97,,328.7,310.9,,333.8,,9.02,4.97,,6.73,,1,0,,1,16.99,55,1021,2,200,overcast clouds,0
Karaganda,2026-09-22T06:45:58.120954+00:00,1790059558,506290,Майқұдық,49.89696663495,73.21133762598,19,4,,,,,19,pm25,2026-09-22T06:05:35Z,0.7,47,13.0,,,,,,,,,,,,,,,,,,20.95,34,1021,5.21,38,clear sky,0
Karaganda,2026-09-22T06:45:58.120954+00:00,1790059558,517423,"Мұқанов көшесі,57/3",49.786533888889,73.168150833333,211,113,3,1,0,1,-,pm25,2026-07-02T11:00:00Z,1963.8,45,0,,,,,,,,,,,,,,,,,,20.95,34,1021,5.21,38,clear sky,0
Pavlodar,2026-09-22T06:45:58.120954+00:00,1790059558,520273,  Торайғыров генералы Дүйсенов көшесі,52.294865277778,76.942828333333,25,18,24,2,7,0,25,pm25,2026-09-22T06:00:00Z,0.8,29,23.7,AluminiumSmelter,7.57,254.6,,,,,7.57,,,,,1,,,,,19.92,49,1024,4,30,broken clouds,0
Pavlodar,2026-09-22T06:45:58.120954+00:00,1790059558,537550,"Естай к-сі, 54",52.281193333333,76.946898055556,4,1,0,2,3,1,4,pm25,2026-09-22T06:00:00Z,0.8,31,0,AluminiumSmelter,7.86,243.3,,,,,7.86,,,,,1,,,,,19.92,49,1024,4,30,broken clouds,0
Pavlodar,2026-09-22T06:45:58.120954+00:00,1790059558,573904,Каз. Правда  к-сі,52.252530555556,76.974843611111,,,5,2,0,6,6,pm25,2026-09-22T06:00:00Z,0.8,43,0,AluminiumSmelter,8.46,217.3,,,,,8.46,,,,,1,,,,,19.92,49,1024,4,30,broken clouds,0
Pavlodar,2026-09-22T06:45:58.120954+00:00,1790059558,573907,Ломов к-сі (ПМУ),52.264703055556,76.9640775,,,,0,0,0,0,pm25,2026-09-22T06:00:00Z,0.8,26,25.7,AluminiumSmelter,7.95,227.5,,,,,7.95,,,,,1,,,,,19.92,49,1024,4,30,broken clouds,0
Pavlodar,2026-09-22T06:45:58.120954+00:00,1790059558,114532,Пед. колледж,52.2789,76.9384,73,21,,,,,-,pm25,2026-09-21T16:00:08Z,14.8,32,0,AluminiumSmelter,8.49,243.5,,,,,8.49,,,,,1,,,,,19.92,49,1024,4,30,broken clouds,0
Astana,2026-09-22T06:45:58.120954+00:00,1790059558,10497,"Astana, US Embassy, Kazakhstan (Нұр-Сұлтан, АҚШ елшілігі)",51.125286,71.46722,,,6.4,22.2,2.6,0.1,22,so2,2026-09-22T12:00:00+06:00,0.8,32,11.1,,,,,,,,,,,,,,,,,,19.99,42,1024,6,40,broken clouds,0
Ust-Kamenogorsk,2026-09-22T12:33:58.655868+00:00,1790080438,517390,"Серікбаев көшесі, 19",49.956986944444,82.592090555556,5,1,1,53,2,11,11,pm25,2026-09-22T12:00:00Z,0.6,31,22.5,UMZ,1.02,,304.9,214.9,,282.5,,3.31,3.12,,1.02,,0,1,,0,19.99,40,1021,7,340,broken clouds,0
Ust-Kamenogorsk,2026-09-22T12:33:58.655868+00:00,1790080438,517402,"Лев Толстой к-сі, 18",49.944817777778,82.653340277778,10,2,,0,3,3,10,pm25,2026-09-22T12:00:00Z,0.6,37,14.0,CHP,1.76,,72.2,146.4,,108.5,,1.76,4.7,,3.58,,0,1,,1,19.99,40,1021,7,340,broken clouds,0
Ust-Kamenogorsk,2026-09-22T12:33:58.655868+00:00,1790080438,517507,"М. Тынышпаев к-сі, 126",50.009261944444,82.564498888889,0,0,61,0,21,,-,pm25,2026-08-26T09:00:00Z,651.6,69,0,Kazzinc,4.97,,328.7,310.9,,333.8,,9.02,4.97,,6.73,,0,0,,0,19.99,40,1021,7,340,broken clouds,0
Karaganda,2026-09-22T12:33:58.655868+00:00,1790080438,506290,Майқұдық,49.89696663495,73.21133762598,11,2,,,,,11,pm25,2026-09-22T12:30:02Z,0.1,43,20.4,,,,,,,,,,,,,,,,,,20.95,40,1022,7.33,48,scattered clouds,0
Karaganda,2026-09-22T12:33:58.655868+00:00,1790080438,517423,"Мұқанов көшесі,57/3",49.786533888889,73.168150833333,211,113,0,1,1,1,-,pm25,2026-07-02T11:00:00Z,1969.6,34,24.4,,,,,,,,,,,,,,,,,,20.95,40,1022,7.33,48,scattered clouds,0
Pavlodar,2026-09-22T12:33:58.655868+00:00,1790080438,520273,  Торайғыров генералы Дүйсенов көшесі,52.294865277778,76.942828333333,35,20,24,2,6,0,35,pm25,2026-09-22T12:00:00Z,0.6,19,50.0,AluminiumSmelter,7.57,254.6,,,,,7.57,,,,,1,,,,,18.92,45,1024,5,20,scattered clouds,0
Pavlodar,2026-09-22T12:33:58.655868+00:00,1790080438,537550,"Естай к-сі, 54",52.281193333333,76.946898055556,4,1,0,4,3,2,4,pm25,2026-09-22T12:00:00Z,0.6,31,0,AluminiumSmelter,7.86,243.3,,,,,7.86,,,,,1,,,,,18.92,45,1024,5,20,scattered clouds,0
Pavlodar,2026-09-22T12:33:58.655868+00:00,1790080438,573904,Каз. Правда  к-сі,52.252530555556,76.974843611111,,,9,3,0,7,7,pm25,2026-09-22T12:00:00Z,0.6,43,0,AluminiumSmelter,8.46,217.3,,,,,8.46,,,,,1,,,,,18.92,45,1024,5,20,scattered clouds,0
Pavlodar,2026-09-22T12:33:58.655868+00:00,1790080438,573907,Ломов к-сі (ПМУ),52.264703055556,76.9640775,,,,0,0,0,0,pm25,2026-09-22T12:00:00Z,0.6,20,41.2,AluminiumSmelter,7.95,227.5,,,,,7.95,,,,,1,,,,,18.92,45,1024,5,20,scattered clouds,0
Pavlodar,2026-09-22T12:33:58.655868+00:00,1790080438,114532,Пед. колледж,52.2789,76.9384,32,7,,,,,32,pm25,2026-09-22T10:42:07Z,1.9,25,24.2,AluminiumSmelter,8.49,243.5,,,,,8.49,,,,,1,,,,,18.92,45,1024,5,20,scattered clouds,0
Astana,2026-09-22T12:33:58.655868+00:00,1790080438,10497,"Astana, US Embassy, Kazakhstan (Нұр-Сұлтан, АҚШ елшілігі)",51.125286,71.46722,,,6.9,31.3,2.8,0.1,31,so2,2026-09-22T18:00:00+06:00,0.6,30,16.7,,,,,,,,,,,,,,,,,,19.99,40,1024,3,10,overcast clouds,0
Ust-Kamenogorsk,2026-09-22T17:15:27.007695+00:00,1790097327,517390,"Серікбаев көшесі, 19",49.956986944444,82.592090555556,5,1,1,53,4,5,5,pm25,2026-09-22T16:00:00Z,1.3,41,0,UMZ,1.02,,304.9,214.9,,282.5,,3.31,3.12,,1.02,,0,0,,0,9.78,76,1021,0.43,242,few clouds,0
Ust-Kamenogorsk,2026-09-22T17:15:27.007695+00:00,1790097327,517402,"Лев Толстой к-сі, 18",49.944817777778,82.653340277778,3,1,,0,0,2,3,pm25,2026-09-22T16:00:00Z,1.3,43,0,CHP,1.76,,72.2,146.4,,108.5,,1.76,4.7,,3.58,,1,0,,1,9.78,76,1021,0.43,242,few clouds,0
Ust-Kamenogorsk,2026-09-22T17:15:27.007695+00:00,1790097327,517507,"М. Тынышпаев к-сі, 126",50.009261944444,82.564498888889,0,0,61,0,21,,-,pm25,2026-08-26T09:00:00Z,656.3,69,0,Kazzinc,4.97,,328.7,310.9,,333.8,,9.02,4.97,,6.73,,0,0,,0,9.78,76,1021,0.43,242,few clouds,0
Karaganda,2026-09-22T17:15:27.007695+00:00,1790097327,506290,Майқұдық,49.89696663495,73.21133762598,50,12,,,,,50,pm25,2026-09-22T17:07:11Z,0.1,54,0,,,,,,,,,,,,,,,,,,11.95,51,1022,6.36,63,broken clouds,0
Karaganda,2026-09-22T17:15:27.007695+00:00,1790097327,517423,"Мұқанов көшесі,57/3",49.786533888889,73.168150833333,211,113,0,1,2,1,-,pm25,2026-07-02T11:00:00Z,1974.3,39,13.3,,,,,,,,,,,,,,,,,,11.95,51,1022,6.36,63,broken clouds,0
Pavlodar,2026-09-22T17:15:27.007695+00:00,1790097327,520273,  Торайғыров генералы Дүйсенов көшесі,52.294865277778,76.942828333333,19,11,24,2,12,0,19,pm25,2026-09-22T16:00:00Z,1.3,38,0,AluminiumSmelter,7.57,254.6,,,,,7.57,,,,,1,,,,,14.75,52,1025,3.65,61,scattered clouds,0
Pavlodar,2026-09-22T17:15:27.007695+00:00,1790097327,537550,"Естай к-сі, 54",52.281193333333,76.946898055556,4,1,0,3,3,1,4,pm25,2026-09-22T16:00:00Z,1.3,31,0,AluminiumSmelter,7.86,243.3,,,,,7.86,,,,,1,,,,,14.75,52,1025,3.65,61,scattered clouds,0
Pavlodar,2026-09-22T17:15:27.007695+00:00,1790097327,573904,Каз. Правда  к-сі,52.252530555556,76.974843611111,,,3,2,0,7,7,pm25,2026-09-22T16:00:00Z,1.3,43,0,AluminiumSmelter,8.46,217.3,,,,,8.46,,,,,1,,,,,14.75,52,1025,3.65,61,scattered clouds,0
Pavlodar,2026-09-22T17:15:27.007695+00:00,1790097327,573907,Ломов к-сі (ПМУ),52.264703055556,76.9640775,,,,0,0,0,0,pm25,2026-09-22T16:00:00Z,1.3,35,0,AluminiumSmelter,7.95,227.5,,,,,7.95,,,,,1,,,,,14.75,52,1025,3.65,61,scattered clouds,0
Pavlodar,2026-09-22T17:15:27.007695+00:00,1790097327,114532,Пед. колледж,52.2789,76.9384,32,7,,,,,-,pm25,2026-09-22T10:42:07Z,6.6,32,0,AluminiumSmelter,8.49,243.5,,,,,8.49,,,,,1,,,,,14.75,52,1025,3.65,61,scattered clouds,0
Astana,2026-09-22T17:15:27.007695+00:00,1790097327,10497,"Astana, US Embassy, Kazakhstan (Нұр-Сұлтан, АҚШ елшілігі)",51.125286,71.46722,,,12.8,13.9,4.6,0.1,14,so2,2026-09-22T22:00:00+06:00,1.3,34,5.6,,,,,,,,,,,,,,,,,,10.99,76,1024,5,70,broken clouds,0
Ust-Kamenogorsk,2026-09-22T20:27:43.948603+00:00,1790108863,517390,"Серікбаев көшесі, 19",49.956986944444,82.592090555556,5,1,1,53,4,3,3,pm25,2026-09-22T19:00:00Z,1.5,41,0,UMZ,1.02,,304.9,214.9,,282.5,,3.31,3.12,,1.02,,0,1,,0,6.99,93,1021,1,0,overcast clouds,0
Ust-Kamenogorsk,2026-09-22T20:27:43.948603+00:00,1790108863,517402,"Лев Толстой к-сі, 18",49.944817777778,82.653340277778,4,1,,0,1,1,4,pm25,2026-09-22T19:00:00Z,1.5,43,0,CHP,1.76,,72.2,146.4,,108.5,,1.76,4.7,,3.58,,0,1,,0,6.99,93,1021,1,0,overcast clouds,0
Ust-Kamenogorsk,2026-09-22T20:27:43.948603+00:00,1790108863,517507,"М. Тынышпаев к-сі, 126",50.009261944444,82.564498888889,0,0,61,0,21,,-,pm25,2026-08-26T09:00:00Z,659.5,69,0,Kazzinc,4.97,,328.7,310.9,,333.8,,9.02,4.97,,6.73,,0,0,,0,6.99,93,1021,1,0,overcast clouds,0
Karaganda,2026-09-22T20:27:43.948603+00:00,1790108863,506290,Майқұдық,49.89696663495,73.21133762598,17,4,,,,,17,pm25,2026-09-22T20:21:11Z,0.1,54,0,,,,,,,,,,,,,,,,,,6.95,68,1022,4.52,48,scattered clouds,0
Karaganda,2026-09-22T20:27:43.948603+00:00,1790108863,517423,"Мұқанов көшесі,57/3",49.786533888889,73.168150833333,211,113,0,1,1,1,-,pm25,2026-07-02T11:00:00Z,1977.5,45,0,,,,,,,,,,,,,,,,,,6.95,68,1022,4.52,48,scattered clouds,0
Pavlodar,2026-09-22T20:27:43.948603+00:00,1790108863,520273,  Торайғыров генералы Дүйсенов көшесі,52.294865277778,76.942828333333,19,12,24,2,13,0,19,pm25,2026-09-22T19:00:00Z,1.5,38,0,AluminiumSmelter,7.57,254.6,,,,,7.57,,,,,1,,,,,14.49,58,1024,4.22,29,overcast clouds,0
Pavlodar,2026-09-22T20:27:43.948603+00:00,1790108863,537550,"Естай к-сі, 54",52.281193333333,76.946898055556,4,1,0,2,3,2,4,pm25,2026-09-22T19:00:00Z,1.5,31,0,AluminiumSmelter,7.86,243.3,,,,,7.86,,,,,1,,,,,14.49,58,1024,4.22,29,overcast clouds,0
Pavlodar,2026-09-22T20:27:43.948603+00:00,1790108863,573904,Каз. Правда  к-сі,52.252530555556,76.974843611111,,,5,2,0,7,7,pm25,2026-09-22T19:00:00Z,1.5,43,0,AluminiumSmelter,8.46,217.3,,,,,8.46,,,,,1,,,,,14.49,58,1024,4.22,29,overcast clouds,0
Pavlodar,2026-09-22T20:27:43.948603+00:00,1790108863,573907,Ломов к-сі (ПМУ),52.264703055556,76.9640775,,,,0,1,0,0,pm25,2026-09-22T19:00:00Z,1.5,35,0,AluminiumSmelter,7.95,227.5,,,,,7.95,,,,,1,,,,,14.49,58,1024,4.22,29,overcast clouds,0
Pavlodar,2026-09-22T20:27:43.948603+00:00,1790108863,114532,Пед. колледж,52.2789,76.9384,32,7,,,,,-,pm25,2026-09-22T10:42:07Z,9.8,32,0,AluminiumSmelter,8.49,243.5,,,,,8.49,,,,,1,,,,,14.49,58,1024,4.22,29,overcast clouds,0
Astana,2026-09-22T20:27:43.948603+00:00,1790108863,10497,"Astana, US Embassy, Kazakhstan (Нұр-Сұлтан, АҚШ елшілігі)",51.125286,71.46722,,,9,13.2,3.7,0.1,13,so2,2026-09-23T01:00:00+06:00,1.5,35,2.8,,,,,,,,,,,,,,,,,,10.99,76,1024,4,60,broken clouds,0
Ust-Kamenogorsk,2026-09-22T23:14:59.661655+00:00,1790118899,517390,"Серікбаев көшесі, 19",49.956986944444,82.592090555556,5,1,1,53,3,1,1,pm25,2026-09-22T23:00:00Z,0.2,41,0,UMZ,1.02,,304.9,214.9,,282.5,,3.31,3.12,,1.02,,0,1,,1,5.99,81,1020,2,50,overcast clouds,0
Ust-Kamenogorsk,2026-09-22T23:14:59.661655+00:00,1790118899,517402,"Лев Толстой к-сі, 18",49.944817777778,82.653340277778,6,1,,0,0,2,6,pm25,2026-09-22T23:00:00Z,0.2,43,0,CHP,1.76,,72.2,146.4,,108.5,,1.76,4.7,,3.58,,0,0,,0,5.99,81,1020,2,50,overcast clouds,0
Ust-Kamenogorsk,2026-09-22T23:14:59.661655+00:00,1790118899,517507,"М. Тынышпаев к-сі, 126",50.009261944444,82.564498888889,0,0,61,0,21,,-,pm25,2026-08-26T09:00:00Z,662.2,69,0,Kazzinc,4.97,,328.7,310.9,,333.8,,9.02,4.97,,6.73,,0,0,,0,5.99,81,1020,2,50,overcast clouds,0
Karaganda,2026-09-22T23:14:59.661655+00:00,1790118899,506290,Майқұдық,49.89696663495,73.21133762598,30,10,,,,,30,pm25,2026-09-22T23:07:36Z,0.1,54,0,,,,,,,,,,,,,,,,,,3.95,64,1022,5.23,45,broken clouds,0
Karaganda,2026-09-22T23:14:59.661655+00:00,1790118899,517423,"Мұқанов көшесі,57/3",49.786533888889,73.168150833333,211,113,1,1,1,1,-,pm25,2026-07-02T11:00:00Z,1980.2,45,0,,,,,,,,,,,,,,,,,,3.95,64,1022,5.23,45,broken clouds,0
Pavlodar,2026-09-22T23:14:59.661655+00:00,1790118899,520273,  Торайғыров генералы Дүйсенов көшесі,52.294865277778,76.942828333333,15,9,24,2,1,0,15,pm25,2026-09-22T23:00:00Z,0.2,38,0,AluminiumSmelter,7.57,254.6,,,,,7.57,,,,,0,,,,,7.92,93,1024,2,330,overcast clouds,0
Pavlodar,2026-09-22T23:14:59.661655+00:00,1790118899,537550,"Естай к-сі, 54",52.281193333333,76.946898055556,4,1,0,4,2,1,4,pm25,2026-09-22T23:00:00Z,0.2,31,0,AluminiumSmelter,7.86,243.3,,,,,7.86,,,,,0,,,,,7.92,93,1024,2,330,overcast clouds,0
Pavlodar,2026-09-22T23:14:59.661655+00:00,1790118899,573904,Каз. Правда  к-сі,52.252530555556,76.974843611111,,,2,2,0,7,7,pm25,2026-09-22T23:00:00Z,0.2,43,0,AluminiumSmelter,8.46,217.3,,,,,8.46,,,,,0,,,,,7.92,93,1024,2,330,overcast clouds,0
Pavlodar,2026-09-22T23:14:59.661655+00:00,1790118899,573907,Ломов к-сі (ПМУ),52.264703055556,76.9640775,,,,0,0,0,0,pm25,2026-09-22T23:00:00Z,0.2,35,0,AluminiumSmelter,7.95,227.5,,,,,7.95,,,,,0,,,,,7.92,93,1024,2,330,overcast clouds,0
Pavlodar,2026-09-22T23:14:59.661655+00:00,1790118899,114532,Пед. колледж,52.2789,76.9384,32,7,,,,,-,pm25,2026-09-22T10:42:07Z,12.5,32,0,AluminiumSmelter,8.49,243.5,,,,,8.49,,,,,0,,,,,7.92,93,1024,2,330,overcast clouds,0
Astana,2026-09-22T23:14:59.661655+00:00,1790118899,10497,"Astana, US Embassy, Kazakhstan (Нұр-Сұлтан, АҚШ елшілігі)",51.125286,71.46722,,,2.9,12.7,2.2,0.1,13,so2,2026-09-23T05:00:00+06:00,0.2,36,0,,,,,,,,,,,,,,,,,,6.99,87,1025,3,60,scattered clouds,0
Ust-Kamenogorsk,2026-09-23T01:30:32.275115+00:00,1790127032,517390,"Серікбаев көшесі, 19",49.956986944444,82.592090555556,5,1,1,53,3,2,2,pm25,2026-09-23T00:00:00Z,1.5,41,0,UMZ,1.02,,304.9,214.9,,282.5,,3.31,3.12,,1.02,,1,1,,1,5.99,87,1020,1,80,overcast clouds,0
Ust-Kamenogorsk,2026-09-23T01:30:32.275115+00:00,1790127032,517402,"Лев Толстой к-сі, 18",49.944817777778,82.653340277778,4,1,,0,0,1,4,pm25,2026-09-23T00:00:00Z,1.5,43,0,CHP,1.76,,72.2,146.4,,108.5,,1.76,4.7,,3.58,,0,0,,0,5.99,87,1020,1,80,overcast clouds,0
Ust-Kamenogorsk,2026-09-23T01:30:32.275115+00:00,1790127032,517507,"М. Тынышпаев к-сі, 126",50.009261944444,82.564498888889,0,0,61,0,21,,-,pm25,2026-08-26T09:00:00Z,664.5,69,0,Kazzinc,4.97,,328.7,310.9,,333.8,,9.02,4.97,,6.73,,0,1,,0,5.99,87,1020,1,80,overcast clouds,0
Karaganda,2026-09-23T01:30:32.275115+00:00,1790127032,506290,Майқұдық,49.89696663495,73.21133762598,22,5,,,,,22,pm25,2026-09-23T01:22:18Z,0.1,54,0,,,,,,,,,,,,,,,,,,4.95,69,1023,6.18,49,overcast clouds,0
Karaganda,2026-09-23T01:30:32.275115+00:00,1790127032,517423,"Мұқанов көшесі,57/3",49.786533888889,73.168150833333,211,113,1,1,2,1,-,pm25,2026-07-02T11:00:00Z,1982.5,45,0,,,,,,,,,,,,,,,,,,4.95,69,1023,6.18,49,overcast clouds,0
Pavlodar,2026-09-23T01:30:32.275115+00:00,1790127032,520273,  Торайғыров генералы Дүйсенов көшесі,52.294865277778,76.942828333333,9,6,24,2,1,0,9,pm25,2026-09-23T00:00:00Z,1.5,38,0,AluminiumSmelter,7.57,254.6,,,,,7.57,,,,,0,,,,,9.92,93,1025,4,360,overcast clouds,0
Pavlodar,2026-09-23T01:30:32.275115+00:00,1790127032,537550,"Естай к-сі, 54",52.281193333333,76.946898055556,4,1,0,4,2,1,4,pm25,2026-09-23T00:00:00Z,1.5,31,0,AluminiumSmelter,7.86,243.3,,,,,7.86,,,,,0,,,,,9.92,93,1025,4,360,overcast clouds,0
Pavlodar,2026-09-23T01:30:32.275115+00:00,1790127032,573904,Каз. Правда  к-сі,52.252530555556,76.974843611111,,,2,2,0,7,7,pm25,2026-09-23T00:00:00Z,1.5,43,0,AluminiumSmelter,8.46,217.3,,,,,8.46,,,,,1,,,,,9.92,93,1025,4,360,overcast clouds,0
Pavlodar,2026-09-23T01:30:32.275115+00:00,1790127032,573907,Ломов к-сі (ПМУ),52.264703055556,76.9640775,,,,0,0,0,0,pm25,2026-09-23T00:00:00Z,1.5,35,0,AluminiumSmelter,7.95,227.5,,,,,7.95,,,,,1,,,,,9.92,93,1025,4,360,overcast clouds,0
Pavlodar,2026-09-23T01:30:32.275115+00:00,1790127032,114532,Пед. колледж,52.2789,76.9384,32,7,,,,,-,pm25,2026-09-22T10:42:07Z,14.8,32,0,AluminiumSmelter,8.49,243.5,,,,,8.49,,,,,0,,,,,9.92,93,1025,4,360,overcast clouds,0
Astana,2026-09-23T01:30:32.275115+00:00,1790127032,10497,"Astana, US Embassy, Kazakhstan (Нұр-Сұлтан, АҚШ елшілігі)",51.125286,71.46722,,,2,12.8,2.1,0.1,13,so2,2026-09-23T06:00:00+06:00,1.5,36,0,,,,,,,,,,,,,,,,,,5.99,87,1026,4,40,clear sky,0
Ust-Kamenogorsk,2026-09-23T06:37:58.386660+00:00,1790145478,517390,"Серікбаев көшесі, 19",49.956986944444,82.592090555556,5,1,1,53,2,9,9,pm25,2026-09-23T05:00:00Z,1.6,41,0,UMZ,1.02,,304.9,214.9,,282.5,,3.31,3.12,,1.02,,0,0,,0,18.99,48,1019,2,240,few clouds,0
Ust-Kamenogorsk,2026-09-23T06:37:58.386660+00:00,1790145478,517402,"Лев Толстой к-сі, 18",49.944817777778,82.653340277778,8,2,,0,1,2,8,pm25,2026-09-23T05:00:00Z,1.6,43,0,CHP,1.76,,72.2,146.4,,108.5,,1.76,4.7,,3.58,,1,0,,1,18.99,48,1019,2,240,few clouds,0
Ust-Kamenogorsk,2026-09-23T06:37:58.386660+00:00,1790145478,517507,"М. Тынышпаев к-сі, 126",50.009261944444,82.564498888889,0,0,61,0,21,,-,pm25,2026-08-26T09:00:00Z,669.6,69,0,Kazzinc,4.97,,328.7,310.9,,333.8,,9.02,4.97,,6.73,,0,0,,0,18.99,48,1019,2,240,few clouds,0
Karaganda,2026-09-23T06:37:58.386660+00:00,1790145478,506290,Майқұдық,49.89696663495,73.21133762598,36,10,,,,,36,pm25,2026-09-23T06:33:27Z,0.1,54,0,,,,,,,,,,,,,,,,,,15.95,41,1023,6.05,50,clear sky,0
Karaganda,2026-09-23T06:37:58.386660+00:00,1790145478,517423,"Мұқанов көшесі,57/3",49.786533888889,73.168150833333,211,113,3,1,2,1,-,pm25,2026-07-02T11:00:00Z,1987.6,45,0,,,,,,,,,,,,,,,,,,15.95,41,1023,6.05,50,clear sky,0
Pavlodar,2026-09-23T06:37:58.386660+00:00,1790145478,520273,  Торайғыров генералы Дүйсенов көшесі,52.294865277778,76.942828333333,27,16,24,2,6,0,27,pm25,2026-09-23T05:00:00Z,1.6,29,23.7,AluminiumSmelter,7.57,254.6,,,,,7.57,,,,,1,,,,,15.92,55,1025,6,40,few clouds,0
Pavlodar,2026-09-23T06:37:58.386660+00:00,1790145478,537550,"Естай к-сі, 54",52.281193333333,76.946898055556,4,1,0,2,3,1,4,pm25,2026-09-23T05:00:00Z,1.6,31,0,AluminiumSmelter,7.86,243.3,,,,,7.86,,,,,1,,,,,15.92,55,1025,6,40,few clouds,0
Pavlodar,2026-09-23T06:37:58.386660+00:00,1790145478,573904,Каз. Правда  к-сі,52.252530555556,76.974843611111,,,4,2,0,7,7,pm25,2026-09-23T05:00:00Z,1.6,43,0,AluminiumSmelter,8.46,217.3,,,,,8.46,,,,,1,,,,,15.92,55,1025,6,40,few clouds,0
Pavlodar,2026-09-23T06:37:58.386660+00:00,1790145478,573907,Ломов к-сі (ПМУ),52.264703055556,76.9640775,,,,0,0,0,0,pm25,2026-09-23T05:00:00Z,1.6,23,32.4,AluminiumSmelter,7.95,227.5,,,,,7.95,,,,,1,,,,,15.92,55,1025,6,40,few clouds,0
Pavlodar,2026-09-23T06:37:58.386660+00:00,1790145478,114532,Пед. колледж,52.2789,76.9384,32,7,,,,,-,pm25,2026-09-22T10:42:07Z,19.9,28,15.2,AluminiumSmelter,8.49,243.5,,,,,8.49,,,,,1,,,,,15.92,55,1025,6,40,few clouds,0
Astana,2026-09-23T06:37:58.386660+00:00,1790145478,10497,"Astana, US Embassy, Kazakhstan (Нұр-Сұлтан, АҚШ елшілігі)",51.125286,71.46722,,,3.7,12.8,2.5,0.1,13,so2,2026-09-23T11:00:00+06:00,1.6,32,11.1,,,,,,,,,,,,,,,,,,15.99,51,1026,7,70,clear sky,0
Ust-Kamenogorsk,2026-09-23T12:06:01.113784+00:00,1790165161,517390,"Серікбаев көшесі, 19",49.956986944444,82.592090555556,5,1,1,53,2,13,13,pm25,2026-09-23T11:00:00Z,1.1,41,0,UMZ,1.02,,304.9,214.9,,282.5,,3.31,3.12,,1.02,,0,0,,0,19.99,42,1017,8,330,scattered clouds,0
Ust-Kamenogorsk,2026-09-23T12:06:01.113784+00:00,1790165161,517402,"Лев Толстой к-сі, 18",49.944817777778,82.653340277778,10,2,,0,3,3,10,pm25,2026-09-23T11:00:00Z,1.1,37,14.0,CHP,1.76,,72.2,146.4,,108.5,,1.76,4.7,,3.58,,0,1,,1,19.99,42,1017,8,330,scattered clouds,0
Ust-Kamenogorsk,2026-09-23T12:06:01.113784+00:00,1790165161,517507,"М. Тынышпаев к-сі, 126",50.009261944444,82.564498888889,0,0,61,0,21,,-,pm25,2026-08-26T09:00:00Z,675.1,69,0,Kazzinc,4.97,,328.7,310.9,,333.8,,9.02,4.97,,6.73,,0,0,,0,19.99,42,1017,8,330,scattered clouds,0
Karaganda,2026-09-23T12:06:01.113784+00:00,1790165161,506290,Майқұдық,49.89696663495,73.21133762598,40,13,,,,,40,pm25,2026-09-23T11:59:29Z,0.1,54,0,,,,,,,,,,,,,,,,,,16.95,39,1022,6.43,40,clear sky,0
Karaganda,2026-09-23T12:06:01.113784+00:00,1790165161,517423,"Мұқанов көшесі,57/3",49.786533888889,73.168150833333,211,113,0,1,2,1,-,pm25,2026-07-02T11:00:00Z,1993.1,37,19.6,,,,,,,,,,,,,,,,,,16.95,39,1022,6.43,40,clear sky,0
Pavlodar,2026-09-23T12:06:01.113784+00:00,1790165161,520273,  Торайғыров генералы Дүйсенов көшесі,52.294865277778,76.942828333333,19,14,24,2,0,0,19,pm25,2026-09-23T11:00:00Z,1.1,29,21.6,AluminiumSmelter,7.57,254.6,,,,,7.57,,,,,0,,,,,16.92,42,1025,3,350,overcast clouds,0
Pavlodar,2026-09-23T12:06:01.113784+00:00,1790165161,537550,"Естай к-сі, 54",52.281193333333,76.946898055556,4,1,0,2,3,2,4,pm25,2026-09-23T11:00:00Z,1.1,31,0,AluminiumSmelter,7.86,243.3,,,,,7.86,,,,,0,,,,,16.92,42,1025,3,350,overcast clouds,0
Pavlodar,2026-09-23T12:06:01.113784+00:00,1790165161,573904,Каз. Правда  к-сі,52.252530555556,76.974843611111,,,7,3,0,7,7,pm25,2026-09-23T11:00:00Z,1.1,37,14.0,AluminiumSmelter,8.46,217.3,,,,,8.46,,,,,1,,,,,16.92,42,1025,3,350,overcast clouds,0
Pavlodar,2026-09-23T12:06:01.113784+00:00,1790165161,573907,Ломов к-сі (ПМУ),52.264703055556,76.9640775,,,,0,0,0,0,pm25,2026-09-23T11:00:00Z,1.1,28,20.0,AluminiumSmelter,7.95,227.5,,,,,7.95,,,,,1,,,,,16.92,42,1025,3,350,overcast clouds,0
Pavlodar,2026-09-23T12:06:01.113784+00:00,1790165161,114532,Пед. колледж,52.2789,76.9384,32,7,,,,,-,pm25,2026-09-22T10:42:07Z,25.4,32,0,AluminiumSmelter,8.49,243.5,,,,,8.49,,,,,0,,,,,16.92,42,1025,3,350,overcast clouds,0
Astana,2026-09-23T12:06:01.113784+00:00,1790165161,10497,"Astana, US Embassy, Kazakhstan (Нұр-Сұлтан, АҚШ елшілігі)",51.125286,71.46722,,,4.3,12,2.5,0.1,12,so2,2026-09-23T17:00:00+06:00,1.1,31,13.9,,,,,,,,,,,,,,,,,,16.99,42,1025,5,70,clear sky,0
Ust-Kamenogorsk,2026-09-23T16:51:48.476684+00:00,1790182308,517390,"Серікбаев көшесі, 19",49.956986944444,82.592090555556,5,1,1,53,3,10,10,pm25,2026-09-23T16:00:00Z,0.9,41,0,UMZ,1.02,,304.9,214.9,,282.5,,3.31,3.12,,1.02,,0,0,,0,9.99,71,1020,3,300,clear sky,0
Ust-Kamenogorsk,2026-09-23T16:51:48.476684+00:00,1790182308,517402,"Лев Толстой к-сі, 18",49.944817777778,82.653340277778,4,1,,0,0,2,4,pm25,2026-09-23T16:00:00Z,0.9,43,0,CHP,1.76,,72.2,146.4,,108.5,,1.76,4.7,,3.58,,1,1,,1,9.99,71,1020,3,300,clear sky,0
Ust-Kamenogorsk,2026-09-23T16:51:48.476684+00:00,1790182308,517507,"М. Тынышпаев к-сі, 126",50.009261944444,82.564498888889,0,0,61,0,21,,-,pm25,2026-08-26T09:00:00Z,679.9,69,0,Kazzinc,4.97,,328.7,310.9,,333.8,,9.02,4.97,,6.73,,0,0,,0,9.99,71,1020,3,300,clear sky,0
Karaganda,2026-09-23T16:51:48.476684+00:00,1790182308,506290,Майқұдық,49.89696663495,73.21133762598,31,8,,,,,31,pm25,2026-09-23T16:40:20Z,0.2,54,0,,,,,,,,,,,,,,,,,,7.95,64,1024,5.25,64,clear sky,0
Karaganda,2026-09-23T16:51:48.476684+00:00,1790182308,517423,"Мұқанов көшесі,57/3",49.786533888889,73.168150833333,211,113,0,1,2,1,-,pm25,2026-07-02T11:00:00Z,1997.9,45,0,,,,,,,,,,,,,,,,,,7.95,64,1024,5.25,64,clear sky,0
Pavlodar,2026-09-23T16:51:48.476684+00:00,1790182308,520273,  Торайғыров генералы Дүйсенов көшесі,52.294865277778,76.942828333333,40,21,24,2,9,0,40,pm25,2026-09-23T16:00:00Z,0.9,38,0,AluminiumSmelter,7.57,254.6,,,,,7.57,,,,,1,,,,,14.83,44,1025,2.97,42,broken clouds,0
Pavlodar,2026-09-23T16:51:48.476684+00:00,1790182308,537550,"Естай к-сі, 54",52.281193333333,76.946898055556,4,1,0,2,4,1,4,pm25,2026-09-23T16:00:00Z,0.9,31,0,AluminiumSmelter,7.86,243.3,,,,,7.86,,,,,1,,,,,14.83,44,1025,2.97,42,broken clouds,0
Pavlodar,2026-09-23T16:51:48.476684+00:00,1790182308,573904,Каз. Правда  к-сі,52.252530555556,76.974843611111,,,8,2,7,7,7,pm25,2026-09-23T16:00:00Z,0.9,43,0,AluminiumSmelter,8.46,217.3,,,,,8.46,,,,,1,,,,,14.83,44,1025,2.97,42,broken clouds,0
Pavlodar,2026-09-23T16:51:48.476684+00:00,1790182308,573907,Ломов к-сі (ПМУ),52.264703055556,76.9640775,,,,0,1,0,0,pm25,2026-09-23T16:00:00Z,0.9,27,20.6,AluminiumSmelter,7.95,227.5,,,,,7.95,,,,,1,,,,,14.83,44,1025,2.97,42,broken clouds,0
Pavlodar,2026-09-23T16:51:48.476684+00:00,1790182308,114532,Пед. колледж,52.2789,76.9384,32,7,,,,,-,pm25,2026-09-22T10:42:07Z,30.2,32,0,AluminiumSmelter,8.49,243.5,,,,,8.49,,,,,1,,,,,14.83,44,1025,2.97,42,broken clouds,0
Astana,2026-09-23T16:51:48.476684+00:00,1790182308,10497,"Astana, US Embassy, Kazakhstan (Нұр-Сұлтан, АҚШ елшілігі)",51.125286,71.46722,,,15.2,12.7,5.7,0.1,13,so2,2026-09-23T22:00:00+06:00,0.9,33,8.3,,,,,,,,,,,,,,,,,,7.99,71,1026,5,60,few clouds,0
Ust-Kamenogorsk,2026-09-23T20:17:33.247149+00:00,1790194653,517390,"Серікбаев көшесі, 19",49.956986944444,82.592090555556,5,1,1,53,2,6,6,pm25,2026-09-23T19:00:00Z,1.3,41,0,UMZ,1.02,,304.9,214.9,,282.5,,3.31,3.12,,1.02,,0,1,,0,2.99,93,1020,1,0,clear sky,0
Ust-Kamenogorsk,2026-09-23T20:17:33.247149+00:00,1790194653,517402,"Лев Толстой к-сі, 18",49.944817777778,82.653340277778,5,1,,0,0,1,5,pm25,2026-09-23T19:00:00Z,1.3,43,0,CHP,1.76,,72.2,146.4,,108.5,,1.76,4.7,,3.58,,0,1,,0,2.99,93,1020,1,0,clear sky,0
Ust-Kamenogorsk,2026-09-23T20:17:33.247149+00:00,1790194653,517507,"М. Тынышпаев к-сі, 126",50.009261944444,82.564498888889,0,0,61,0,21,,-,pm25,2026-08-26T09:00:00Z,683.3,69,0,Kazzinc,4.97,,328.7,310.9,,333.8,,9.02,4.97,,6.73,,0,0,,0,2.99,93,1020,1,0,clear sky,0
Karaganda,2026-09-23T20:17:33.247149+00:00,1790194653,506290,Майқұдық,49.89696663495,73.21133762598,40,10,,,,,40,pm25,2026-09-23T20:11:54Z,0.1,54,0,,,,,,,,,,,,,,,,,,4.95,76,1024,4.01,64,clear sky,0
Karaganda,2026-09-23T20:17:33.247149+00:00,1790194653,517423,"Мұқанов көшесі,57/3",49.786533888889,73.168150833333,211,113,0,1,1,1,-,pm25,2026-07-02T11:00:00Z,2001.3,45,0,,,,,,,,,,,,,,,,,,4.95,76,1024,4.01,64,clear sky,0
Pavlodar,2026-09-23T20:17:33.247149+00:00,1790194653,520273,  Торайғыров генералы Дүйсенов көшесі,52.294865277778,76.942828333333,31,15,24,2,0,0,31,pm25,2026-09-23T19:00:00Z,1.3,38,0,AluminiumSmelter,7.57,254.6,,,,,7.57,,,,,0,,,,,13.02,56,1024,2.8,349,broken clouds,0
Pavlodar,2026-09-23T20:17:33.247149+00:00,1790194653,537550,"Естай к-сі, 54",52.281193333333,76.946898055556,4,1,0,2,5,1,4,pm25,2026-09-23T19:00:00Z,1.3,31,0,AluminiumSmelter,7.86,243.3,,,,,7.86,,,,,0,,,,,13.02,56,1024,2.8,349,broken clouds,0
Pavlodar,2026-09-23T20:17:33.247149+00:00,1790194653,573904,Каз. Правда  к-сі,52.252530555556,76.974843611111,,,17,2,0,7,7,pm25,2026-09-23T19:00:00Z,1.3,43,0,AluminiumSmelter,8.46,217.3,,,,,8.46,,,,,1,,,,,13.02,56,1024,2.8,349,broken clouds,0
Pavlodar,2026-09-23T20:17:33.247149+00:00,1790194653,573907,Ломов к-сі (ПМУ),52.264703055556,76.9640775,,,,0,4,0,0,pm25,2026-09-23T19:00:00Z,1.3,35,0,AluminiumSmelter,7.95,227.5,,,,,7.95,,,,,1,,,,,13.02,56,1024,2.8,349,broken clouds,0
Pavlodar,2026-09-23T20:17:33.247149+00:00,1790194653,114532,Пед. колледж,52.2789,76.9384,32,7,,,,,-,pm25,2026-09-22T10:42:07Z,33.6,32,0,AluminiumSmelter,8.49,243.5,,,,,8.49,,,,,0,,,,,13.02,56,1024,2.8,349,broken clouds,0
Astana,2026-09-23T20:17:33.247149+00:00,1790194653,10497,"Astana, US Embassy, Kazakhstan (Нұр-Сұлтан, АҚШ елшілігі)",51.125286,71.46722,,,9.2,12.8,3.6,0.1,13,so2,2026-09-24T01:00:00+06:00,1.3,35,2.8,,,,,,,,,,,,,,,,,,5.99,81,1025,3,60,clear sky,0
Ust-Kamenogorsk,2026-09-23T23:07:32.197287+00:00,1790204852,517390,"Серікбаев көшесі, 19",49.956986944444,82.592090555556,5,1,1,53,2,3,3,pm25,2026-09-23T22:00:00Z,1.1,41,0,UMZ,1.02,,304.9,214.9,,282.5,,3.31,3.12,,1.02,,0,1,,1,1.99,93,1019,1,50,clear sky,0
Ust-Kamenogorsk,2026-09-23T23:07:32.197287+00:00,1790204852,517402,"Лев Толстой к-сі, 18",49.944817777778,82.653340277778,8,2,,0,0,2,8,pm25,2026-09-23T22:00:00Z,1.1,43,0,CHP,1.76,,72.2,146.4,,108.5,,1.76,4.7,,3.58,,0,0,,0,1.99,93,1019,1,50,clear sky,0
Ust-Kamenogorsk,2026-09-23T23:07:32.197287+00:00,1790204852,517507,"М. Тынышпаев к-сі, 126",50.009261944444,82.564498888889,0,0,61,0,21,,-,pm25,2026-08-26T09:00:00Z,686.1,69,0,Kazzinc,4.97,,328.7,310.9,,333.8,,9.02,4.97,,6.73,,0,0,,0,1.99,93,1019,1,50,clear sky,0
Karaganda,2026-09-23T23:07:32.197287+00:00,1790204852,506290,Майқұдық,49.89696663495,73.21133762598,31,9,,,,,31,pm25,2026-09-23T23:01:10Z,0.1,54,0,,,,,,,,,,,,,,,,,,2.95,82,1024,3.58,65,clear sky,0
Karaganda,2026-09-23T23:07:32.197287+00:00,1790204852,517423,"Мұқанов көшесі,57/3",49.786533888889,73.168150833333,211,113,1,1,1,1,-,pm25,2026-07-02T11:00:00Z,2004.1,45,0,,,,,,,,,,,,,,,,,,2.95,82,1024,3.58,65,clear sky,0
Pavlodar,2026-09-23T23:07:32.197287+00:00,1790204852,520273,  Торайғыров генералы Дүйсенов көшесі,52.294865277778,76.942828333333,42,20,24,2,0,0,42,pm25,2026-09-23T22:00:00Z,1.1,38,0,AluminiumSmelter,7.57,254.6,,,,,7.57,,,,,0,,,,,8.92,81,1024,2,360,overcast clouds,0
Pavlodar,2026-09-23T23:07:32.197287+00:00,1790204852,537550,"Естай к-сі, 54",52.281193333333,76.946898055556,4,1,0,3,5,1,4,pm25,2026-09-23T22:00:00Z,1.1,31,0,AluminiumSmelter,7.86,243.3,,,,,7.86,,,,,0,,,,,8.92,81,1024,2,360,overcast clouds,0
Pavlodar,2026-09-23T23:07:32.197287+00:00,1790204852,573904,Каз. Правда  к-сі,52.252530555556,76.974843611111,,,15,2,6,7,7,pm25,2026-09-23T22:00:00Z,1.1,43,0,AluminiumSmelter,8.46,217.3,,,,,8.46,,,,,1,,,,,8.92,81,1024,2,360,overcast clouds,0
Pavlodar,2026-09-23T23:07:32.197287+00:00,1790204852,573907,Ломов к-сі (ПМУ),52.264703055556,76.9640775,,,,0,4,0,0,pm25,2026-09-23T22:00:00Z,1.1,35,0,AluminiumSmelter,7.95,227.5,,,,,7.95,,,,,1,,,,,8.92,81,1024,2,360,overcast clouds,0
Pavlodar,2026-09-23T23:07:32.197287+00:00,1790204852,114532,Пед. колледж,52.2789,76.9384,32,7,,,,,-,pm25,2026-09-22T10:42:07Z,36.4,32,0,AluminiumSmelter,8.49,243.5,,,,,8.49,,,,,0,,,,,8.92,81,1024,2,360,overcast clouds,0
Astana,2026-09-23T23:07:32.197287+00:00,1790204852,10497,"Astana, US Embassy, Kazakhstan (Нұр-Сұлтан, АҚШ елшілігі)",51.125286,71.46722,,,8.6,12.7,4.4,0.1,13,so2,2026-09-24T04:00:00+06:00,1.1,36,0,,,,,,,,,,,,,,,,,,6.99,76,1025,3,50,clear sky,0
Ust-Kamenogorsk,2026-09-24T01:20:00.137108+00:00,1790212800,517390,"Серікбаев көшесі, 19",49.956986944444,82.592090555556,5,1,1,53,2,4,4,pm25,2026-09-24T00:00:00Z,1.3,41,0,UMZ,1.02,,304.9,214.9,,282.5,,3.31,3.12,,1.02,,0,0,,0,2.99,93,1020,1,260,clear sky,0
Ust-Kamenogorsk,2026-09-24T01:20:00.137108+00:00,1790212800,517402,"Лев Толстой к-сі, 18",49.944817777778,82.653340277778,9,2,,0,0,2,9,pm25,2026-09-24T00:00:00Z,1.3,43,0,CHP,1.76,,72.2,146.4,,108.5,,1.76,4.7,,3.58,,1,0,,1,2.99,93,1020,1,260,clear sky,0
Ust-Kamenogorsk,2026-09-24T01:20:00.137108+00:00,1790212800,517507,"М. Тынышпаев к-сі, 126",50.009261944444,82.564498888889,0,0,61,0,21,,-,pm25,2026-08-26T09:00:00Z,688.3,69,0,Kazzinc,4.97,,328.7,310.9,,333.8,,9.02,4.97,,6.73,,0,0,,0,2.99,93,1020,1,260,clear sky,0
Karaganda,2026-09-24T01:20:00.137108+00:00,1790212800,506290,Майқұдық,49.89696663495,73.21133762598,47,11,,,,,47,pm25,2026-09-24T01:03:38Z,0.3,54,0,,,,,,,,,,,,,,,,,,0.95,87,1024,3.79,67,clear sky,0
Karaganda,2026-09-24T01:20:00.137108+00:00,1790212800,517423,"Мұқанов көшесі,57/3",49.786533888889,73.168150833333,211,113,1,1,2,1,-,pm25,2026-07-02T11:00:00Z,2006.3,45,0,,,,,,,,,,,,,,,,,,0.95,87,1024,3.79,67,clear sky,0
Pavlodar,2026-09-24T01:20:00.137108+00:00,1790212800,520273,  Торайғыров генералы Дүйсенов көшесі,52.294865277778,76.942828333333,28,16,24,2,0,0,28,pm25,2026-09-24T00:00:00Z,1.3,38,0,AluminiumSmelter,7.57,254.6,,,,,7.57,,,,,0,,,,,9.92,81,1024,1,360,overcast clouds,0
Pavlodar,2026-09-24T01:20:00.137108+00:00,1790212800,537550,"Естай к-сі, 54",52.281193333333,76.946898055556,4,1,0,3,3,1,4,pm25,2026-09-24T00:00:00Z,1.3,31,0,AluminiumSmelter,7.86,243.3,,,,,7.86,,,,,0,,,,,9.92,81,1024,1,360,overcast clouds,0
Pavlodar,2026-09-24T01:20:00.137108+00:00,1790212800,573904,Каз. Правда  к-сі,52.252530555556,76.974843611111,,,4,2,0,7,7,pm25,2026-09-24T00:00:00Z,1.3,43,0,AluminiumSmelter,8.46,217.3,,,,,8.46,,,,,1,,,,,9.92,81,1024,1,360,overcast clouds,0
Pavlodar,2026-09-24T01:20:00.137108+00:00,1790212800,573907,Ломов к-сі (ПМУ),52.264703055556,76.9640775,,,,0,1,0,0,pm25,2026-09-24T00:00:00Z,1.3,35,0,AluminiumSmelter,7.95,227.5,,,,,7.95,,,,,1,,,,,9.92,81,1024,1,360,overcast clouds,0
Pavlodar,2026-09-24T01:20:00.137108+00:00,1790212800,114532,Пед. колледж,52.2789,76.9384,32,7,,,,,-,pm25,2026-09-22T10:42:07Z,38.6,32,0,AluminiumSmelter,8.49,243.5,,,,,8.49,,,,,0,,,,,9.92,81,1024,1,360,overcast clouds,0
Astana,2026-09-24T01:20:00.137108+00:00,1790212800,10497,"Astana, US Embassy, Kazakhstan (Нұр-Сұлтан, АҚШ елшілігі)",51.125286,71.46722,,,5.9,12.8,3.9,0.1,13,so2,2026-09-24T06:00:00+06:00,1.3,35,2.8,,,,,,,,,,,,,,,,,,4.99,87,1026,0,0,clear sky,0
Ust-Kamenogorsk,2026-09-24T06:43:04.976451+00:00,1790232184,517390,"Серікбаев көшесі, 19",49.956986944444,82.592090555556,5,1,1,53,2,6,6,pm25,2026-09-24T06:00:00Z,0.7,41,0,UMZ,1.02,,304.9,214.9,,282.5,,3.31,3.12,,1.02,,0,1,,0,10.99,76,1018,1,0,clear sky,0
Ust-Kamenogorsk,2026-09-24T06:43:04.976451+00:00,1790232184,517402,"Лев Толстой к-сі, 18",49.944817777778,82.653340277778,6,1,,0,0,2,6,pm25,2026-09-24T06:00:00Z,0.7,40,7.0,CHP,1.76,,72.2,146.4,,108.5,,1.76,4.7,,3.58,,0,1,,0,10.99,76,1018,1,0,clear sky,0
Ust-Kamenogorsk,2026-09-24T06:43:04.976451+00:00,1790232184,517507,"М. Тынышпаев к-сі, 126",50.009261944444,82.564498888889,0,0,61,0,21,,-,pm25,2026-08-26T09:00:00Z,693.7,69,0,Kazzinc,4.97,,328.7,310.9,,333.8,,9.02,4.97,,6.73,,0,0,,0,10.99,76,1018,1,0,clear sky,0
Karaganda,2026-09-24T06:43:04.976451+00:00,1790232184,506290,Майқұдық,49.89696663495,73.21133762598,15,4,,,,,15,pm25,2026-09-24T06:37:29Z,0.1,47,13.0,,,,,,,,,,,,,,,,,,15.95,37,1023,6.8,55,few clouds,0
Karaganda,2026-09-24T06:43:04.976451+00:00,1790232184,517423,"Мұқанов көшесі,57/3",49.786533888889,73.168150833333,211,113,0,1,2,1,-,pm25,2026-07-02T11:00:00Z,2011.7,37,19.6,,,,,,,,,,,,,,,,,,15.95,37,1023,6.8,55,few clouds,0
Pavlodar,2026-09-24T06:43:04.976451+00:00,1790232184,520273,  Торайғыров генералы Дүйсенов көшесі,52.294865277778,76.942828333333,20,9,24,0,2,0,20,pm25,2026-09-24T06:00:00Z,0.7,29,23.7,AluminiumSmelter,7.57,254.6,,,,,7.57,,,,,0,,,,,16.92,51,1023,2,300,overcast clouds,0
Pavlodar,2026-09-24T06:43:04.976451+00:00,1790232184,537550,"Естай к-сі, 54",52.281193333333,76.946898055556,4,1,0,3,3,1,4,pm25,2026-09-24T06:00:00Z,0.7,31,0,AluminiumSmelter,7.86,243.3,,,,,7.86,,,,,0,,,,,16.92,51,1023,2,300,overcast clouds,0
Pavlodar,2026-09-24T06:43:04.976451+00:00,1790232184,573904,Каз. Правда  к-сі,52.252530555556,76.974843611111,,,12,4,0,7,7,pm25,2026-09-24T06:00:00Z,0.7,37,14.0,AluminiumSmelter,8.46,217.3,,,,,8.46,,,,,0,,,,,16.92,51,1023,2,300,overcast clouds,0
Pavlodar,2026-09-24T06:43:04.976451+00:00,1790232184,573907,Ломов к-сі (ПМУ),52.264703055556,76.9640775,,,,0,1,0,0,pm25,2026-09-24T06:00:00Z,0.7,35,0,AluminiumSmelter,7.95,227.5,,,,,7.95,,,,,0,,,,,16.92,51,1023,2,300,overcast clouds,0
Pavlodar,2026-09-24T06:43:04.976451+00:00,1790232184,114532,Пед. колледж,52.2789,76.9384,32,7,,,,,-,pm25,2026-09-22T10:42:07Z,44.0,32,0,AluminiumSmelter,8.49,243.5,,,,,8.49,,,,,0,,,,,16.92,51,1023,2,300,overcast clouds,0
Astana,2026-09-24T06:43:04.976451+00:00,1790232184,10497,"Astana, US Embassy, Kazakhstan (Нұр-Сұлтан, АҚШ елшілігі)",51.125286,71.46722,,,11,56,2.9,0.1,56,so2,2026-09-24T12:00:00+06:00,0.7,32,11.1,,,,,,,,,,,,,,,,,,16.99,45,1025,3,10,overcast clouds,0
Ust-Kamenogorsk,2026-09-24T12:11:50.652275+00:00,1790251910,517390,"Серікбаев көшесі, 19",49.956986944444,82.592090555556,5,1,1,53,3,5,5,pm25,2026-09-24T11:00:00Z,1.2,31,24.4,UMZ,1.02,,304.9,214.9,,282.5,,3.31,3.12,,1.02,,1,0,,1,11.99,71,1017,3,130,clear sky,0
Ust-Kamenogorsk,2026-09-24T12:11:50.652275+00:00,1790251910,517402,"Лев Толстой к-сі, 18",49.944817777778,82.653340277778,4,1,,0,0,2,4,pm25,2026-09-24T11:00:00Z,1.2,43,0,CHP,1.76,,72.2,146.4,,108.5,,1.76,4.7,,3.58,,0,0,,0,11.99,71,1017,3,130,clear sky,0
Ust-Kamenogorsk,2026-09-24T12:11:50.652275+00:00,1790251910,517507,"М. Тынышпаев к-сі, 126",50.009261944444,82.564498888889,0,0,61,0,21,,-,pm25,2026-08-26T09:00:00Z,699.2,69,0,Kazzinc,4.97,,328.7,310.9,,333.8,,9.02,4.97,,6.73,,1,1,,1,11.99,71,1017,3,130,clear sky,0
Karaganda,2026-09-24T12:11:50.652275+00:00,1790251910,506290,Майқұдық,49.89696663495,73.21133762598,33,7,,,,,33,pm25,2026-09-24T12:05:51Z,0.1,54,0,,,,,,,,,,,,,,,,,,15.95,40,1023,5.85,53,few clouds,0
Karaganda,2026-09-24T12:11:50.652275+00:00,1790251910,517423,"Мұқанов көшесі,57/3",49.786533888889,73.168150833333,211,113,0,2,2,1,-,pm25,2026-07-02T11:00:00Z,2017.2,45,0,,,,,,,,,,,,,,,,,,15.95,40,1023,5.85,53,few clouds,0
Pavlodar,2026-09-24T12:11:50.652275+00:00,1790251910,520273,  Торайғыров генералы Дүйсенов көшесі,52.294865277778,76.942828333333,40,24,24,2,5,0,40,pm25,2026-09-24T11:00:00Z,1.2,26,31.6,AluminiumSmelter,7.57,254.6,,,,,7.57,,,,,0,,,,,18.92,42,1021,0,0,broken clouds,0
Pavlodar,2026-09-24T12:11:50.652275+00:00,1790251910,537550,"Естай к-сі, 54",52.281193333333,76.946898055556,4,1,0,2,3,1,4,pm25,2026-09-24T11:00:00Z,1.2,31,0,AluminiumSmelter,7.86,243.3,,,,,7.86,,,,,0,,,,,18.92,42,1021,0,0,broken clouds,0
Pavlodar,2026-09-24T12:11:50.652275+00:00,1790251910,573904,Каз. Правда  к-сі,52.252530555556,76.974843611111,,,10,3,2,7,7,pm25,2026-09-24T11:00:00Z,1.2,43,0,AluminiumSmelter,8.46,217.3,,,,,8.46,,,,,1,,,,,18.92,42,1021,0,0,broken clouds,0
Pavlodar,2026-09-24T12:11:50.652275+00:00,1790251910,573907,Ломов к-сі (ПМУ),52.264703055556,76.9640775,,,,0,0,0,0,pm25,2026-09-24T11:00:00Z,1.2,24,29.4,AluminiumSmelter,7.95,227.5,,,,,7.95,,,,,1,,,,,18.92,42,1021,0,0,broken clouds,0
Pavlodar,2026-09-24T12:11:50.652275+00:00,1790251910,114532,Пед. колледж,52.2789,76.9384,32,7,,,,,-,pm25,2026-09-22T10:42:07Z,49.5,26,18.8,AluminiumSmelter,8.49,243.5,,,,,8.49,,,,,0,,,,,18.92,42,1021,0,0,broken clouds,0
Astana,2026-09-24T12:11:50.652275+00:00,1790251910,10497,"Astana, US Embassy, Kazakhstan (Нұр-Сұлтан, АҚШ елшілігі)",51.125286,71.46722,,,5.3,13.6,2.7,0.1,14,so2,2026-09-24T17:00:00+06:00,1.2,31,13.9,,,,,,,,,,,,,,,,,,18.99,39,1023,3,360,broken clouds,0
Ust-Kamenogorsk,2026-09-24T17:06:36.279319+00:00,1790269596,517390,"Серікбаев көшесі, 19",49.956986944444,82.592090555556,5,1,1,53,9,1,1,pm25,2026-09-24T16:00:00Z,1.1,41,0,UMZ,1.02,,304.9,214.9,,282.5,,3.31,3.12,,1.02,,1,1,,1,3.99,93,1019,2,90,clear sky,0
Ust-Kamenogorsk,2026-09-24T17:06:36.279319+00:00,1790269596,517402,"Лев Толстой к-сі, 18",49.944817777778,82.653340277778,5,1,,0,0,1,5,pm25,2026-09-24T16:00:00Z,1.1,43,0,CHP,1.76,,72.2,146.4,,108.5,,1.76,4.7,,3.58,,0,0,,0,3.99,93,1019,2,90,clear sky,0
Ust-Kamenogorsk,2026-09-24T17:06:36.279319+00:00,1790269596,517507,"М. Тынышпаев к-сі, 126",50.009261944444,82.564498888889,0,0,61,0,21,,-,pm25,2026-08-26T09:00:00Z,704.1,69,0,Kazzinc,4.97,,328.7,310.9,,333.8,,9.02,4.97,,6.73,,1,1,,0,3.99,93,1019,2,90,clear sky,0
Karaganda,2026-09-24T17:06:36.279319+00:00,1790269596,506290,Майқұдық,49.89696663495,73.21133762598,126,50,,,,,126,pm25,2026-09-24T17:02:13Z,0.1,54,0,,,,,,,,,,,,,,,,,,10.95,61,1024,2.79,42,few clouds,0
Karaganda,2026-09-24T17:06:36.279319+00:00,1790269596,517423,"Мұқанов көшесі,57/3",49.786533888889,73.168150833333,211,113,0,1,5,1,-,pm25,2026-07-02T11:00:00Z,2022.1,45,0,,,,,,,,,,,,,,,,,,10.95,61,1024,2.79,42,few clouds,0
Pavlodar,2026-09-24T17:06:36.279319+00:00,1790269596,520273,  Торайғыров генералы Дүйсенов көшесі,52.294865277778,76.942828333333,38,19,24,2,50,0,38,pm25,2026-09-24T16:00:00Z,1.1,38,0,AluminiumSmelter,7.57,254.6,,,,,7.57,,,,,0,,,,,15.22,53,1022,1.63,245,broken clouds,0
Pavlodar,2026-09-24T17:06:36.279319+00:00,1790269596,537550,"Естай к-сі, 54",52.281193333333,76.946898055556,4,1,0,2,6,1,4,pm25,2026-09-24T16:00:00Z,1.1,31,0,AluminiumSmelter,7.86,243.3,,,,,7.86,,,,,0,,,,,15.22,53,1022,1.63,245,broken clouds,0
Pavlodar,2026-09-24T17:06:36.279319+00:00,1790269596,573904,Каз. Правда  к-сі,52.252530555556,76.974843611111,,,20,3,0,7,7,pm25,2026-09-24T16:00:00Z,1.1,43,0,AluminiumSmelter,8.46,217.3,,,,,8.46,,,,,0,,,,,15.22,53,1022,1.63,245,broken clouds,0
Pavlodar,2026-09-24T17:06:36.279319+00:00,1790269596,573907,Ломов к-сі (ПМУ),52.264703055556,76.9640775,,,,0,14,0,0,pm25,2026-09-24T16:00:00Z,1.1,35,0,AluminiumSmelter,7.95,227.5,,,,,7.95,,,,,0,,,,,15.22,53,1022,1.63,245,broken clouds,0
Pavlodar,2026-09-24T17:06:36.279319+00:00,1790269596,114532,Пед. колледж,52.2789,76.9384,32,7,,,,,-,pm25,2026-09-22T10:42:07Z,54.4,32,0,AluminiumSmelter,8.49,243.5,,,,,8.49,,,,,0,,,,,15.22,53,1022,1.63,245,broken clouds,0
Astana,2026-09-24T17:06:36.279319+00:00,1790269596,10497,"Astana, US Embassy, Kazakhstan (Нұр-Сұлтан, АҚШ елшілігі)",51.125286,71.46722,,,20.9,15.5,6.5,0.1,16,so2,2026-09-24T22:00:00+06:00,1.1,33,8.3,,,,,,,,,,,,,,,,,,14.99,55,1023,2,340,overcast clouds,0
Ust-Kamenogorsk,2026-09-24T20:27:04.800391+00:00,1790281624,517390,"Серікбаев көшесі, 19",49.956986944444,82.592090555556,5,1,1,53,3,3,3,pm25,2026-09-24T20:00:00Z,0.5,41,0,UMZ,1.02,,304.9,214.9,,282.5,,3.31,3.12,,1.02,,0,1,,0,1.99,93,1018,0,0,clear sky,0
Ust-Kamenogorsk,2026-09-24T20:27:04.800391+00:00,1790281624,517402,"Лев Толстой к-сі, 18",49.944817777778,82.653340277778,5,2,,0,0,1,5,pm25,2026-09-24T20:00:00Z,0.5,43,0,CHP,1.76,,72.2,146.4,,108.5,,1.76,4.7,,3.58,,0,1,,0,1.99,93,1018,0,0,clear sky,0
Ust-Kamenogorsk,2026-09-24T20:27:04.800391+00:00,1790281624,517507,"М. Тынышпаев к-сі, 126",50.009261944444,82.564498888889,0,0,61,0,21,,-,pm25,2026-08-26T09:00:00Z,707.5,69,0,Kazzinc,4.97,,328.7,310.9,,333.8,,9.02,4.97,,6.73,,0,0,,0,1.99,93,1018,0,0,clear sky,0
Karaganda,2026-09-24T20:27:04.800391+00:00,1790281624,506290,Майқұдық,49.89696663495,73.21133762598,150,58,,,,,150,pm25,2026-09-24T20:11:05Z,0.3,54,0,,,,,,,,,,,,,,,,,,7.95,71,1022,1.52,31,few clouds,0
Karaganda,2026-09-24T20:27:04.800391+00:00,1790281624,517423,"Мұқанов көшесі,57/3",49.786533888889,73.168150833333,211,113,0,1,7,1,-,pm25,2026-07-02T11:00:00Z,2025.5,45,0,,,,,,,,,,,,,,,,,,7.95,71,1022,1.52,31,few clouds,0
Pavlodar,2026-09-24T20:27:04.800391+00:00,1790281624,520273,  Торайғыров генералы Дүйсенов көшесі,52.294865277778,76.942828333333,33,17,24,2,0,0,33,pm25,2026-09-24T20:00:00Z,0.5,38,0,AluminiumSmelter,7.57,254.6,,,,,7.57,,,,,0,,,,,15.8,50,1021,1.17,326,overcast clouds,0
Pavlodar,2026-09-24T20:27:04.800391+00:00,1790281624,537550,"Естай к-сі, 54",52.281193333333,76.946898055556,4,1,0,3,7,1,4,pm25,2026-09-24T20:00:00Z,0.5,31,0,AluminiumSmelter,7.86,243.3,,,,,7.86,,,,,0,,,,,15.8,50,1021,1.17,326,overcast clouds,0
Pavlodar,2026-09-24T20:27:04.800391+00:00,1790281624,573904,Каз. Правда  к-сі,52.252530555556,76.974843611111,,,17,3,0,7,7,pm25,2026-09-24T20:00:00Z,0.5,43,0,AluminiumSmelter,8.46,217.3,,,,,8.46,,,,,0,,,,,15.8,50,1021,1.17,326,overcast clouds,0
Pavlodar,2026-09-24T20:27:04.800391+00:00,1790281624,573907,Ломов к-сі (ПМУ),52.264703055556,76.9640775,,,,0,11,0,0,pm25,2026-09-24T20:00:00Z,0.5,35,0,AluminiumSmelter,7.95,227.5,,,,,7.95,,,,,0,,,,,15.8,50,1021,1.17,326,overcast clouds,0
Pavlodar,2026-09-24T20:27:04.800391+00:00,1790281624,114532,Пед. колледж,52.2789,76.9384,32,7,,,,,-,pm25,2026-09-22T10:42:07Z,57.7,31,3.1,AluminiumSmelter,8.49,243.5,,,,,8.49,,,,,0,,,,,15.8,50,1021,1.17,326,overcast clouds,0
Astana,2026-09-24T20:27:04.800391+00:00,1790281624,10497,"Astana, US Embassy, Kazakhstan (Нұр-Сұлтан, АҚШ елшілігі)",51.125286,71.46722,,,2.2,12.9,2.1,0.1,13,so2,2026-09-25T02:00:00+06:00,0.5,34,5.6,,,,,,,,,,,,,,,,,,13.99,77,1023,5,40,overcast clouds,0
Ust-Kamenogorsk,2026-09-24T23:25:11.621403+00:00,1790292311,517390,"Серікбаев көшесі, 19",49.956986944444,82.592090555556,5,1,1,53,2,4,4,pm25,2026-09-24T22:00:00Z,1.4,41,0,UMZ,1.02,,304.9,214.9,,282.5,,3.31,3.12,,1.02,,0,0,,0,-0.01,100,1019,1,270,clear sky,0
Ust-Kamenogorsk,2026-09-24T23:25:11.621403+00:00,1790292311,517402,"Лев Толстой к-сі, 18",49.944817777778,82.653340277778,7,1,,0,0,1,7,pm25,2026-09-24T22:00:00Z,1.4,43,0,CHP,1.76,,72.2,146.4,,108.5,,1.76,4.7,,3.58,,1,1,,1,-0.01,100,1019,1,270,clear sky,0
Ust-Kamenogorsk,2026-09-24T23:25:11.621403+00:00,1790292311,517507,"М. Тынышпаев к-сі, 126",50.009261944444,82.564498888889,0,0,61,0,21,,-,pm25,2026-08-26T09:00:00Z,710.4,69,0,Kazzinc,4.97,,328.7,310.9,,333.8,,9.02,4.97,,6.73,,0,0,,0,-0.01,100,1019,1,270,clear sky,0
Karaganda,2026-09-24T23:25:11.621403+00:00,1790292311,506290,Майқұдық,49.89696663495,73.21133762598,126,52,,,,,126,pm25,2026-09-24T23:19:04Z,0.1,54,0,,,,,,,,,,,,,,,,,,1.95,68,1023,1.8,352,broken clouds,0
Karaganda,2026-09-24T23:25:11.621403+00:00,1790292311,517423,"Мұқанов көшесі,57/3",49.786533888889,73.168150833333,211,113,10,0,9,1,-,pm25,2026-07-02T11:00:00Z,2028.4,45,0,,,,,,,,,,,,,,,,,,1.95,68,1023,1.8,352,broken clouds,0
Pavlodar,2026-09-24T23:25:11.621403+00:00,1790292311,520273,  Торайғыров генералы Дүйсенов көшесі,52.294865277778,76.942828333333,34,16,24,2,0,0,34,pm25,2026-09-24T22:00:00Z,1.4,38,0,AluminiumSmelter,7.57,254.6,,,,,7.57,,,,,0,,,,,9.92,93,1022,2,150,overcast clouds,0
Pavlodar,2026-09-24T23:25:11.621403+00:00,1790292311,537550,"Естай к-сі, 54",52.281193333333,76.946898055556,4,1,0,3,7,1,4,pm25,2026-09-24T22:00:00Z,1.4,31,0,AluminiumSmelter,7.86,243.3,,,,,7.86,,,,,0,,,,,9.92,93,1022,2,150,overcast clouds,0
Pavlodar,2026-09-24T23:25:11.621403+00:00,1790292311,573904,Каз. Правда  к-сі,52.252530555556,76.974843611111,,,12,2,0,7,7,pm25,2026-09-24T22:00:00Z,1.4,43,0,AluminiumSmelter,8.46,217.3,,,,,8.46,,,,,0,,,,,9.92,93,1022,2,150,overcast clouds,0
Pavlodar,2026-09-24T23:25:11.621403+00:00,1790292311,573907,Ломов к-сі (ПМУ),52.264703055556,76.9640775,,,,0,7,0,0,pm25,2026-09-24T22:00:00Z,1.4,35,0,AluminiumSmelter,7.95,227.5,,,,,7.95,,,,,0,,,,,9.92,93,1022,2,150,overcast clouds,0
Pavlodar,2026-09-24T23:25:11.621403+00:00,1790292311,114532,Пед. колледж,52.2789,76.9384,32,7,,,,,-,pm25,2026-09-22T10:42:07Z,60.7,32,0,AluminiumSmelter,8.49,243.5,,,,,8.49,,,,,0,,,,,9.92,93,1022,2,150,overcast clouds,0
Astana,2026-09-24T23:25:11.621403+00:00,1790292311,10497,"Astana, US Embassy, Kazakhstan (Нұр-Сұлтан, АҚШ елшілігі)",51.125286,71.46722,,,1.4,12.6,2,0.1,13,so2,2026-09-25T04:00:00+06:00,1.4,35,2.8,,,,,,,,,,,,,,,,,,11.99,94,1023,4,30,light rain,0
Ust-Kamenogorsk,2026-09-25T01:52:45.729014+00:00,1790301165,517390,"Серікбаев көшесі, 19",49.956986944444,82.592090555556,5,1,1,53,4,1,1,pm25,2026-09-25T01:00:00Z,0.9,41,0,UMZ,1.02,,304.9,214.9,,282.5,,3.31,3.12,,1.02,,0,1,,0,0.99,100,1021,0,0,clear sky,0
Ust-Kamenogorsk,2026-09-25T01:52:45.729014+00:00,1790301165,517402,"Лев Толстой к-сі, 18",49.944817777778,82.653340277778,5,1,,0,1,1,5,pm25,2026-09-25T01:00:00Z,0.9,43,0,CHP,1.76,,72.2,146.4,,108.5,,1.76,4.7,,3.58,,0,1,,0,0.99,100,1021,0,0,clear sky,0
Ust-Kamenogorsk,2026-09-25T01:52:45.729014+00:00,1790301165,517507,"М. Тынышпаев к-сі, 126",50.009261944444,82.564498888889,0,0,61,0,21,,-,pm25,2026-08-26T09:00:00Z,712.9,69,0,Kazzinc,4.97,,328.7,310.9,,333.8,,9.02,4.97,,6.73,,0,0,,0,0.99,100,1021,0,0,clear sky,0
Karaganda,2026-09-25T01:52:45.729014+00:00,1790301165,506290,Майқұдық,49.89696663495,73.21133762598,195,99,,,,,195,pm25,2026-09-25T01:47:36Z,0.1,54,0,,,,,,,,,,,,,,,,,,2.95,56,1024,1.35,33,overcast clouds,0
Karaganda,2026-09-25T01:52:45.729014+00:00,1790301165,517423,"Мұқанов көшесі,57/3",49.786533888889,73.168150833333,211,113,0,0,10,1,-,pm25,2026-07-02T11:00:00Z,2030.9,45,0,,,,,,,,,,,,,,,,,,2.95,56,1024,1.35,33,overcast clouds,0
Pavlodar,2026-09-25T01:52:45.729014+00:00,1790301165,520273,  Торайғыров генералы Дүйсенов көшесі,52.294865277778,76.942828333333,67,35,24,2,0,0,67,pm25,2026-09-25T01:00:00Z,0.9,32,15.8,AluminiumSmelter,7.57,254.6,,,,,7.57,,,,,0,,,,,9.92,87,1024,0,0,overcast clouds,0
Pavlodar,2026-09-25T01:52:45.729014+00:00,1790301165,537550,"Естай к-сі, 54",52.281193333333,76.946898055556,4,1,0,3,7,1,4,pm25,2026-09-25T01:00:00Z,0.9,31,0,AluminiumSmelter,7.86,243.3,,,,,7.86,,,,,0,,,,,9.92,87,1024,0,0,overcast clouds,0
Pavlodar,2026-09-25T01:52:45.729014+00:00,1790301165,573904,Каз. Правда  к-сі,52.252530555556,76.974843611111,,,8,2,0,7,7,pm25,2026-09-25T01:00:00Z,0.9,34,20.9,AluminiumSmelter,8.46,217.3,,,,,8.46,,,,,1,,,,,9.92,87,1024,0,0,overcast clouds,0
Pavlodar,2026-09-25T01:52:45.729014+00:00,1790301165,573907,Ломов к-сі (ПМУ),52.264703055556,76.9640775,,,,0,2,0,0,pm25,2026-09-25T01:00:00Z,0.9,35,0,AluminiumSmelter,7.95,227.5,,,,,7.95,,,,,1,,,,,9.92,87,1024,0,0,overcast clouds,0
Pavlodar,2026-09-25T01:52:45.729014+00:00,1790301165,114532,Пед. колледж,52.2789,76.9384,32,7,,,,,-,pm25,2026-09-22T10:42:07Z,63.2,32,0,AluminiumSmelter,8.49,243.5,,,,,8.49,,,,,0,,,,,9.92,87,1024,0,0,overcast clouds,0
Astana,2026-09-25T01:52:45.729014+00:00,1790301165,10497,"Astana, US Embassy, Kazakhstan (Нұр-Сұлтан, АҚШ елшілігі)",51.125286,71.46722,,,2.4,12,1.8,0.1,12,so2,2026-09-25T07:00:00+06:00,0.9,35,2.8,,,,,,,,,,,,,,,,,,11.99,94,1025,3,20,light rain,0
Ust-Kamenogorsk,2026-09-25T07:42:55.762843+00:00,1790322175,517390,"Серікбаев көшесі, 19",49.956986944444,82.592090555556,5,1,1,53,3,10,10,pm25,2026-09-25T07:00:00Z,0.7,41,0,UMZ,1.02,,304.9,214.9,,282.5,,3.31,3.12,,1.02,,0,0,,0,16.99,55,1018,3,260,clear sky,0
Ust-Kamenogorsk,2026-09-25T07:42:55.762843+00:00,1790322175,517402,"Лев Толстой к-сі, 18",49.944817777778,82.653340277778,4,1,,0,1,2,4,pm25,2026-09-25T07:00:00Z,0.7,43,0,CHP,1.76,,72.2,146.4,,108.5,,1.76,4.7,,3.58,,1,0,,1,16.99,55,1018,3,260,clear sky,0
Ust-Kamenogorsk,2026-09-25T07:42:55.762843+00:00,1790322175,517507,"М. Тынышпаев к-сі, 126",50.009261944444,82.564498888889,0,0,61,0,21,,-,pm25,2026-08-26T09:00:00Z,718.7,69,0,Kazzinc,4.97,,328.7,310.9,,333.8,,9.02,4.97,,6.73,,0,0,,0,16.99,55,1018,3,260,clear sky,0
Karaganda,2026-09-25T07:42:55.762843+00:00,1790322175,506290,Майқұдық,49.89696663495,73.21133762598,60,16,,,,,60,pm25,2026-09-25T07:36:56Z,0.1,54,0,,,,,,,,,,,,,,,,,,18.95,42,1022,3.1,30,overcast clouds,0
Karaganda,2026-09-25T07:42:55.762843+00:00,1790322175,517423,"Мұқанов көшесі,57/3",49.786533888889,73.168150833333,211,113,0,2,2,1,-,pm25,2026-07-02T11:00:00Z,2036.7,45,0,,,,,,,,,,,,,,,,,,18.95,42,1022,3.1,30,overcast clouds,0
Pavlodar,2026-09-25T07:42:55.762843+00:00,1790322175,520273,  Торайғыров генералы Дүйсенов көшесі,52.294865277778,76.942828333333,30,17,24,2,0,0,30,pm25,2026-09-25T07:00:00Z,0.7,30,21.1,AluminiumSmelter,7.57,254.6,,,,,7.57,,,,,1,,,,,16.92,63,1026,3,60,light rain,0
Pavlodar,2026-09-25T07:42:55.762843+00:00,1790322175,537550,"Естай к-сі, 54",52.281193333333,76.946898055556,4,1,0,3,4,1,4,pm25,2026-09-25T07:00:00Z,0.7,25,19.4,AluminiumSmelter,7.86,243.3,,,,,7.86,,,,,1,,,,,16.92,63,1026,3,60,light rain,0
Pavlodar,2026-09-25T07:42:55.762843+00:00,1790322175,573904,Каз. Правда  к-сі,52.252530555556,76.974843611111,,,9,3,0,7,7,pm25,2026-09-25T07:00:00Z,0.7,43,0,AluminiumSmelter,8.46,217.3,,,,,8.46,,,,,1,,,,,16.92,63,1026,3,60,light rain,0
Pavlodar,2026-09-25T07:42:55.762843+00:00,1790322175,573907,Ломов к-сі (ПМУ),52.264703055556,76.9640775,,,,0,1,0,0,pm25,2026-09-25T07:00:00Z,0.7,24,31.4,AluminiumSmelter,7.95,227.5,,,,,7.95,,,,,1,,,,,16.92,63,1026,3,60,light rain,0
Pavlodar,2026-09-25T07:42:55.762843+00:00,1790322175,114532,Пед. колледж,52.2789,76.9384,32,7,,,,,-,pm25,2026-09-22T10:42:07Z,69.0,32,0,AluminiumSmelter,8.49,243.5,,,,,8.49,,,,,1,,,,,16.92,63,1026,3,60,light rain,0
Astana,2026-09-25T07:42:55.762843+00:00,1790322175,10497,"Astana, US Embassy, Kazakhstan (Нұр-Сұлтан, АҚШ елшілігі)",51.125286,71.46722,,,4.3,12.8,2.9,0.1,13,so2,2026-09-25T13:00:00+06:00,0.7,29,19.4,,,,,,,,,,,,,,,,,,13.99,82,1026,5,40,light rain,0
Ust-Kamenogorsk,2026-09-25T12:58:28.543427+00:00,1790341108,517390,"Серікбаев көшесі, 19",49.956986944444,82.592090555556,5,1,1,53,3,10,10,pm25,2026-09-25T12:00:00Z,1.0,31,24.4,UMZ,1.02,,304.9,214.9,,282.5,,3.31,3.12,,1.02,,0,0,,0,15.99,39,1018,3,310,clear sky,0
Ust-Kamenogorsk,2026-09-25T12:58:28.543427+00:00,1790341108,517402,"Лев Толстой к-сі, 18",49.944817777778,82.653340277778,5,1,,0,1,2,5,pm25,2026-09-25T12:00:00Z,1.0,37,14.0,CHP,1.76,,72.2,146.4,,108.5,,1.76,4.7,,3.58,,1,1,,1,15.99,39,1018,3,310,clear sky,0
Ust-Kamenogorsk,2026-09-25T12:58:28.543427+00:00,1790341108,517507,"М. Тынышпаев к-сі, 126",50.009261944444,82.564498888889,0,0,61,0,21,,-,pm25,2026-08-26T09:00:00Z,724.0,69,0,Kazzinc,4.97,,328.7,310.9,,333.8,,9.02,4.97,,6.73,,0,0,,0,15.99,39,1018,3,310,clear sky,0
Karaganda,2026-09-25T12:58:28.543427+00:00,1790341108,506290,Майқұдық,49.89696663495,73.21133762598,60,16,,,,,60,pm25,2026-09-25T12:52:41Z,0.1,39,27.8,,,,,,,,,,,,,,,,,,13.95,56,1023,4.41,77,overcast clouds,0
Karaganda,2026-09-25T12:58:28.543427+00:00,1790341108,517423,"Мұқанов көшесі,57/3",49.786533888889,73.168150833333,211,113,0,2,2,1,-,pm25,2026-07-02T11:00:00Z,2042.0,33,26.7,,,,,,,,,,,,,,,,,,13.95,56,1023,4.41,77,overcast clouds,0
Pavlodar,2026-09-25T12:58:28.543427+00:00,1790341108,520273,  Торайғыров генералы Дүйсенов көшесі,52.294865277778,76.942828333333,33,21,24,2,0,0,33,pm25,2026-09-25T12:00:00Z,1.0,21,46.2,AluminiumSmelter,7.57,254.6,,,,,7.57,,,,,1,,,,,13.92,72,1027,8,40,overcast clouds,0
Pavlodar,2026-09-25T12:58:28.543427+00:00,1790341108,537550,"Естай к-сі, 54",52.281193333333,76.946898055556,4,1,0,2,3,1,4,pm25,2026-09-25T12:00:00Z,1.0,25,19.4,AluminiumSmelter,7.86,243.3,,,,,7.86,,,,,1,,,,,13.92,72,1027,8,40,overcast clouds,0
Pavlodar,2026-09-25T12:58:28.543427+00:00,1790341108,573904,Каз. Правда  к-сі,52.252530555556,76.974843611111,,,4,3,0,7,7,pm25,2026-09-25T12:00:00Z,1.0,34,20.9,AluminiumSmelter,8.46,217.3,,,,,8.46,,,,,1,,,,,13.92,72,1027,8,40,overcast clouds,0
Pavlodar,2026-09-25T12:58:28.543427+00:00,1790341108,573907,Ломов к-сі (ПМУ),52.264703055556,76.9640775,,,,0,0,0,0,pm25,2026-09-25T12:00:00Z,1.0,20,41.2,AluminiumSmelter,7.95,227.5,,,,,7.95,,,,,1,,,,,13.92,72,1027,8,40,overcast clouds,0
Pavlodar,2026-09-25T12:58:28.543427+00:00,1790341108,114532,Пед. колледж,52.2789,76.9384,32,7,,,,,-,pm25,2026-09-22T10:42:07Z,74.3,24,25.0,AluminiumSmelter,8.49,243.5,,,,,8.49,,,,,1,,,,,13.92,72,1027,8,40,overcast clouds,0
Astana,2026-09-25T12:58:28.543427+00:00,1790341108,10497,"Astana, US Embassy, Kazakhstan (Нұр-Сұлтан, АҚШ елшілігі)",51.125286,71.46722,,,6.7,13.1,3.1,0.1,13,so2,2026-09-25T18:00:00+06:00,1.0,26,29.7,,,,,,,,,,,,,,,,,,12.99,88,1027,6,40,overcast clouds,0
Ust-Kamenogorsk,2026-09-25T17:55:53.951039+00:00,1790358953,517390,"Серікбаев көшесі, 19",49.956986944444,82.592090555556,5,1,1,53,10,1,1,pm25,2026-09-25T17:00:00Z,0.9,41,0,UMZ,1.02,,304.9,214.9,,282.5,,3.31,3.12,,1.02,,1,0,,1,6.99,81,1020,2,160,clear sky,0
Ust-Kamenogorsk,2026-09-25T17:55:53.951039+00:00,1790358953,517402,"Лев Толстой к-сі, 18",49.944817777778,82.653340277778,7,2,,0,1,1,7,pm25,2026-09-25T17:00:00Z,0.9,43,0,CHP,1.76,,72.2,146.4,,108.5,,1.76,4.7,,3.58,,0,0,,0,6.99,81,1020,2,160,clear sky,0
Ust-Kamenogorsk,2026-09-25T17:55:53.951039+00:00,1790358953,517507,"М. Тынышпаев к-сі, 126",50.009261944444,82.564498888889,0,0,61,0,21,,-,pm25,2026-08-26T09:00:00Z,728.9,69,0,Kazzinc,4.97,,328.7,310.9,,333.8,,9.02,4.97,,6.73,,1,1,,1,6.99,81,1020,2,160,clear sky,0
Karaganda,2026-09-25T17:55:53.951039+00:00,1790358953,506290,Майқұдық,49.89696663495,73.21133762598,68,26,,,,,68,pm25,2026-09-25T17:41:37Z,0.2,54,0,,,,,,,,,,,,,,,,,,11.95,76,1025,6.72,65,broken clouds,0
Karaganda,2026-09-25T17:55:53.951039+00:00,1790358953,517423,"Мұқанов көшесі,57/3",49.786533888889,73.168150833333,211,113,0,2,2,1,-,pm25,2026-07-02T11:00:00Z,2046.9,39,11.4,,,,,,,,,,,,,,,,,,11.95,76,1025,6.72,65,broken clouds,0
Pavlodar,2026-09-25T17:55:53.951039+00:00,1790358953,520273,  Торайғыров генералы Дүйсенов көшесі,52.294865277778,76.942828333333,15,9,24,2,0,0,15,pm25,2026-09-25T17:00:00Z,0.9,38,0,AluminiumSmelter,7.57,254.6,,,,,7.57,,,,,1,,,,,8.88,83,1029,3.91,36,broken clouds,0
Pavlodar,2026-09-25T17:55:53.951039+00:00,1790358953,537550,"Естай к-сі, 54",52.281193333333,76.946898055556,4,1,0,3,3,1,4,pm25,2026-09-25T17:00:00Z,0.9,31,0,AluminiumSmelter,7.86,243.3,,,,,7.86,,,,,1,,,,,8.88,83,1029,3.91,36,broken clouds,0
Pavlodar,2026-09-25T17:55:53.951039+00:00,1790358953,573904,Каз. Правда  к-сі,52.252530555556,76.974843611111,,,1,2,0,7,7,pm25,2026-09-25T17:00:00Z,0.9,43,0,AluminiumSmelter,8.46,217.3,,,,,8.46,,,,,1,,,,,8.88,83,1029,3.91,36,broken clouds,0
Pavlodar,2026-09-25T17:55:53.951039+00:00,1790358953,573907,Ломов к-сі (ПМУ),52.264703055556,76.9640775,,,,0,0,0,0,pm25,2026-09-25T17:00:00Z,0.9,35,0,AluminiumSmelter,7.95,227.5,,,,,7.95,,,,,1,,,,,8.88,83,1029,3.91,36,broken clouds,0
Pavlodar,2026-09-25T17:55:53.951039+00:00,1790358953,114532,Пед. колледж,52.2789,76.9384,32,7,,,,,-,pm25,2026-09-22T10:42:07Z,79.2,32,0,AluminiumSmelter,8.49,243.5,,,,,8.49,,,,,1,,,,,8.88,83,1029,3.91,36,broken clouds,0
Astana,2026-09-25T17:55:53.951039+00:00,1790358953,10497,"Astana, US Embassy, Kazakhstan (Нұр-Сұлтан, АҚШ елшілігі)",51.125286,71.46722,,,3.5,12.3,2.6,0.1,12,so2,2026-09-25T23:00:00+06:00,0.9,35,2.8,,,,,,,,,,,,,,,,,,11.99,82,1028,8,60,moderate rain,0
Ust-Kamenogorsk,2026-09-25T21:31:15.274372+00:00,1790371875,517390,"Серікбаев көшесі, 19",49.956986944444,82.592090555556,5,1,1,53,9,1,1,pm25,2026-09-25T20:00:00Z,1.5,41,0,UMZ,1.02,,304.9,214.9,,282.5,,3.31,3.12,,1.02,,0,1,,1,1.99,87,1021,2,60,clear sky,0
Ust-Kamenogorsk,2026-09-25T21:31:15.274372+00:00,1790371875,517402,"Лев Толстой к-сі, 18",49.944817777778,82.653340277778,6,1,,0,0,1,6,pm25,2026-09-25T20:00:00Z,1.5,43,0,CHP,1.76,,72.2,146.4,,108.5,,1.76,4.7,,3.58,,0,0,,0,1.99,87,1021,2,60,clear sky,0
Ust-Kamenogorsk,2026-09-25T21:31:15.274372+00:00,1790371875,517507,"М. Тынышпаев к-сі, 126",50.009261944444,82.564498888889,0,0,61,0,21,,-,pm25,2026-08-26T09:00:00Z,732.5,69,0,Kazzinc,4.97,,328.7,310.9,,333.8,,9.02,4.97,,6.73,,0,0,,0,1.99,87,1021,2,60,clear sky,0
Karaganda,2026-09-25T21:31:15.274372+00:00,1790371875,506290,Майқұдық,49.89696663495,73.21133762598,68,22,,,,,68,pm25,2026-09-25T21:28:36Z,0.0,54,0,,,,,,,,,,,,,,,,,,10.95,83,1025,6.16,66,broken clouds,0
Karaganda,2026-09-25T21:31:15.274372+00:00,1790371875,517423,"Мұқанов көшесі,57/3",49.786533888889,73.168150833333,211,113,0,1,2,1,-,pm25,2026-07-02T11:00:00Z,2050.5,45,0,,,,,,,,,,,,,,,,,,10.95,83,1025,6.16,66,broken clouds,0
Pavlodar,2026-09-25T21:31:15.274372+00:00,1790371875,520273,  Торайғыров генералы Дүйсенов көшесі,52.294865277778,76.942828333333,10,5,24,2,0,0,10,pm25,2026-09-25T20:00:00Z,1.5,38,0,AluminiumSmelter,7.57,254.6,,,,,7.57,,,,,1,,,,,9.69,66,1028,5.25,21,scattered clouds,0
Pavlodar,2026-09-25T21:31:15.274372+00:00,1790371875,537550,"Естай к-сі, 54",52.281193333333,76.946898055556,4,1,0,3,3,1,4,pm25,2026-09-25T20:00:00Z,1.5,31,0,AluminiumSmelter,7.86,243.3,,,,,7.86,,,,,1,,,,,9.69,66,1028,5.25,21,scattered clouds,0
Pavlodar,2026-09-25T21:31:15.274372+00:00,1790371875,573904,Каз. Правда  к-сі,52.252530555556,76.974843611111,,,1,2,0,7,7,pm25,2026-09-25T20:00:00Z,1.5,43,0,AluminiumSmelter,8.46,217.3,,,,,8.46,,,,,1,,,,,9.69,66,1028,5.25,21,scattered clouds,0
Pavlodar,2026-09-25T21:31:15.274372+00:00,1790371875,573907,Ломов к-сі (ПМУ),52.264703055556,76.9640775,,,,0,0,0,0,pm25,2026-09-25T20:00:00Z,1.5,35,0,AluminiumSmelter,7.95,227.5,,,,,7.95,,,,,1,,,,,9.69,66,1028,5.25,21,scattered clouds,0
Pavlodar,2026-09-25T21:31:15.274372+00:00,1790371875,114532,Пед. колледж,52.2789,76.9384,32,7,,,,,-,pm25,2026-09-22T10:42:07Z,82.8,32,0,AluminiumSmelter,8.49,243.5,,,,,8.49,,,,,1,,,,,9.69,66,1028,5.25,21,scattered clouds,0
Astana,2026-09-25T21:31:15.274372+00:00,1790371875,10497,"Astana, US Embassy, Kazakhstan (Нұр-Сұлтан, АҚШ елшілігі)",51.125286,71.46722,,,2.6,12.9,2.4,0.1,13,so2,2026-09-26T02:00:00+06:00,1.5,35,2.8,,,,,,,,,,,,,,,,,,9.99,81,1028,7,50,light rain,0
Ust-Kamenogorsk,2026-09-26T00:08:47.229328+00:00,1790381327,517390,"Серікбаев көшесі, 19",49.956986944444,82.592090555556,5,1,1,53,7,1,1,pm25,2026-09-25T23:00:00Z,1.1,41,0,UMZ,1.02,,304.9,214.9,,282.5,,3.31,3.12,,1.02,,0,1,,0,0.99,93,1021,1,0,clear sky,0
Ust-Kamenogorsk,2026-09-26T00:08:47.229328+00:00,1790381327,517402,"Лев Толстой к-сі, 18",49.944817777778,82.653340277778,5,1,,0,0,1,5,pm25,2026-09-25T23:00:00Z,1.1,43,0,CHP,1.76,,72.2,146.4,,108.5,,1.76,4.7,,3.58,,0,1,,0,0.99,93,1021,1,0,clear sky,0
Ust-Kamenogorsk,2026-09-26T00:08:47.229328+00:00,1790381327,517507,"М. Тынышпаев к-сі, 126",50.009261944444,82.564498888889,0,0,61,0,21,,-,pm25,2026-08-26T09:00:00Z,735.1,69,0,Kazzinc,4.97,,328.7,310.9,,333.8,,9.02,4.97,,6.73,,0,0,,0,0.99,93,1021,1,0,clear sky,0
Karaganda,2026-09-26T00:08:47.229328+00:00,1790381327,506290,Майқұдық,49.89696663495,73.21133762598,65,19,,,,,65,pm25,2026-09-26T00:04:13Z,0.1,54,0,,,,,,,,,,,,,,,,,,10.95,86,1026,6.39,62,overcast clouds,0
Karaganda,2026-09-26T00:08:47.229328+00:00,1790381327,517423,"Мұқанов көшесі,57/3",49.786533888889,73.168150833333,211,113,1,1,2,1,-,pm25,2026-07-02T11:00:00Z,2053.1,45,0,,,,,,,,,,,,,,,,,,10.95,86,1026,6.39,62,overcast clouds,0
Pavlodar,2026-09-26T00:08:47.229328+00:00,1790381327,520273,  Торайғыров генералы Дүйсенов көшесі,52.294865277778,76.942828333333,16,10,24,2,0,0,16,pm25,2026-09-25T23:00:00Z,1.1,38,0,AluminiumSmelter,7.57,254.6,,,,,7.57,,,,,0,,,,,6.92,87,1029,4,350,broken clouds,0
Pavlodar,2026-09-26T00:08:47.229328+00:00,1790381327,537550,"Естай к-сі, 54",52.281193333333,76.946898055556,4,1,0,4,2,1,4,pm25,2026-09-25T23:00:00Z,1.1,31,0,AluminiumSmelter,7.86,243.3,,,,,7.86,,,,,0,,,,,6.92,87,1029,4,350,broken clouds,0
Pavlodar,2026-09-26T00:08:47.229328+00:00,1790381327,573904,Каз. Правда  к-сі,52.252530555556,76.974843611111,,,0,2,0,7,7,pm25,2026-09-25T23:00:00Z,1.1,43,0,AluminiumSmelter,8.46,217.3,,,,,8.46,,,,,1,,,,,6.92,87,1029,4,350,broken clouds,0
Pavlodar,2026-09-26T00:08:47.229328+00:00,1790381327,573907,Ломов к-сі (ПМУ),52.264703055556,76.9640775,,,,0,0,0,0,pm25,2026-09-25T23:00:00Z,1.1,35,0,AluminiumSmelter,7.95,227.5,,,,,7.95,,,,,1,,,,,6.92,87,1029,4,350,broken clouds,0
Pavlodar,2026-09-26T00:08:47.229328+00:00,1790381327,114532,Пед. колледж,52.2789,76.9384,32,7,,,,,-,pm25,2026-09-22T10:42:07Z,85.4,32,0,AluminiumSmelter,8.49,243.5,,,,,8.49,,,,,0,,,,,6.92,87,1029,4,350,broken clouds,0
Astana,2026-09-26T00:08:47.229328+00:00,1790381327,10497,"Astana, US Embassy, Kazakhstan (Нұр-Сұлтан, АҚШ елшілігі)",51.125286,71.46722,,,1.2,13,2,0.1,13,so2,2026-09-26T05:00:00+06:00,1.1,36,0,,,,,,,,,,,,,,,,,,7.99,87,1029,7,50,overcast clouds,0
Ust-Kamenogorsk,2026-09-26T04:50:49.333909+00:00,1790398249,517390,"Серікбаев көшесі, 19",49.956986944444,82.592090555556,5,1,1,53,2,8,8,pm25,2026-09-26T04:00:00Z,0.8,41,0,UMZ,1.02,,304.9,214.9,,282.5,,3.31,3.12,,1.02,,0,0,,0,11.99,71,1022,2,230,overcast clouds,0
Ust-Kamenogorsk,2026-09-26T04:50:49.333909+00:00,1790398249,517402,"Лев Толстой к-сі, 18",49.944817777778,82.653340277778,8,2,,0,1,1,8,pm25,2026-09-26T04:00:00Z,0.8,39,9.3,CHP,1.76,,72.2,146.4,,108.5,,1.76,4.7,,3.58,,1,0,,1,11.99,71,1022,2,230,overcast clouds,0
Ust-Kamenogorsk,2026-09-26T04:50:49.333909+00:00,1790398249,517507,"М. Тынышпаев к-сі, 126",50.009261944444,82.564498888889,0,0,61,0,21,,-,pm25,2026-08-26T09:00:00Z,739.8,69,0,Kazzinc,4.97,,328.7,310.9,,333.8,,9.02,4.97,,6.73,,0,0,,0,11.99,71,1022,2,230,overcast clouds,0
Karaganda,2026-09-26T04:50:49.333909+00:00,1790398249,506290,Майқұдық,49.89696663495,73.21133762598,55,15,,,,,55,pm25,2026-09-26T04:42:40Z,0.1,54,0,,,,,,,,,,,,,,,,,,9.95,77,1027,7.5,61,overcast clouds,0
Karaganda,2026-09-26T04:50:49.333909+00:00,1790398249,517423,"Мұқанов көшесі,57/3",49.786533888889,73.168150833333,211,113,3,0,2,1,-,pm25,2026-07-02T11:00:00Z,2057.8,35,22.2,,,,,,,,,,,,,,,,,,9.95,77,1027,7.5,61,overcast clouds,0
Pavlodar,2026-09-26T04:50:49.333909+00:00,1790398249,520273,  Торайғыров генералы Дүйсенов көшесі,52.294865277778,76.942828333333,40,22,24,2,0,0,40,pm25,2026-09-26T04:00:00Z,0.8,32,17.9,AluminiumSmelter,7.57,254.6,,,,,7.57,,,,,0,,,,,9.92,66,1030,6,10,overcast clouds,0
Pavlodar,2026-09-26T04:50:49.333909+00:00,1790398249,537550,"Естай к-сі, 54",52.281193333333,76.946898055556,4,1,0,6,3,1,4,pm25,2026-09-26T04:00:00Z,0.8,31,0,AluminiumSmelter,7.86,243.3,,,,,7.86,,,,,1,,,,,9.92,66,1030,6,10,overcast clouds,0
Pavlodar,2026-09-26T04:50:49.333909+00:00,1790398249,573904,Каз. Правда  к-сі,52.252530555556,76.974843611111,,,2,2,0,7,7,pm25,2026-09-26T04:00:00Z,0.8,36,16.3,AluminiumSmelter,8.46,217.3,,,,,8.46,,,,,1,,,,,9.92,66,1030,6,10,overcast clouds,0
Pavlodar,2026-09-26T04:50:49.333909+00:00,1790398249,573907,Ломов к-сі (ПМУ),52.264703055556,76.9640775,,,,0,0,0,0,pm25,2026-09-26T04:00:00Z,0.8,28,20.0,AluminiumSmelter,7.95,227.5,,,,,7.95,,,,,1,,,,,9.92,66,1030,6,10,overcast clouds,0
Pavlodar,2026-09-26T04:50:49.333909+00:00,1790398249,114532,Пед. колледж,52.2789,76.9384,32,7,,,,,-,pm25,2026-09-22T10:42:07Z,90.1,32,0,AluminiumSmelter,8.49,243.5,,,,,8.49,,,,,1,,,,,9.92,66,1030,6,10,overcast clouds,0
Astana,2026-09-26T04:50:49.333909+00:00,1790398249,10497,"Astana, US Embassy, Kazakhstan (Нұр-Сұлтан, АҚШ елшілігі)",51.125286,71.46722,,,3.5,13.6,2.6,0.1,14,so2,2026-09-26T10:00:00+06:00,0.8,33,8.3,,,,,,,,,,,,,,,,,,9.99,71,1031,8,80,scattered clouds,0
Ust-Kamenogorsk,2026-09-26T09:49:59.029895+00:00,1790416199,517390,"Серікбаев көшесі, 19",49.956986944444,82.592090555556,5,1,1,53,2,13,13,pm25,2026-09-26T09:00:00Z,0.8,41,0,UMZ,1.02,,304.9,214.9,,282.5,,3.31,3.12,,1.02,,0,0,,0,17.99,52,1020,6,280,clear sky,0
Ust-Kamenogorsk,2026-09-26T09:49:59.029895+00:00,1790416199,517402,"Лев Толстой к-сі, 18",49.944817777778,82.653340277778,5,1,,0,1,2,5,pm25,2026-09-26T09:00:00Z,0.8,43,0,CHP,1.76,,72.2,146.4,,108.5,,1.76,4.7,,3.58,,1,1,,1,17.99,52,1020,6,280,clear sky,0
Ust-Kamenogorsk,2026-09-26T09:49:59.029895+00:00,1790416199,517507,"М. Тынышпаев к-сі, 126",50.009261944444,82.564498888889,0,0,61,0,21,,-,pm25,2026-08-26T09:00:00Z,744.8,69,0,Kazzinc,4.97,,328.7,310.9,,333.8,,9.02,4.97,,6.73,,0,0,,0,17.99,52,1020,6,280,clear sky,0
Karaganda,2026-09-26T09:49:59.029895+00:00,1790416199,506290,Майқұдық,49.89696663495,73.21133762598,7,4,,,,,7,pm25,2026-09-26T09:43:20Z,0.1,54,0,,,,,,,,,,,,,,,,,,10.95,49,1026,6.78,52,few clouds,0
Karaganda,2026-09-26T09:49:59.029895+00:00,1790416199,517423,"Мұқанов көшесі,57/3",49.786533888889,73.168150833333,211,113,3,0,2,1,-,pm25,2026-07-02T11:00:00Z,2062.8,40,13.0,,,,,,,,,,,,,,,,,,10.95,49,1026,6.78,52,few clouds,0
Pavlodar,2026-09-26T09:49:59.029895+00:00,1790416199,520273,  Торайғыров генералы Дүйсенов көшесі,52.294865277778,76.942828333333,16,11,24,3,3,0,16,pm25,2026-09-26T09:00:00Z,0.8,29,23.7,AluminiumSmelter,7.57,254.6,,,,,7.57,,,,,0,,,,,14.92,38,1028,5,10,clear sky,0
Pavlodar,2026-09-26T09:49:59.029895+00:00,1790416199,537550,"Естай к-сі, 54",52.281193333333,76.946898055556,4,1,0,5,3,1,4,pm25,2026-09-26T09:00:00Z,0.8,31,0,AluminiumSmelter,7.86,243.3,,,,,7.86,,,,,1,,,,,14.92,38,1028,5,10,clear sky,0
Pavlodar,2026-09-26T09:49:59.029895+00:00,1790416199,573904,Каз. Правда  к-сі,52.252530555556,76.974843611111,,,1,3,0,7,7,pm25,2026-09-26T09:00:00Z,0.8,43,0,AluminiumSmelter,8.46,217.3,,,,,8.46,,,,,1,,,,,14.92,38,1028,5,10,clear sky,0
Pavlodar,2026-09-26T09:49:59.029895+00:00,1790416199,573907,Ломов к-сі (ПМУ),52.264703055556,76.9640775,,,,0,0,0,0,pm25,2026-09-26T09:00:00Z,0.8,35,0,AluminiumSmelter,7.95,227.5,,,,,7.95,,,,,1,,,,,14.92,38,1028,5,10,clear sky,0
Pavlodar,2026-09-26T09:49:59.029895+00:00,1790416199,114532,Пед. колледж,52.2789,76.9384,32,7,,,,,-,pm25,2026-09-22T10:42:07Z,95.1,27,15.6,AluminiumSmelter,8.49,243.5,,,,,8.49,,,,,1,,,,,14.92,38,1028,5,10,clear sky,0
Astana,2026-09-26T09:49:59.029895+00:00,1790416199,10497,"Astana, US Embassy, Kazakhstan (Нұр-Сұлтан, АҚШ елшілігі)",51.125286,71.46722,,,3.3,12.8,2.6,0.1,13,so2,2026-09-26T15:00:00+06:00,0.8,28,22.2,,,,,,,,,,,,,,,,,,12.99,47,1029,7,70,few clouds,0
Ust-Kamenogorsk,2026-09-26T14:26:30.695211+00:00,1790432790,517390,"Серікбаев көшесі, 19",49.956986944444,82.592090555556,5,1,1,53,2,7,7,pm25,2026-09-26T13:00:00Z,1.4,41,0,UMZ,1.02,,304.9,214.9,,282.5,,3.31,3.12,,1.02,,0,0,,0,9.99,81,1022,3,250,clear sky,0
Ust-Kamenogorsk,2026-09-26T14:26:30.695211+00:00,1790432790,517402,"Лев Толстой к-сі, 18",49.944817777778,82.653340277778,3,1,,0,1,1,3,pm25,2026-09-26T13:00:00Z,1.4,43,0,CHP,1.76,,72.2,146.4,,108.5,,1.76,4.7,,3.58,,1,0,,1,9.99,81,1022,3,250,clear sky,0
Ust-Kamenogorsk,2026-09-26T14:26:30.695211+00:00,1790432790,517507,"М. Тынышпаев к-сі, 126",50.009261944444,82.564498888889,0,0,61,0,21,,-,pm25,2026-08-26T09:00:00Z,749.4,69,0,Kazzinc,4.97,,328.7,310.9,,333.8,,9.02,4.97,,6.73,,0,0,,0,9.99,81,1022,3,250,clear sky,0
Karaganda,2026-09-26T14:26:30.695211+00:00,1790432790,506290,Майқұдық,49.89696663495,73.21133762598,17,6,,,,,17,pm25,2026-09-26T14:11:43Z,0.2,48,11.1,,,,,,,,,,,,,,,,,,7.95,60,1027,6.52,61,scattered clouds,0
Karaganda,2026-09-26T14:26:30.695211+00:00,1790432790,517423,"Мұқанов көшесі,57/3",49.786533888889,73.168150833333,211,113,0,1,3,1,-,pm25,2026-07-02T11:00:00Z,2067.4,38,17.4,,,,,,,,,,,,,,,,,,7.95,60,1027,6.52,61,scattered clouds,0
Pavlodar,2026-09-26T14:26:30.695211+00:00,1790432790,520273,  Торайғыров генералы Дүйсенов көшесі,52.294865277778,76.942828333333,39,22,24,3,6,0,39,pm25,2026-09-26T13:00:00Z,1.4,38,0,AluminiumSmelter,7.57,254.6,,,,,7.57,,,,,0,,,,,7.92,61,1029,4,360,scattered clouds,0
Pavlodar,2026-09-26T14:26:30.695211+00:00,1790432790,537550,"Естай к-сі, 54",52.281193333333,76.946898055556,4,1,0,12,3,1,4,pm25,2026-09-26T13:00:00Z,1.4,25,19.4,AluminiumSmelter,7.86,243.3,,,,,7.86,,,,,0,,,,,7.92,61,1029,4,360,scattered clouds,0
Pavlodar,2026-09-26T14:26:30.695211+00:00,1790432790,573904,Каз. Правда  к-сі,52.252530555556,76.974843611111,,,11,3,0,7,7,pm25,2026-09-26T13:00:00Z,1.4,43,0,AluminiumSmelter,8.46,217.3,,,,,8.46,,,,,1,,,,,7.92,61,1029,4,360,scattered clouds,0
Pavlodar,2026-09-26T14:26:30.695211+00:00,1790432790,573907,Ломов к-сі (ПМУ),52.264703055556,76.9640775,,,,0,0,0,0,pm25,2026-09-26T13:00:00Z,1.4,28,20.0,AluminiumSmelter,7.95,227.5,,,,,7.95,,,,,1,,,,,7.92,61,1029,4,360,scattered clouds,0
Pavlodar,2026-09-26T14:26:30.695211+00:00,1790432790,114532,Пед. колледж,52.2789,76.9384,32,7,,,,,-,pm25,2026-09-22T10:42:07Z,99.7,32,0,AluminiumSmelter,8.49,243.5,,,,,8.49,,,,,0,,,,,7.92,61,1029,4,360,scattered clouds,0
Astana,2026-09-26T14:26:30.695211+00:00,1790432790,10497,"Astana, US Embassy, Kazakhstan (Нұр-Сұлтан, АҚШ елшілігі)",51.125286,71.46722,,,7.7,13.2,3.8,0.1,13,so2,2026-09-26T19:00:00+06:00,1.4,30,16.7,,,,,,,,,,,,,,,,,,9.99,57,1030,5,40,clear sky,0
Ust-Kamenogorsk,2026-09-26T18:00:44.972501+00:00,1790445644,517390,"Серікбаев көшесі, 19",49.956986944444,82.592090555556,5,1,1,53,3,5,5,pm25,2026-09-26T16:00:00Z,2.0,41,0,UMZ,1.02,,304.9,214.9,,282.5,,3.31,3.12,,1.02,,1,0,,1,3.99,93,1023,1,110,clear sky,0
Ust-Kamenogorsk,2026-09-26T18:00:44.972501+00:00,1790445644,517402,"Лев Толстой к-сі, 18",49.944817777778,82.653340277778,3,1,,0,0,1,3,pm25,2026-09-26T16:00:00Z,2.0,43,0,CHP,1.76,,72.2,146.4,,108.5,,1.76,4.7,,3.58,,0,0,,0,3.99,93,1023,1,110,clear sky,0
Ust-Kamenogorsk,2026-09-26T18:00:44.972501+00:00,1790445644,517507,"М. Тынышпаев к-сі, 126",50.009261944444,82.564498888889,0,0,61,0,21,,-,pm25,2026-08-26T09:00:00Z,753.0,69,0,Kazzinc,4.97,,328.7,310.9,,333.8,,9.02,4.97,,6.73,,1,1,,1,3.99,93,1023,1,110,clear sky,0
Karaganda,2026-09-26T18:00:44.972501+00:00,1790445644,506290,Майқұдық,49.89696663495,73.21133762598,16,5,,,,,16,pm25,2026-09-26T16:42:23Z,1.3,54,0,,,,,,,,,,,,,,,,,,3.95,72,1029,4.32,65,few clouds,0
Karaganda,2026-09-26T18:00:44.972501+00:00,1790445644,517423,"Мұқанов көшесі,57/3",49.786533888889,73.168150833333,211,113,0,0,3,1,-,pm25,2026-07-02T11:00:00Z,2071.0,45,0,,,,,,,,,,,,,,,,,,3.95,72,1029,4.32,65,few clouds,0
Pavlodar,2026-09-26T18:00:44.972501+00:00,1790445644,520273,  Торайғыров генералы Дүйсенов көшесі,52.294865277778,76.942828333333,51,24,24,3,24,0,51,pm25,2026-09-26T16:00:00Z,2.0,38,0,AluminiumSmelter,7.57,254.6,,,,,7.57,,,,,0,,,,,7.46,51,1030,3.25,350,scattered clouds,0
Pavlodar,2026-09-26T18:00:44.972501+00:00,1790445644,537550,"Естай к-сі, 54",52.281193333333,76.946898055556,4,1,0,8,4,1,4,pm25,2026-09-26T16:00:00Z,2.0,31,0,AluminiumSmelter,7.86,243.3,,,,,7.86,,,,,0,,,,,7.46,51,1030,3.25,350,scattered clouds,0
Pavlodar,2026-09-26T18:00:44.972501+00:00,1790445644,573904,Каз. Правда  к-сі,52.252530555556,76.974843611111,,,20,4,0,7,7,pm25,2026-09-26T16:00:00Z,2.0,43,0,AluminiumSmelter,8.46,217.3,,,,,8.46,,,,,1,,,,,7.46,51,1030,3.25,350,scattered clouds,0
Pavlodar,2026-09-26T18:00:44.972501+00:00,1790445644,573907,Ломов к-сі (ПМУ),52.264703055556,76.9640775,,,,0,2,0,0,pm25,2026-09-26T16:00:00Z,2.0,35,0,AluminiumSmelter,7.95,227.5,,,,,7.95,,,,,1,,,,,7.46,51,1030,3.25,350,scattered clouds,0
Pavlodar,2026-09-26T18:00:44.972501+00:00,1790445644,114532,Пед. колледж,52.2789,76.9384,32,7,,,,,-,pm25,2026-09-22T10:42:07Z,103.3,32,0,AluminiumSmelter,8.49,243.5,,,,,8.49,,,,,0,,,,,7.46,51,1030,3.25,350,scattered clouds,0
Astana,2026-09-26T18:00:44.972501+00:00,1790445644,10497,"Astana, US Embassy, Kazakhstan (Нұр-Сұлтан, АҚШ елшілігі)",51.125286,71.46722,,,8.4,13.2,3.8,0.1,13,so2,2026-09-26T23:00:00+06:00,1.0,34,5.6,,,,,,,,,,,,,,,,,,3.99,81,1031,4,60,clear sky,0
Ust-Kamenogorsk,2026-09-26T21:05:07.047737+00:00,1790456707,517390,"Серікбаев көшесі, 19",49.956986944444,82.592090555556,5,1,1,53,3,5,5,pm25,2026-09-26T20:00:00Z,1.1,41,0,UMZ,1.02,,304.9,214.9,,282.5,,3.31,3.12,,1.02,,0,1,,0,1.99,93,1023,0,0,clear sky,0
Ust-Kamenogorsk,2026-09-26T21:05:07.047737+00:00,1790456707,517402,"Лев Толстой к-сі, 18",49.944817777778,82.653340277778,5,1,,0,0,1,5,pm25,2026-09-26T20:00:00Z,1.1,43,0,CHP,1.76,,72.2,146.4,,108.5,,1.76,4.7,,3.58,,0,1,,0,1.99,93,1023,0,0,clear sky,0
Ust-Kamenogorsk,2026-09-26T21:05:07.047737+00:00,1790456707,517507,"М. Тынышпаев к-сі, 126",50.009261944444,82.564498888889,0,0,61,0,21,,-,pm25,2026-08-26T09:00:00Z,756.1,69,0,Kazzinc,4.97,,328.7,310.9,,333.8,,9.02,4.97,,6.73,,0,0,,0,1.99,93,1023,0,0,clear sky,0
Karaganda,2026-09-26T21:05:07.047737+00:00,1790456707,506290,Майқұдық,49.89696663495,73.21133762598,27,7,,,,,27,pm25,2026-09-26T20:38:14Z,0.4,54,0,,,,,,,,,,,,,,,,,,0.95,81,1028,3.97,57,clear sky,0
Karaganda,2026-09-26T21:05:07.047737+00:00,1790456707,517423,"Мұқанов көшесі,57/3",49.786533888889,73.168150833333,211,113,0,0,2,1,-,pm25,2026-07-02T11:00:00Z,2074.1,45,0,,,,,,,,,,,,,,,,,,0.95,81,1028,3.97,57,clear sky,0
Pavlodar,2026-09-26T21:05:07.047737+00:00,1790456707,520273,  Торайғыров генералы Дүйсенов көшесі,52.294865277778,76.942828333333,47,17,24,2,6,0,47,pm25,2026-09-26T20:00:00Z,1.1,38,0,AluminiumSmelter,7.57,254.6,,,,,7.57,,,,,0,,,,,6.81,55,1029,3.18,331,broken clouds,0
Pavlodar,2026-09-26T21:05:07.047737+00:00,1790456707,537550,"Естай к-сі, 54",52.281193333333,76.946898055556,4,1,0,5,5,1,4,pm25,2026-09-26T20:00:00Z,1.1,31,0,AluminiumSmelter,7.86,243.3,,,,,7.86,,,,,0,,,,,6.81,55,1029,3.18,331,broken clouds,0
Pavlodar,2026-09-26T21:05:07.047737+00:00,1790456707,573904,Каз. Правда  к-сі,52.252530555556,76.974843611111,,,16,2,0,7,7,pm25,2026-09-26T20:00:00Z,1.1,43,0,AluminiumSmelter,8.46,217.3,,,,,8.46,,,,,0,,,,,6.81,55,1029,3.18,331,broken clouds,0
Pavlodar,2026-09-26T21:05:07.047737+00:00,1790456707,573907,Ломов к-сі (ПМУ),52.264703055556,76.9640775,,,,0,4,0,0,pm25,2026-09-26T20:00:00Z,1.1,35,0,AluminiumSmelter,7.95,227.5,,,,,7.95,,,,,0,,,,,6.81,55,1029,3.18,331,broken clouds,0
Pavlodar,2026-09-26T21:05:07.047737+00:00,1790456707,114532,Пед. колледж,52.2789,76.9384,32,7,,,,,-,pm25,2026-09-22T10:42:07Z,106.4,32,0,AluminiumSmelter,8.49,243.5,,,,,8.49,,,,,0,,,,,6.81,55,1029,3.18,331,broken clouds,0
Astana,2026-09-26T21:05:07.047737+00:00,1790456707,10497,"Astana, US Embassy, Kazakhstan (Нұр-Сұлтан, АҚШ елшілігі)",51.125286,71.46722,,,6.4,13.5,3.6,0.1,14,so2,2026-09-27T02:00:00+06:00,1.1,35,2.8,,,,,,,,,,,,,,,,,,2.99,81,1031,4,40,clear sky,0
Ust-Kamenogorsk,2026-09-26T23:34:33.289046+00:00,1790465673,517390,"Серікбаев көшесі, 19",49.956986944444,82.592090555556,5,1,1,53,3,5,5,pm25,2026-09-26T20:00:00Z,3.6,41,0,UMZ,1.02,,304.9,214.9,,282.5,,3.31,3.12,,1.02,,0,1,,0,2.99,93,1023,0,0,clear sky,0
Ust-Kamenogorsk,2026-09-26T23:34:33.289046+00:00,1790465673,517402,"Лев Толстой к-сі, 18",49.944817777778,82.653340277778,5,1,,0,0,1,5,pm25,2026-09-26T20:00:00Z,3.6,43,0,CHP,1.76,,72.2,146.4,,108.5,,1.76,4.7,,3.58,,0,1,,0,2.99,93,1023,0,0,clear sky,0
Ust-Kamenogorsk,2026-09-26T23:34:33.289046+00:00,1790465673,517507,"М. Тынышпаев к-сі, 126",50.009261944444,82.564498888889,0,0,61,0,21,,-,pm25,2026-08-26T09:00:00Z,758.6,69,0,Kazzinc,4.97,,328.7,310.9,,333.8,,9.02,4.97,,6.73,,0,0,,0,2.99,93,1023,0,0,clear sky,0
Karaganda,2026-09-26T23:34:33.289046+00:00,1790465673,506290,Майқұдық,49.89696663495,73.21133762598,17,5,,,,,17,pm25,2026-09-26T21:14:59Z,2.3,54,0,,,,,,,,,,,,,,,,,,-2.05,75,1030,3.97,55,clear sky,0
Karaganda,2026-09-26T23:34:33.289046+00:00,1790465673,517423,"Мұқанов көшесі,57/3",49.786533888889,73.168150833333,211,113,0,0,2,1,-,pm25,2026-07-02T11:00:00Z,2076.6,45,0,,,,,,,,,,,,,,,,,,-2.05,75,1030,3.97,55,clear sky,0
Pavlodar,2026-09-26T23:34:33.289046+00:00,1790465673,520273,  Торайғыров генералы Дүйсенов көшесі,52.294865277778,76.942828333333,47,17,24,2,6,0,47,pm25,2026-09-26T20:00:00Z,3.6,38,0,AluminiumSmelter,7.57,254.6,,,,,7.57,,,,,0,,,,,1.92,93,1029,1,0,broken clouds,0
Pavlodar,2026-09-26T23:34:33.289046+00:00,1790465673,537550,"Естай к-сі, 54",52.281193333333,76.946898055556,4,1,0,5,5,1,4,pm25,2026-09-26T20:00:00Z,3.6,31,0,AluminiumSmelter,7.86,243.3,,,,,7.86,,,,,0,,,,,1.92,93,1029,1,0,broken clouds,0
Pavlodar,2026-09-26T23:34:33.289046+00:00,1790465673,573904,Каз. Правда  к-сі,52.252530555556,76.974843611111,,,16,2,0,7,7,pm25,2026-09-26T20:00:00Z,3.6,43,0,AluminiumSmelter,8.46,217.3,,,,,8.46,,,,,1,,,,,1.92,93,1029,1,0,broken clouds,0
Pavlodar,2026-09-26T23:34:33.289046+00:00,1790465673,573907,Ломов к-сі (ПМУ),52.264703055556,76.9640775,,,,0,4,0,0,pm25,2026-09-26T20:00:00Z,3.6,35,0,AluminiumSmelter,7.95,227.5,,,,,7.95,,,,,1,,,,,1.92,93,1029,1,0,broken clouds,0
Pavlodar,2026-09-26T23:34:33.289046+00:00,1790465673,114532,Пед. колледж,52.2789,76.9384,32,7,,,,,-,pm25,2026-09-22T10:42:07Z,108.9,32,0,AluminiumSmelter,8.49,243.5,,,,,8.49,,,,,0,,,,,1.92,93,1029,1,0,broken clouds,0
Astana,2026-09-26T23:34:33.289046+00:00,1790465673,10497,"Astana, US Embassy, Kazakhstan (Нұр-Сұлтан, АҚШ елшілігі)",51.125286,71.46722,,,4,13.8,3,0.1,14,so2,2026-09-27T05:00:00+06:00,0.6,36,2.7,,,,,,,,,,,,,,,,,,1.99,87,1032,3,30,few clouds,0
Ust-Kamenogorsk,2026-09-27T01:46:12.685439+00:00,1790473572,517390,"Серікбаев көшесі, 19",49.956986944444,82.592090555556,5,1,1,53,2,4,4,pm25,2026-09-27T01:00:00Z,0.8,41,0,UMZ,1.02,,304.9,214.9,,282.5,,3.31,3.12,,1.02,,0,0,,0,4.99,93,1025,1,220,few clouds,0
Ust-Kamenogorsk,2026-09-27T01:46:12.685439+00:00,1790473572,517402,"Лев Толстой к-сі, 18",49.944817777778,82.653340277778,4,1,,0,0,1,4,pm25,2026-09-27T01:00:00Z,0.8,43,0,CHP,1.76,,72.2,146.4,,108.5,,1.76,4.7,,3.58,,1,0,,0,4.99,93,1025,1,220,few clouds,0
Ust-Kamenogorsk,2026-09-27T01:46:12.685439+00:00,1790473572,517507,"М. Тынышпаев к-сі, 126",50.009261944444,82.564498888889,0,0,61,0,21,,-,pm25,2026-08-26T09:00:00Z,760.8,69,0,Kazzinc,4.97,,328.7,310.9,,333.8,,9.02,4.97,,6.73,,0,0,,0,4.99,93,1025,1,220,few clouds,0
Karaganda,2026-09-27T01:46:12.685439+00:00,1790473572,506290,Майқұдық,49.89696663495,73.21133762598,1,0,,,,,1,pm25,2026-09-27T00:57:52Z,0.8,54,0,,,,,,,,,,,,,,,,,,-3.05,59,1031,4.05,56,clear sky,0
Karaganda,2026-09-27T01:46:12.685439+00:00,1790473572,517423,"Мұқанов көшесі,57/3",49.786533888889,73.168150833333,211,113,0,0,1,1,-,pm25,2026-07-02T11:00:00Z,2078.8,45,0,,,,,,,,,,,,,,,,,,-3.05,59,1031,4.05,56,clear sky,0
Pavlodar,2026-09-27T01:46:12.685439+00:00,1790473572,520273,  Торайғыров генералы Дүйсенов көшесі,52.294865277778,76.942828333333,28,12,24,2,0,0,28,pm25,2026-09-27T01:00:00Z,0.8,38,0,AluminiumSmelter,7.57,254.6,,,,,7.57,,,,,0,,,,,5.92,81,1030,4,360,overcast clouds,0
Pavlodar,2026-09-27T01:46:12.685439+00:00,1790473572,537550,"Естай к-сі, 54",52.281193333333,76.946898055556,4,1,0,3,3,1,4,pm25,2026-09-27T01:00:00Z,0.8,31,0,AluminiumSmelter,7.86,243.3,,,,,7.86,,,,,0,,,,,5.92,81,1030,4,360,overcast clouds,0
Pavlodar,2026-09-27T01:46:12.685439+00:00,1790473572,573904,Каз. Правда  к-сі,52.252530555556,76.974843611111,,,8,3,0,7,7,pm25,2026-09-27T01:00:00Z,0.8,43,0,AluminiumSmelter,8.46,217.3,,,,,8.46,,,,,1,,,,,5.92,81,1030,4,360,overcast clouds,0
Pavlodar,2026-09-27T01:46:12.685439+00:00,1790473572,573907,Ломов к-сі (ПМУ),52.264703055556,76.9640775,,,,0,0,0,0,pm25,2026-09-27T01:00:00Z,0.8,35,0,AluminiumSmelter,7.95,227.5,,,,,7.95,,,,,1,,,,,5.92,81,1030,4,360,overcast clouds,0
Pavlodar,2026-09-27T01:46:12.685439+00:00,1790473572,114532,Пед. колледж,52.2789,76.9384,32,7,,,,,-,pm25,2026-09-22T10:42:07Z,111.1,32,0,AluminiumSmelter,8.49,243.5,,,,,8.49,,,,,0,,,,,5.92,81,1030,4,360,overcast clouds,0
Astana,2026-09-27T01:46:12.685439+00:00,1790473572,10497,"Astana, US Embassy, Kazakhstan (Нұр-Сұлтан, АҚШ елшілігі)",51.125286,71.46722,,,3.6,14,2.7,0.1,14,so2,2026-09-27T07:00:00+06:00,0.8,35,2.8,,,,,,,,,,,,,,,,,,1.99,87,1032,1,0,overcast clouds,0
Ust-Kamenogorsk,2026-09-27T08:03:39.699950+00:00,1790496219,517390,"Серікбаев көшесі, 19",49.956986944444,82.592090555556,5,1,1,53,2,8,8,pm25,2026-09-27T07:00:00Z,1.1,41,0,UMZ,1.02,,304.9,214.9,,282.5,,3.31,3.12,,1.02,,1,1,,1,12.99,62,1022,2,70,clear sky,0
Ust-Kamenogorsk,2026-09-27T08:03:39.699950+00:00,1790496219,517402,"Лев Толстой к-сі, 18",49.944817777778,82.653340277778,4,1,,0,1,1,4,pm25,2026-09-27T07:00:00Z,1.1,43,0,CHP,1.76,,72.2,146.4,,108.5,,1.76,4.7,,3.58,,0,0,,0,12.99,62,1022,2,70,clear sky,0
Ust-Kamenogorsk,2026-09-27T08:03:39.699950+00:00,1790496219,517507,"М. Тынышпаев к-сі, 126",50.009261944444,82.564498888889,0,0,61,0,21,,-,pm25,2026-08-26T09:00:00Z,767.1,69,0,Kazzinc,4.97,,328.7,310.9,,333.8,,9.02,4.97,,6.73,,0,0,,0,12.99,62,1022,2,70,clear sky,0
Karaganda,2026-09-27T08:03:39.699950+00:00,1790496219,506290,Майқұдық,49.89696663495,73.21133762598,1,0,,,,,1,pm25,2026-09-27T07:13:50Z,0.8,47,13.0,,,,,,,,,,,,,,,,,,13.95,27,1027,5.94,53,overcast clouds,0
Karaganda,2026-09-27T08:03:39.699950+00:00,1790496219,517423,"Мұқанов көшесі,57/3",49.786533888889,73.168150833333,211,113,0,1,1,1,-,pm25,2026-07-02T11:00:00Z,2085.1,38,17.4,,,,,,,,,,,,,,,,,,13.95,27,1027,5.94,53,overcast clouds,0
Pavlodar,2026-09-27T08:03:39.699950+00:00,1790496219,520273,  Торайғыров генералы Дүйсенов көшесі,52.294865277778,76.942828333333,23,14,24,3,0,0,23,pm25,2026-09-27T07:00:00Z,1.1,31,18.4,AluminiumSmelter,7.57,254.6,,,,,7.57,,,,,1,,,,,11.92,54,1029,5,20,broken clouds,0
Pavlodar,2026-09-27T08:03:39.699950+00:00,1790496219,537550,"Естай к-сі, 54",52.281193333333,76.946898055556,4,1,0,6,3,1,4,pm25,2026-09-27T07:00:00Z,1.1,24,22.6,AluminiumSmelter,7.86,243.3,,,,,7.86,,,,,1,,,,,11.92,54,1029,5,20,broken clouds,0
Pavlodar,2026-09-27T08:03:39.699950+00:00,1790496219,573904,Каз. Правда  к-сі,52.252530555556,76.974843611111,,,8,3,0,7,7,pm25,2026-09-27T07:00:00Z,1.1,43,0,AluminiumSmelter,8.46,217.3,,,,,8.46,,,,,1,,,,,11.92,54,1029,5,20,broken clouds,0
Pavlodar,2026-09-27T08:03:39.699950+00:00,1790496219,573907,Ломов к-сі (ПМУ),52.264703055556,76.9640775,,,,0,1,0,0,pm25,2026-09-27T07:00:00Z,1.1,35,0,AluminiumSmelter,7.95,227.5,,,,,7.95,,,,,1,,,,,11.92,54,1029,5,20,broken clouds,0
Pavlodar,2026-09-27T08:03:39.699950+00:00,1790496219,114532,Пед. колледж,52.2789,76.9384,32,7,,,,,-,pm25,2026-09-22T10:42:07Z,117.4,32,0,AluminiumSmelter,8.49,243.5,,,,,8.49,,,,,1,,,,,11.92,54,1029,5,20,broken clouds,0
Astana,2026-09-27T08:03:39.699950+00:00,1790496219,10497,"Astana, US Embassy, Kazakhstan (Нұр-Сұлтан, АҚШ елшілігі)",51.125286,71.46722,,,2.7,14.8,2.7,0.1,15,so2,2026-09-27T13:00:00+06:00,1.1,32,11.1,,,,,,,,,,,,,,,,,,13.99,38,1029,7,60,clear sky,0
Ust-Kamenogorsk,2026-09-27T13:53:50.031942+00:00,1790517230,517390,"Серікбаев көшесі, 19",49.956986944444,82.592090555556,5,1,1,53,3,9,9,pm25,2026-09-27T13:00:00Z,0.9,41,0,UMZ,1.02,,304.9,214.9,,282.5,,3.31,3.12,,1.02,,0,0,,0,10.99,50,1022,5,330,clear sky,0
Ust-Kamenogorsk,2026-09-27T13:53:50.031942+00:00,1790517230,517402,"Лев Толстой к-сі, 18",49.944817777778,82.653340277778,3,1,,0,1,2,3,pm25,2026-09-27T13:00:00Z,0.9,43,0,CHP,1.76,,72.2,146.4,,108.5,,1.76,4.7,,3.58,,0,1,,1,10.99,50,1022,5,330,clear sky,0
Ust-Kamenogorsk,2026-09-27T13:53:50.031942+00:00,1790517230,517507,"М. Тынышпаев к-сі, 126",50.009261944444,82.564498888889,0,0,61,0,21,,-,pm25,2026-08-26T09:00:00Z,772.9,69,0,Kazzinc,4.97,,328.7,310.9,,333.8,,9.02,4.97,,6.73,,0,0,,0,10.99,50,1022,5,330,clear sky,0
Karaganda,2026-09-27T13:53:50.031942+00:00,1790517230,506290,Майқұдық,49.89696663495,73.21133762598,40,9,,,,,40,pm25,2026-09-27T13:46:34Z,0.1,54,0,,,,,,,,,,,,,,,,,,7.95,34,1028,4.79,48,broken clouds,0
Karaganda,2026-09-27T13:53:50.031942+00:00,1790517230,517423,"Мұқанов көшесі,57/3",49.786533888889,73.168150833333,211,113,0,2,2,1,-,pm25,2026-07-02T11:00:00Z,2090.9,45,0,,,,,,,,,,,,,,,,,,7.95,34,1028,4.79,48,broken clouds,0
Pavlodar,2026-09-27T13:53:50.031942+00:00,1790517230,520273,  Торайғыров генералы Дүйсенов көшесі,52.294865277778,76.942828333333,26,20,24,3,0,0,26,pm25,2026-09-27T13:00:00Z,0.9,31,18.4,AluminiumSmelter,7.57,254.6,,,,,7.57,,,,,0,,,,,7.92,61,1031,2,360,clear sky,0
Pavlodar,2026-09-27T13:53:50.031942+00:00,1790517230,537550,"Естай к-сі, 54",52.281193333333,76.946898055556,4,1,0,3,3,1,4,pm25,2026-09-27T13:00:00Z,0.9,31,0,AluminiumSmelter,7.86,243.3,,,,,7.86,,,,,0,,,,,7.92,61,1031,2,360,clear sky,0
Pavlodar,2026-09-27T13:53:50.031942+00:00,1790517230,573904,Каз. Правда  к-сі,52.252530555556,76.974843611111,,,2,3,0,7,7,pm25,2026-09-27T13:00:00Z,0.9,37,14.0,AluminiumSmelter,8.46,217.3,,,,,8.46,,,,,1,,,,,7.92,61,1031,2,360,clear sky,0
Pavlodar,2026-09-27T13:53:50.031942+00:00,1790517230,573907,Ломов к-сі (ПМУ),52.264703055556,76.9640775,,,,0,1,0,0,pm25,2026-09-27T13:00:00Z,0.9,28,17.6,AluminiumSmelter,7.95,227.5,,,,,7.95,,,,,1,,,,,7.92,61,1031,2,360,clear sky,0
Pavlodar,2026-09-27T13:53:50.031942+00:00,1790517230,114532,Пед. колледж,52.2789,76.9384,32,7,,,,,-,pm25,2026-09-22T10:42:07Z,123.2,27,15.6,AluminiumSmelter,8.49,243.5,,,,,8.49,,,,,0,,,,,7.92,61,1031,2,360,clear sky,0
Astana,2026-09-27T13:53:50.031942+00:00,1790517230,10497,"Astana, US Embassy, Kazakhstan (Нұр-Сұлтан, АҚШ елшілігі)",51.125286,71.46722,,,5.7,13.3,3.6,0.1,13,so2,2026-09-27T19:00:00+06:00,0.9,30,16.7,,,,,,,,,,,,,,,,,,8.99,71,1030,4,60,clear sky,0
Ust-Kamenogorsk,2026-09-27T18:19:28.904858+00:00,1790533168,517390,"Серікбаев көшесі, 19",49.956986944444,82.592090555556,5,1,1,53,2,8,8,pm25,2026-09-27T18:00:00Z,0.3,41,0,UMZ,1.02,,304.9,214.9,,282.5,,3.31,3.12,,1.02,,0,0,,0,4.99,70,1023,3,320,clear sky,0
Ust-Kamenogorsk,2026-09-27T18:19:28.904858+00:00,1790533168,517402,"Лев Толстой к-сі, 18",49.944817777778,82.653340277778,3,1,,0,0,1,3,pm25,2026-09-27T18:00:00Z,0.3,43,0,CHP,1.76,,72.2,146.4,,108.5,,1.76,4.7,,3.58,,0,1,,1,4.99,70,1023,3,320,clear sky,0
Ust-Kamenogorsk,2026-09-27T18:19:28.904858+00:00,1790533168,517507,"М. Тынышпаев к-сі, 126",50.009261944444,82.564498888889,0,0,61,0,21,,-,pm25,2026-08-26T09:00:00Z,777.3,69,0,Kazzinc,4.97,,328.7,310.9,,333.8,,9.02,4.97,,6.73,,0,0,,0,4.99,70,1023,3,320,clear sky,0
Karaganda,2026-09-27T18:19:28.904858+00:00,1790533168,506290,Майқұдық,49.89696663495,73.21133762598,41,11,,,,,41,pm25,2026-09-27T18:13:02Z,0.1,54,0,,,,,,,,,,,,,,,,,,1.95,72,1029,5.45,59,clear sky,0
Karaganda,2026-09-27T18:19:28.904858+00:00,1790533168,517423,"Мұқанов көшесі,57/3",49.786533888889,73.168150833333,211,113,0,1,1,1,-,pm25,2026-07-02T11:00:00Z,2095.3,45,0,,,,,,,,,,,,,,,,,,1.95,72,1029,5.45,59,clear sky,0
Pavlodar,2026-09-27T18:19:28.904858+00:00,1790533168,520273,  Торайғыров генералы Дүйсенов көшесі,52.294865277778,76.942828333333,23,16,24,3,16,0,23,pm25,2026-09-27T18:00:00Z,0.3,38,0,AluminiumSmelter,7.57,254.6,,,,,7.57,,,,,1,,,,,7.2,63,1031,3.43,19,clear sky,0
Pavlodar,2026-09-27T18:19:28.904858+00:00,1790533168,537550,"Естай к-сі, 54",52.281193333333,76.946898055556,4,1,0,3,3,1,4,pm25,2026-09-27T18:00:00Z,0.3,31,0,AluminiumSmelter,7.86,243.3,,,,,7.86,,,,,1,,,,,7.2,63,1031,3.43,19,clear sky,0
Pavlodar,2026-09-27T18:19:28.904858+00:00,1790533168,573904,Каз. Правда  к-сі,52.252530555556,76.974843611111,,,6,4,0,7,7,pm25,2026-09-27T18:00:00Z,0.3,43,0,AluminiumSmelter,8.46,217.3,,,,,8.46,,,,,1,,,,,7.2,63,1031,3.43,19,clear sky,0
Pavlodar,2026-09-27T18:19:28.904858+00:00,1790533168,573907,Ломов к-сі (ПМУ),52.264703055556,76.9640775,,,,0,1,0,0,pm25,2026-09-27T17:00:00Z,1.3,35,0,AluminiumSmelter,7.95,227.5,,,,,7.95,,,,,1,,,,,7.2,63,1031,3.43,19,clear sky,0
Pavlodar,2026-09-27T18:19:28.904858+00:00,1790533168,114532,Пед. колледж,52.2789,76.9384,32,7,,,,,-,pm25,2026-09-22T10:42:07Z,127.6,32,0,AluminiumSmelter,8.49,243.5,,,,,8.49,,,,,1,,,,,7.2,63,1031,3.43,19,clear sky,0
Astana,2026-09-27T18:19:28.904858+00:00,1790533168,10497,"Astana, US Embassy, Kazakhstan (Нұр-Сұлтан, АҚШ елшілігі)",51.125286,71.46722,,,9.7,12.9,4.3,0.1,13,so2,2026-09-27T23:00:00+06:00,1.3,35,2.8,,,,,,,,,,,,,,,,,,3.99,87,1031,6,60,clear sky,0
Ust-Kamenogorsk,2026-09-27T21:35:33.769132+00:00,1790544933,517390,"Серікбаев көшесі, 19",49.956986944444,82.592090555556,5,1,1,53,2,7,7,pm25,2026-09-27T21:00:00Z,0.6,41,0,UMZ,1.02,,304.9,214.9,,282.5,,3.31,3.12,,1.02,,0,1,,0,0.99,80,1023,0,0,clear sky,0
Ust-Kamenogorsk,2026-09-27T21:35:33.769132+00:00,1790544933,517402,"Лев Толстой к-сі, 18",49.944817777778,82.653340277778,4,1,,0,0,1,4,pm25,2026-09-27T21:00:00Z,0.6,43,0,CHP,1.76,,72.2,146.4,,108.5,,1.76,4.7,,3.58,,0,1,,0,0.99,80,1023,0,0,clear sky,0
Ust-Kamenogorsk,2026-09-27T21:35:33.769132+00:00,1790544933,517507,"М. Тынышпаев к-сі, 126",50.009261944444,82.564498888889,0,0,61,0,21,,-,pm25,2026-08-26T09:00:00Z,780.6,69,0,Kazzinc,4.97,,328.7,310.9,,333.8,,9.02,4.97,,6.73,,0,0,,0,0.99,80,1023,0,0,clear sky,0
Karaganda,2026-09-27T21:35:33.769132+00:00,1790544933,506290,Майқұдық,49.89696663495,73.21133762598,51,12,,,,,51,pm25,2026-09-27T21:26:43Z,0.1,54,0,,,,,,,,,,,,,,,,,,-1.05,88,1030,4.44,72,clear sky,0
Karaganda,2026-09-27T21:35:33.769132+00:00,1790544933,517423,"Мұқанов көшесі,57/3",49.786533888889,73.168150833333,211,113,0,1,1,1,-,pm25,2026-07-02T11:00:00Z,2098.6,45,0,,,,,,,,,,,,,,,,,,-1.05,88,1030,4.44,72,clear sky,0
Pavlodar,2026-09-27T21:35:33.769132+00:00,1790544933,520273,  Торайғыров генералы Дүйсенов көшесі,52.294865277778,76.942828333333,20,10,24,2,10,0,20,pm25,2026-09-27T21:00:00Z,0.6,38,0,AluminiumSmelter,7.57,254.6,,,,,7.57,,,,,1,,,,,5.66,71,1032,3.47,25,clear sky,0
Pavlodar,2026-09-27T21:35:33.769132+00:00,1790544933,537550,"Естай к-сі, 54",52.281193333333,76.946898055556,4,1,0,2,3,1,4,pm25,2026-09-27T21:00:00Z,0.6,31,0,AluminiumSmelter,7.86,243.3,,,,,7.86,,,,,1,,,,,5.66,71,1032,3.47,25,clear sky,0
Pavlodar,2026-09-27T21:35:33.769132+00:00,1790544933,573904,Каз. Правда  к-сі,52.252530555556,76.974843611111,,,3,3,1,7,7,pm25,2026-09-27T21:00:00Z,0.6,43,0,AluminiumSmelter,8.46,217.3,,,,,8.46,,,,,1,,,,,5.66,71,1032,3.47,25,clear sky,0
Pavlodar,2026-09-27T21:35:33.769132+00:00,1790544933,573907,Ломов к-сі (ПМУ),52.264703055556,76.9640775,,,,0,0,0,0,pm25,2026-09-27T21:00:00Z,0.6,35,0,AluminiumSmelter,7.95,227.5,,,,,7.95,,,,,1,,,,,5.66,71,1032,3.47,25,clear sky,0
Pavlodar,2026-09-27T21:35:33.769132+00:00,1790544933,114532,Пед. колледж,52.2789,76.9384,32,7,,,,,-,pm25,2026-09-22T10:42:07Z,130.9,32,0,AluminiumSmelter,8.49,243.5,,,,,8.49,,,,,1,,,,,5.66,71,1032,3.47,25,clear sky,0
Astana,2026-09-27T21:35:33.769132+00:00,1790544933,10497,"Astana, US Embassy, Kazakhstan (Нұр-Сұлтан, АҚШ елшілігі)",51.125286,71.46722,,,10.6,13.4,5.4,0.1,13,so2,2026-09-28T02:00:00+06:00,1.6,36,0,,,,,,,,,,,,,,,,,,1.99,93,1031,3,70,clear sky,0
Ust-Kamenogorsk,2026-09-27T23:56:40.972926+00:00,1790553400,517390,"Серікбаев көшесі, 19",49.956986944444,82.592090555556,5,1,1,53,2,5,5,pm25,2026-09-27T23:00:00Z,0.9,41,0,UMZ,1.02,,304.9,214.9,,282.5,,3.31,3.12,,1.02,,1,0,,1,-3.01,86,1024,2,110,clear sky,0
Ust-Kamenogorsk,2026-09-27T23:56:40.972926+00:00,1790553400,517402,"Лев Толстой к-сі, 18",49.944817777778,82.653340277778,4,1,,0,0,1,4,pm25,2026-09-27T23:00:00Z,0.9,43,0,CHP,1.76,,72.2,146.4,,108.5,,1.76,4.7,,3.58,,0,0,,0,-3.01,86,1024,2,110,clear sky,0
Ust-Kamenogorsk,2026-09-27T23:56:40.972926+00:00,1790553400,517507,"М. Тынышпаев к-сі, 126",50.009261944444,82.564498888889,0,0,61,0,21,,-,pm25,2026-08-26T09:00:00Z,782.9,69,0,Kazzinc,4.97,,328.7,310.9,,333.8,,9.02,4.97,,6.73,,1,1,,1,-3.01,86,1024,2,110,clear sky,0
Karaganda,2026-09-27T23:56:40.972926+00:00,1790553400,506290,Майқұдық,49.89696663495,73.21133762598,39,9,,,,,39,pm25,2026-09-27T23:51:10Z,0.1,54,0,,,,,,,,,,,,,,,,,,-3.05,88,1030,4.16,75,clear sky,0
Karaganda,2026-09-27T23:56:40.972926+00:00,1790553400,517423,"Мұқанов көшесі,57/3",49.786533888889,73.168150833333,211,113,0,1,1,1,-,pm25,2026-07-02T11:00:00Z,2100.9,45,0,,,,,,,,,,,,,,,,,,-3.05,88,1030,4.16,75,clear sky,0
Pavlodar,2026-09-27T23:56:40.972926+00:00,1790553400,520273,  Торайғыров генералы Дүйсенов көшесі,52.294865277778,76.942828333333,16,9,24,2,5,0,16,pm25,2026-09-27T23:00:00Z,0.9,38,0,AluminiumSmelter,7.57,254.6,,,,,7.57,,,,,1,,,,,1.92,93,1033,4,20,clear sky,0
Pavlodar,2026-09-27T23:56:40.972926+00:00,1790553400,537550,"Естай к-сі, 54",52.281193333333,76.946898055556,4,1,0,2,3,1,4,pm25,2026-09-27T23:00:00Z,0.9,31,0,AluminiumSmelter,7.86,243.3,,,,,7.86,,,,,1,,,,,1.92,93,1033,4,20,clear sky,0
Pavlodar,2026-09-27T23:56:40.972926+00:00,1790553400,573904,Каз. Правда  к-сі,52.252530555556,76.974843611111,,,2,3,0,7,7,pm25,2026-09-27T23:00:00Z,0.9,43,0,AluminiumSmelter,8.46,217.3,,,,,8.46,,,,,1,,,,,1.92,93,1033,4,20,clear sky,0
Pavlodar,2026-09-27T23:56:40.972926+00:00,1790553400,573907,Ломов к-сі (ПМУ),52.264703055556,76.9640775,,,,0,0,0,0,pm25,2026-09-27T22:00:00Z,1.9,35,0,AluminiumSmelter,7.95,227.5,,,,,7.95,,,,,1,,,,,1.92,93,1033,4,20,clear sky,0
Pavlodar,2026-09-27T23:56:40.972926+00:00,1790553400,114532,Пед. колледж,52.2789,76.9384,32,7,,,,,-,pm25,2026-09-22T10:42:07Z,133.2,32,0,AluminiumSmelter,8.49,243.5,,,,,8.49,,,,,1,,,,,1.92,93,1033,4,20,clear sky,0
Astana,2026-09-27T23:56:40.972926+00:00,1790553400,10497,"Astana, US Embassy, Kazakhstan (Нұр-Сұлтан, АҚШ елшілігі)",51.125286,71.46722,,,4.1,13.4,2.7,0.1,13,so2,2026-09-28T05:00:00+06:00,0.9,36,0,,,,,,,,,,,,,,,,,,0.99,93,1032,3,60,clear sky,0
Ust-Kamenogorsk,2026-09-28T05:16:35.458850+00:00,1790572595,517390,"Серікбаев көшесі, 19",49.956986944444,82.592090555556,5,1,1,53,3,7,7,pm25,2026-09-28T05:00:00Z,0.3,32,22.0,UMZ,1.02,,304.9,214.9,,282.5,,3.31,3.12,,1.02,,0,1,,0,9.99,53,1024,1,0,clear sky,0
Ust-Kamenogorsk,2026-09-28T05:16:35.458850+00:00,1790572595,517402,"Лев Толстой к-сі, 18",49.944817777778,82.653340277778,4,1,,0,1,1,4,pm25,2026-09-28T05:00:00Z,0.3,43,0,CHP,1.76,,72.2,146.4,,108.5,,1.76,4.7,,3.58,,0,1,,0,9.99,53,1024,1,0,clear sky,0
Ust-Kamenogorsk,2026-09-28T05:16:35.458850+00:00,1790572595,517507,"М. Тынышпаев к-сі, 126",50.009261944444,82.564498888889,0,0,61,0,21,,-,pm25,2026-08-26T09:00:00Z,788.3,69,0,Kazzinc,4.97,,328.7,310.9,,333.8,,9.02,4.97,,6.73,,0,0,,0,9.99,53,1024,1,0,clear sky,0
Karaganda,2026-09-28T05:16:35.458850+00:00,1790572595,506290,Майқұдық,49.89696663495,73.21133762598,17,4,,,,,17,pm25,2026-09-28T05:09:57Z,0.1,54,0,,,,,,,,,,,,,,,,,,10.95,50,1029,7.51,72,clear sky,0
Karaganda,2026-09-28T05:16:35.458850+00:00,1790572595,517423,"Мұқанов көшесі,57/3",49.786533888889,73.168150833333,211,113,0,1,1,1,-,pm25,2026-07-02T11:00:00Z,2106.3,34,24.4,,,,,,,,,,,,,,,,,,10.95,50,1029,7.51,72,clear sky,0
Pavlodar,2026-09-28T05:16:35.458850+00:00,1790572595,520273,  Торайғыров генералы Дүйсенов көшесі,52.294865277778,76.942828333333,20,18,24,2,8,0,20,pm25,2026-09-28T05:00:00Z,0.3,38,0,AluminiumSmelter,7.57,254.6,,,,,7.57,,,,,1,,,,,11.92,43,1034,6,40,clear sky,0
Pavlodar,2026-09-28T05:16:35.458850+00:00,1790572595,537550,"Естай к-сі, 54",52.281193333333,76.946898055556,4,1,0,2,4,1,4,pm25,2026-09-28T05:00:00Z,0.3,31,0,AluminiumSmelter,7.86,243.3,,,,,7.86,,,,,1,,,,,11.92,43,1034,6,40,clear sky,0
Pavlodar,2026-09-28T05:16:35.458850+00:00,1790572595,573904,Каз. Правда  к-сі,52.252530555556,76.974843611111,,,11,3,1,7,7,pm25,2026-09-28T05:00:00Z,0.3,37,14.0,AluminiumSmelter,8.46,217.3,,,,,8.46,,,,,1,,,,,11.92,43,1034,6,40,clear sky,0
Pavlodar,2026-09-28T05:16:35.458850+00:00,1790572595,573907,Ломов к-сі (ПМУ),52.264703055556,76.9640775,,,,0,1,0,0,pm25,2026-09-28T05:00:00Z,0.3,28,20.0,AluminiumSmelter,7.95,227.5,,,,,7.95,,,,,1,,,,,11.92,43,1034,6,40,clear sky,0
Pavlodar,2026-09-28T05:16:35.458850+00:00,1790572595,114532,Пед. колледж,52.2789,76.9384,32,7,,,,,-,pm25,2026-09-22T10:42:07Z,138.6,32,0,AluminiumSmelter,8.49,243.5,,,,,8.49,,,,,1,,,,,11.92,43,1034,6,40,clear sky,0
Astana,2026-09-28T05:16:35.458850+00:00,1790572595,10497,"Astana, US Embassy, Kazakhstan (Нұр-Сұлтан, АҚШ елшілігі)",51.125286,71.46722,,,8.8,13.9,4.2,0.1,14,so2,2026-09-28T10:00:00+06:00,1.3,33,8.3,,,,,,,,,,,,,,,,,,10.99,58,1031,7,80,clear sky,0
Ust-Kamenogorsk,2026-09-28T11:58:27.324307+00:00,1790596707,517390,"Серікбаев көшесі, 19",49.956986944444,82.592090555556,5,1,1,53,2,10,10,pm25,2026-09-28T11:00:00Z,1.0,41,0,UMZ,1.02,,304.9,214.9,,282.5,,3.31,3.12,,1.02,,0,1,,0,15.99,25,1021,7,360,clear sky,0
Ust-Kamenogorsk,2026-09-28T11:58:27.324307+00:00,1790596707,517402,"Лев Толстой к-сі, 18",49.944817777778,82.653340277778,4,1,,0,1,1,4,pm25,2026-09-28T11:00:00Z,1.0,37,14.0,CHP,1.76,,72.2,146.4,,108.5,,1.76,4.7,,3.58,,0,1,,0,15.99,25,1021,7,360,clear sky,0
Ust-Kamenogorsk,2026-09-28T11:58:27.324307+00:00,1790596707,517507,"М. Тынышпаев к-сі, 126",50.009261944444,82.564498888889,0,0,61,0,21,,-,pm25,2026-08-26T09:00:00Z,795.0,69,0,Kazzinc,4.97,,328.7,310.9,,333.8,,9.02,4.97,,6.73,,0,0,,0,15.99,25,1021,7,360,clear sky,0
Karaganda,2026-09-28T11:58:27.324307+00:00,1790596707,506290,Майқұдық,49.89696663495,73.21133762598,0,0,,,,,0,pm25,2026-09-28T11:52:47Z,0.1,54,0,,,,,,,,,,,,,,,,,,14.95,28,1028,7.39,70,clear sky,0
Karaganda,2026-09-28T11:58:27.324307+00:00,1790596707,517423,"Мұқанов көшесі,57/3",49.786533888889,73.168150833333,211,113,0,1,1,1,-,pm25,2026-07-02T11:00:00Z,2113.0,40,13.0,,,,,,,,,,,,,,,,,,14.95,28,1028,7.39,70,clear sky,0
Pavlodar,2026-09-28T11:58:27.324307+00:00,1790596707,520273,  Торайғыров генералы Дүйсенов көшесі,52.294865277778,76.942828333333,21,17,24,4,1,0,21,pm25,2026-09-28T11:00:00Z,1.0,29,25.6,AluminiumSmelter,7.57,254.6,,,,,7.57,,,,,1,,,,,13.92,28,1033,7,40,clear sky,0
Pavlodar,2026-09-28T11:58:27.324307+00:00,1790596707,537550,"Естай к-сі, 54",52.281193333333,76.946898055556,4,1,0,2,3,2,4,pm25,2026-09-28T11:00:00Z,1.0,31,0,AluminiumSmelter,7.86,243.3,,,,,7.86,,,,,1,,,,,13.92,28,1033,7,40,clear sky,0
Pavlodar,2026-09-28T11:58:27.324307+00:00,1790596707,573904,Каз. Правда  к-сі,52.252530555556,76.974843611111,,,4,2,0,7,7,pm25,2026-09-28T11:00:00Z,1.0,43,0,AluminiumSmelter,8.46,217.3,,,,,8.46,,,,,1,,,,,13.92,28,1033,7,40,clear sky,0
Pavlodar,2026-09-28T11:58:27.324307+00:00,1790596707,573907,Ломов к-сі (ПМУ),52.264703055556,76.9640775,,,,0,0,0,0,pm25,2026-09-28T11:00:00Z,1.0,25,26.5,AluminiumSmelter,7.95,227.5,,,,,7.95,,,,,1,,,,,13.92,28,1033,7,40,clear sky,0
Pavlodar,2026-09-28T11:58:27.324307+00:00,1790596707,114532,Пед. колледж,52.2789,76.9384,32,7,,,,,-,pm25,2026-09-22T10:42:07Z,145.3,27,15.6,AluminiumSmelter,8.49,243.5,,,,,8.49,,,,,1,,,,,13.92,28,1033,7,40,clear sky,0
Astana,2026-09-28T11:58:27.324307+00:00,1790596707,10497,"Astana, US Embassy, Kazakhstan (Нұр-Сұлтан, АҚШ елшілігі)",51.125286,71.46722,,,6.9,35.9,2.5,0.1,36,so2,2026-09-28T17:00:00+06:00,1.0,31,13.9,,,,,,,,,,,,,,,,,,14.99,33,1030,10,70,clear sky,0
Ust-Kamenogorsk,2026-09-28T19:38:27.502147+00:00,1790624307,517390,"Серікбаев көшесі, 19",49.956986944444,82.592090555556,5,1,1,53,3,2,2,pm25,2026-09-28T19:00:00Z,0.6,41,0,UMZ,1.02,,304.9,214.9,,282.5,,3.31,3.12,,1.02,,1,0,,1,0.99,69,1025,2,100,clear sky,0
Ust-Kamenogorsk,2026-09-28T19:38:27.502147+00:00,1790624307,517402,"Лев Толстой к-сі, 18",49.944817777778,82.653340277778,5,1,,0,0,1,5,pm25,2026-09-28T19:00:00Z,0.6,43,0,CHP,1.76,,72.2,146.4,,108.5,,1.76,4.7,,3.58,,0,0,,0,0.99,69,1025,2,100,clear sky,0
Ust-Kamenogorsk,2026-09-28T19:38:27.502147+00:00,1790624307,517507,"М. Тынышпаев к-сі, 126",50.009261944444,82.564498888889,0,0,61,0,21,,-,pm25,2026-08-26T09:00:00Z,802.6,69,0,Kazzinc,4.97,,328.7,310.9,,333.8,,9.02,4.97,,6.73,,1,1,,1,0.99,69,1025,2,100,clear sky,0
Karaganda,2026-09-28T19:38:27.502147+00:00,1790624307,506290,Майқұдық,49.89696663495,73.21133762598,39,11,,,,,39,pm25,2026-09-28T19:32:52Z,0.1,54,0,,,,,,,,,,,,,,,,,,1.95,48,1031,4.33,73,clear sky,0
Karaganda,2026-09-28T19:38:27.502147+00:00,1790624307,517423,"Мұқанов көшесі,57/3",49.786533888889,73.168150833333,211,113,0,1,2,1,-,pm25,2026-07-02T11:00:00Z,2120.6,45,0,,,,,,,,,,,,,,,,,,1.95,48,1031,4.33,73,clear sky,0
Pavlodar,2026-09-28T19:38:27.502147+00:00,1790624307,520273,  Торайғыров генералы Дүйсенов көшесі,52.294865277778,76.942828333333,17,12,24,3,0,0,17,pm25,2026-09-28T19:00:00Z,0.6,38,0,AluminiumSmelter,7.57,254.6,,,,,7.57,,,,,1,,,,,5.81,48,1034,3.25,54,clear sky,0
Pavlodar,2026-09-28T19:38:27.502147+00:00,1790624307,537550,"Естай к-сі, 54",52.281193333333,76.946898055556,4,1,0,2,3,1,4,pm25,2026-09-28T19:00:00Z,0.6,31,0,AluminiumSmelter,7.86,243.3,,,,,7.86,,,,,1,,,,,5.81,48,1034,3.25,54,clear sky,0
Pavlodar,2026-09-28T19:38:27.502147+00:00,1790624307,573904,Каз. Правда  к-сі,52.252530555556,76.974843611111,,,7,3,0,7,7,pm25,2026-09-28T19:00:00Z,0.6,43,0,AluminiumSmelter,8.46,217.3,,,,,8.46,,,,,1,,,,,5.81,48,1034,3.25,54,clear sky,0
Pavlodar,2026-09-28T19:38:27.502147+00:00,1790624307,573907,Ломов к-сі (ПМУ),52.264703055556,76.9640775,,,,0,0,0,0,pm25,2026-09-28T19:00:00Z,0.6,35,0,AluminiumSmelter,7.95,227.5,,,,,7.95,,,,,1,,,,,5.81,48,1034,3.25,54,clear sky,0
Pavlodar,2026-09-28T19:38:27.502147+00:00,1790624307,114532,Пед. колледж,52.2789,76.9384,32,7,,,,,-,pm25,2026-09-22T10:42:07Z,152.9,32,0,AluminiumSmelter,8.49,243.5,,,,,8.49,,,,,1,,,,,5.81,48,1034,3.25,54,clear sky,0
Astana,2026-09-28T19:38:27.502147+00:00,1790624307,10497,"Astana, US Embassy, Kazakhstan (Нұр-Сұлтан, АҚШ елшілігі)",51.125286,71.46722,,,9.1,29.9,2.9,0.1,30,so2,2026-09-29T00:00:00+06:00,1.6,35,2.8,,,,,,,,,,,,,,,,,,2.99,75,1032,5,80,clear sky,0
Ust-Kamenogorsk,2026-09-28T23:55:09.281513+00:00,1790639709,517390,"Серікбаев көшесі, 19",49.956986944444,82.592090555556,5,1,1,53,2,4,4,pm25,2026-09-28T23:00:00Z,0.9,41,0,UMZ,1.02,,304.9,214.9,,282.5,,3.31,3.12,,1.02,,0,1,,0,-4.01,86,1027,1,0,clear sky,0
Ust-Kamenogorsk,2026-09-28T23:55:09.281513+00:00,1790639709,517402,"Лев Толстой к-сі, 18",49.944817777778,82.653340277778,8,2,,0,1,1,8,pm25,2026-09-28T23:00:00Z,0.9,43,0,CHP,1.76,,72.2,146.4,,108.5,,1.76,4.7,,3.58,,0,1,,0,-4.01,86,1027,1,0,clear sky,0
Ust-Kamenogorsk,2026-09-28T23:55:09.281513+00:00,1790639709,517507,"М. Тынышпаев к-сі, 126",50.009261944444,82.564498888889,0,0,61,0,21,,-,pm25,2026-08-26T09:00:00Z,806.9,69,0,Kazzinc,4.97,,328.7,310.9,,333.8,,9.02,4.97,,6.73,,0,0,,0,-4.01,86,1027,1,0,clear sky,0
Karaganda,2026-09-28T23:55:09.281513+00:00,1790639709,506290,Майқұдық,49.89696663495,73.21133762598,3,1,,,,,3,pm25,2026-09-28T23:48:42Z,0.1,54,0,,,,,,,,,,,,,,,,,,-2.05,58,1031,4.21,69,clear sky,0
Karaganda,2026-09-28T23:55:09.281513+00:00,1790639709,517423,"Мұқанов көшесі,57/3",49.786533888889,73.168150833333,211,113,0,1,2,1,-,pm25,2026-07-02T11:00:00Z,2124.9,45,0,,,,,,,,,,,,,,,,,,-2.05,58,1031,4.21,69,clear sky,0
Pavlodar,2026-09-28T23:55:09.281513+00:00,1790639709,520273,  Торайғыров генералы Дүйсенов көшесі,52.294865277778,76.942828333333,31,20,24,2,0,0,31,pm25,2026-09-28T23:00:00Z,0.9,38,0,AluminiumSmelter,7.57,254.6,,,,,7.57,,,,,1,,,,,-0.08,80,1035,3,30,clear sky,0
Pavlodar,2026-09-28T23:55:09.281513+00:00,1790639709,537550,"Естай к-сі, 54",52.281193333333,76.946898055556,4,1,0,3,3,2,4,pm25,2026-09-28T23:00:00Z,0.9,31,0,AluminiumSmelter,7.86,243.3,,,,,7.86,,,,,1,,,,,-0.08,80,1035,3,30,clear sky,0
Pavlodar,2026-09-28T23:55:09.281513+00:00,1790639709,573904,Каз. Правда  к-сі,52.252530555556,76.974843611111,,,3,3,0,7,7,pm25,2026-09-28T23:00:00Z,0.9,43,0,AluminiumSmelter,8.46,217.3,,,,,8.46,,,,,1,,,,,-0.08,80,1035,3,30,clear sky,0
Pavlodar,2026-09-28T23:55:09.281513+00:00,1790639709,573907,Ломов к-сі (ПМУ),52.264703055556,76.9640775,,,,0,0,0,0,pm25,2026-09-28T23:00:00Z,0.9,35,0,AluminiumSmelter,7.95,227.5,,,,,7.95,,,,,1,,,,,-0.08,80,1035,3,30,clear sky,0
Pavlodar,2026-09-28T23:55:09.281513+00:00,1790639709,114532,Пед. колледж,52.2789,76.9384,32,7,,,,,-,pm25,2026-09-22T10:42:07Z,157.2,32,0,AluminiumSmelter,8.49,243.5,,,,,8.49,,,,,1,,,,,-0.08,80,1035,3,30,clear sky,0
Astana,2026-09-28T23:55:09.281513+00:00,1790639709,10497,"Astana, US Embassy, Kazakhstan (Нұр-Сұлтан, АҚШ елшілігі)",51.125286,71.46722,,,4.2,25.3,2.2,0.1,25,so2,2026-09-29T04:00:00+06:00,1.9,36,0,,,,,,,,,,,,,,,,,,0.99,75,1033,6,60,clear sky,0
Ust-Kamenogorsk,2026-09-29T05:38:13.425335+00:00,1790660293,517390,"Серікбаев көшесі, 19",49.956986944444,82.592090555556,5,1,1,53,3,4,4,pm25,2026-09-29T04:00:00Z,1.6,41,0,UMZ,1.02,,304.9,214.9,,282.5,,3.31,3.12,,1.02,,0,0,,0,9.99,43,1027,2,270,clear sky,0
Ust-Kamenogorsk,2026-09-29T05:38:13.425335+00:00,1790660293,517402,"Лев Толстой к-сі, 18",49.944817777778,82.653340277778,11,2,,0,2,1,11,pm25,2026-09-29T04:00:00Z,1.6,43,0,CHP,1.76,,72.2,146.4,,108.5,,1.76,4.7,,3.58,,1,1,,1,9.99,43,1027,2,270,clear sky,0
Ust-Kamenogorsk,2026-09-29T05:38:13.425335+00:00,1790660293,517507,"М. Тынышпаев к-сі, 126",50.009261944444,82.564498888889,0,0,61,0,21,,-,pm25,2026-08-26T09:00:00Z,812.6,69,0,Kazzinc,4.97,,328.7,310.9,,333.8,,9.02,4.97,,6.73,,0,0,,0,9.99,43,1027,2,270,clear sky,0
Karaganda,2026-09-29T05:38:13.425335+00:00,1790660293,506290,Майқұдық,49.89696663495,73.21133762598,4,1,,,,,4,pm25,2026-09-29T05:32:01Z,0.1,54,0,,,,,,,,,,,,,,,,,,10.95,24,1029,9.44,76,clear sky,0
Karaganda,2026-09-29T05:38:13.425335+00:00,1790660293,517423,"Мұқанов көшесі,57/3",49.786533888889,73.168150833333,211,113,0,2,2,1,-,pm25,2026-07-02T11:00:00Z,2130.6,40,11.1,,,,,,,,,,,,,,,,,,10.95,24,1029,9.44,76,clear sky,0
Pavlodar,2026-09-29T05:38:13.425335+00:00,1790660293,520273,  Торайғыров генералы Дүйсенов көшесі,52.294865277778,76.942828333333,47,39,24,3,0,0,47,pm25,2026-09-29T04:00:00Z,1.6,31,18.4,AluminiumSmelter,7.57,254.6,,,,,7.57,,,,,1,,,,,12.92,35,1034,6,50,clear sky,0
Pavlodar,2026-09-29T05:38:13.425335+00:00,1790660293,537550,"Естай к-сі, 54",52.281193333333,76.946898055556,4,1,0,2,4,1,4,pm25,2026-09-29T04:00:00Z,1.6,31,0,AluminiumSmelter,7.86,243.3,,,,,7.86,,,,,1,,,,,12.92,35,1034,6,50,clear sky,0
Pavlodar,2026-09-29T05:38:13.425335+00:00,1790660293,573904,Каз. Правда  к-сі,52.252530555556,76.974843611111,,,9,3,0,7,7,pm25,2026-09-29T04:00:00Z,1.6,43,0,AluminiumSmelter,8.46,217.3,,,,,8.46,,,,,1,,,,,12.92,35,1034,6,50,clear sky,0
Pavlodar,2026-09-29T05:38:13.425335+00:00,1790660293,573907,Ломов к-сі (ПМУ),52.264703055556,76.9640775,,,,0,2,0,0,pm25,2026-09-29T04:00:00Z,1.6,35,0,AluminiumSmelter,7.95,227.5,,,,,7.95,,,,,1,,,,,12.92,35,1034,6,50,clear sky,0
Pavlodar,2026-09-29T05:38:13.425335+00:00,1790660293,114532,Пед. колледж,52.2789,76.9384,32,7,,,,,-,pm25,2026-09-22T10:42:07Z,162.9,32,0,AluminiumSmelter,8.49,243.5,,,,,8.49,,,,,1,,,,,12.92,35,1034,6,50,clear sky,0
Astana,2026-09-29T05:38:13.425335+00:00,1790660293,10497,"Astana, US Embassy, Kazakhstan (Нұр-Сұлтан, АҚШ елшілігі)",51.125286,71.46722,,,13.1,15.6,5.6,0.1,16,so2,2026-09-29T10:00:00+06:00,1.6,32,11.1,,,,,,,,,,,,,,,,,,10.99,40,1032,7,100,clear sky,0
Ust-Kamenogorsk,2026-09-29T11:33:14.843694+00:00,1790681594,517390,"Серікбаев көшесі, 19",49.956986944444,82.592090555556,5,1,1,53,2,13,13,pm25,2026-09-29T10:00:00Z,1.6,41,0,UMZ,1.02,,304.9,214.9,,282.5,,3.31,3.12,,1.02,,0,0,,0,18.99,19,1024,4,280,clear sky,0
Ust-Kamenogorsk,2026-09-29T11:33:14.843694+00:00,1790681594,517402,"Лев Толстой к-сі, 18",49.944817777778,82.653340277778,3,1,,0,1,2,3,pm25,2026-09-29T10:00:00Z,1.6,43,0,CHP,1.76,,72.2,146.4,,108.5,,1.76,4.7,,3.58,,1,1,,1,18.99,19,1024,4,280,clear sky,0
Ust-Kamenogorsk,2026-09-29T11:33:14.843694+00:00,1790681594,517507,"М. Тынышпаев к-сі, 126",50.009261944444,82.564498888889,0,0,61,0,21,,-,pm25,2026-08-26T09:00:00Z,818.6,69,0,Kazzinc,4.97,,328.7,310.9,,333.8,,9.02,4.97,,6.73,,0,0,,0,18.99,19,1024,4,280,clear sky,0
Karaganda,2026-09-29T11:33:14.843694+00:00,1790681594,506290,Майқұдық,49.89696663495,73.21133762598,0,0,,,,,0,pm25,2026-09-29T11:27:39Z,0.1,48,11.1,,,,,,,,,,,,,,,,,,15.95,16,1026,8.95,68,clear sky,0
Karaganda,2026-09-29T11:33:14.843694+00:00,1790681594,517423,"Мұқанов көшесі,57/3",49.786533888889,73.168150833333,211,113,0,1,2,1,-,pm25,2026-07-02T11:00:00Z,2136.6,45,0,,,,,,,,,,,,,,,,,,15.95,16,1026,8.95,68,clear sky,0
Pavlodar,2026-09-29T11:33:14.843694+00:00,1790681594,520273,  Торайғыров генералы Дүйсенов көшесі,52.294865277778,76.942828333333,27,22,24,5,6,0,27,pm25,2026-09-29T10:00:00Z,1.6,30,21.1,AluminiumSmelter,7.57,254.6,,,,,7.57,,,,,0,,,,,18.92,39,1030,5,10,clear sky,0
Pavlodar,2026-09-29T11:33:14.843694+00:00,1790681594,537550,"Естай к-сі, 54",52.281193333333,76.946898055556,4,1,0,2,3,2,4,pm25,2026-09-29T10:00:00Z,1.6,31,0,AluminiumSmelter,7.86,243.3,,,,,7.86,,,,,1,,,,,18.92,39,1030,5,10,clear sky,0
Pavlodar,2026-09-29T11:33:14.843694+00:00,1790681594,573904,Каз. Правда  к-сі,52.252530555556,76.974843611111,,,8,4,0,7,7,pm25,2026-09-29T10:00:00Z,1.6,43,0,AluminiumSmelter,8.46,217.3,,,,,8.46,,,,,1,,,,,18.92,39,1030,5,10,clear sky,0
Pavlodar,2026-09-29T11:33:14.843694+00:00,1790681594,573907,Ломов к-сі (ПМУ),52.264703055556,76.9640775,,,,0,0,0,0,pm25,2026-09-29T10:00:00Z,1.6,25,26.5,AluminiumSmelter,7.95,227.5,,,,,7.95,,,,,1,,,,,18.92,39,1030,5,10,clear sky,0
Pavlodar,2026-09-29T11:33:14.843694+00:00,1790681594,114532,Пед. колледж,52.2789,76.9384,32,7,,,,,-,pm25,2026-09-22T10:42:07Z,168.9,26,18.8,AluminiumSmelter,8.49,243.5,,,,,8.49,,,,,1,,,,,18.92,39,1030,5,10,clear sky,0
Astana,2026-09-29T11:33:14.843694+00:00,1790681594,10497,"Astana, US Embassy, Kazakhstan (Нұр-Сұлтан, АҚШ елшілігі)",51.125286,71.46722,,,2.4,13.7,2.7,0.1,14,so2,2026-09-29T14:00:00+06:00,3.6,31,13.9,,,,,,,,,,,,,,,,,,15.99,20,1029,10,80,clear sky,0
Ust-Kamenogorsk,2026-09-29T17:00:17.912062+00:00,1790701217,517390,"Серікбаев көшесі, 19",49.956986944444,82.592090555556,5,1,1,53,12,1,1,pm25,2026-09-29T16:00:00Z,1.0,41,0,UMZ,1.02,,304.9,214.9,,282.5,,3.31,3.12,,1.02,,1,0,,1,4.99,48,1025,2,140,clear sky,0
Ust-Kamenogorsk,2026-09-29T17:00:17.912062+00:00,1790701217,517402,"Лев Толстой к-сі, 18",49.944817777778,82.653340277778,4,1,,0,1,1,4,pm25,2026-09-29T16:00:00Z,1.0,43,0,CHP,1.76,,72.2,146.4,,108.5,,1.76,4.7,,3.58,,0,0,,0,4.99,48,1025,2,140,clear sky,0
Ust-Kamenogorsk,2026-09-29T17:00:17.912062+00:00,1790701217,517507,"М. Тынышпаев к-сі, 126",50.009261944444,82.564498888889,0,0,61,0,21,,-,pm25,2026-08-26T09:00:00Z,824.0,69,0,Kazzinc,4.97,,328.7,310.9,,333.8,,9.02,4.97,,6.73,,1,1,,1,4.99,48,1025,2,140,clear sky,0
Karaganda,2026-09-29T17:00:17.912062+00:00,1790701217,506290,Майқұдық,49.89696663495,73.21133762598,26,6,,,,,26,pm25,2026-09-29T16:52:55Z,0.1,54,0,,,,,,,,,,,,,,,,,,5.95,29,1027,6.66,73,clear sky,0
Karaganda,2026-09-29T17:00:17.912062+00:00,1790701217,517423,"Мұқанов көшесі,57/3",49.786533888889,73.168150833333,211,113,0,1,2,1,-,pm25,2026-07-02T11:00:00Z,2142.0,45,0,,,,,,,,,,,,,,,,,,5.95,29,1027,6.66,73,clear sky,0
Pavlodar,2026-09-29T17:00:17.912062+00:00,1790701217,520273,  Торайғыров генералы Дүйсенов көшесі,52.294865277778,76.942828333333,60,42,24,3,57,0,60,pm25,2026-09-29T16:00:00Z,1.0,38,0,AluminiumSmelter,7.57,254.6,,,,,7.57,,,,,1,,,,,11.15,71,1030,3.08,42,clear sky,0
Pavlodar,2026-09-29T17:00:17.912062+00:00,1790701217,537550,"Естай к-сі, 54",52.281193333333,76.946898055556,4,1,0,3,6,1,4,pm25,2026-09-29T16:00:00Z,1.0,31,0,AluminiumSmelter,7.86,243.3,,,,,7.86,,,,,1,,,,,11.15,71,1030,3.08,42,clear sky,0
Pavlodar,2026-09-29T17:00:17.912062+00:00,1790701217,573904,Каз. Правда  к-сі,52.252530555556,76.974843611111,,,18,5,0,7,7,pm25,2026-09-29T16:00:00Z,1.0,43,0,AluminiumSmelter,8.46,217.3,,,,,8.46,,,,,1,,,,,11.15,71,1030,3.08,42,clear sky,0
Pavlodar,2026-09-29T17:00:17.912062+00:00,1790701217,573907,Ломов к-сі (ПМУ),52.264703055556,76.9640775,,,,0,10,0,0,pm25,2026-09-29T16:00:00Z,1.0,35,0,AluminiumSmelter,7.95,227.5,,,,,7.95,,,,,1,,,,,11.15,71,1030,3.08,42,clear sky,0
Pavlodar,2026-09-29T17:00:17.912062+00:00,1790701217,114532,Пед. колледж,52.2789,76.9384,32,7,,,,,-,pm25,2026-09-22T10:42:07Z,174.3,32,0,AluminiumSmelter,8.49,243.5,,,,,8.49,,,,,1,,,,,11.15,71,1030,3.08,42,clear sky,0
Astana,2026-09-29T17:00:17.912062+00:00,1790701217,10497,"Astana, US Embassy, Kazakhstan (Нұр-Сұлтан, АҚШ елшілігі)",51.125286,71.46722,,,8.5,15.2,3.7,0.1,15,so2,2026-09-29T21:00:00+06:00,2.0,33,8.3,,,,,,,,,,,,,,,,,,11.99,62,1029,10,70,clear sky,0
Ust-Kamenogorsk,2026-09-29T21:22:34.080778+00:00,1790716954,517390,"Серікбаев көшесі, 19",49.956986944444,82.592090555556,5,1,1,53,4,3,3,pm25,2026-09-29T21:00:00Z,0.4,41,0,UMZ,1.02,,304.9,214.9,,282.5,,3.31,3.12,,1.02,,0,1,,0,-1.01,69,1025,1,0,clear sky,0
Ust-Kamenogorsk,2026-09-29T21:22:34.080778+00:00,1790716954,517402,"Лев Толстой к-сі, 18",49.944817777778,82.653340277778,10,2,,0,2,1,10,pm25,2026-09-29T21:00:00Z,0.4,43,0,CHP,1.76,,72.2,146.4,,108.5,,1.76,4.7,,3.58,,0,1,,0,-1.01,69,1025,1,0,clear sky,0
Ust-Kamenogorsk,2026-09-29T21:22:34.080778+00:00,1790716954,517507,"М. Тынышпаев к-сі, 126",50.009261944444,82.564498888889,0,0,61,0,21,,-,pm25,2026-08-26T09:00:00Z,828.4,69,0,Kazzinc,4.97,,328.7,310.9,,333.8,,9.02,4.97,,6.73,,0,0,,0,-1.01,69,1025,1,0,clear sky,0
Karaganda,2026-09-29T21:22:34.080778+00:00,1790716954,506290,Майқұдық,49.89696663495,73.21133762598,20,6,,,,,20,pm25,2026-09-29T21:15:31Z,0.1,54,0,,,,,,,,,,,,,,,,,,1.95,47,1026,5.16,70,clear sky,0
Karaganda,2026-09-29T21:22:34.080778+00:00,1790716954,517423,"Мұқанов көшесі,57/3",49.786533888889,73.168150833333,211,113,0,2,2,1,-,pm25,2026-07-02T11:00:00Z,2146.4,45,0,,,,,,,,,,,,,,,,,,1.95,47,1026,5.16,70,clear sky,0
Pavlodar,2026-09-29T21:22:34.080778+00:00,1790716954,520273,  Торайғыров генералы Дүйсенов көшесі,52.294865277778,76.942828333333,52,23,24,2,0,0,52,pm25,2026-09-29T21:00:00Z,0.4,38,0,AluminiumSmelter,7.57,254.6,,,,,7.57,,,,,1,,,,,10.12,83,1029,2.61,22,clear sky,0
Pavlodar,2026-09-29T21:22:34.080778+00:00,1790716954,537550,"Естай к-сі, 54",52.281193333333,76.946898055556,4,1,0,2,4,1,4,pm25,2026-09-29T21:00:00Z,0.4,31,0,AluminiumSmelter,7.86,243.3,,,,,7.86,,,,,1,,,,,10.12,83,1029,2.61,22,clear sky,0
Pavlodar,2026-09-29T21:22:34.080778+00:00,1790716954,573904,Каз. Правда  к-сі,52.252530555556,76.974843611111,,,16,3,29,7,7,pm25,2026-09-29T21:00:00Z,0.4,43,0,AluminiumSmelter,8.46,217.3,,,,,8.46,,,,,1,,,,,10.12,83,1029,2.61,22,clear sky,0
Pavlodar,2026-09-29T21:22:34.080778+00:00,1790716954,573907,Ломов к-сі (ПМУ),52.264703055556,76.9640775,,,,0,8,0,0,pm25,2026-09-29T20:00:00Z,1.4,35,0,AluminiumSmelter,7.95,227.5,,,,,7.95,,,,,1,,,,,10.12,83,1029,2.61,22,clear sky,0
Pavlodar,2026-09-29T21:22:34.080778+00:00,1790716954,114532,Пед. колледж,52.2789,76.9384,32,7,,,,,-,pm25,2026-09-22T10:42:07Z,178.7,32,0,AluminiumSmelter,8.49,243.5,,,,,8.49,,,,,1,,,,,10.12,83,1029,2.61,22,clear sky,0
Astana,2026-09-29T21:22:34.080778+00:00,1790716954,10497,"Astana, US Embassy, Kazakhstan (Нұр-Сұлтан, АҚШ елшілігі)",51.125286,71.46722,,,1,14.9,2,0.1,15,so2,2026-09-30T03:00:00+06:00,0.4,36,0,,,,,,,,,,,,,,,,,,9.99,71,1027,8,70,clear sky,0
Ust-Kamenogorsk,2026-09-30T00:45:02.722985+00:00,1790729102,517390,"Серікбаев көшесі, 19",49.956986944444,82.592090555556,5,1,1,53,3,3,3,pm25,2026-09-30T00:00:00Z,0.8,41,0,UMZ,1.02,,304.9,214.9,,282.5,,3.31,3.12,,1.02,,0,1,,0,-4.01,74,1025,0,0,clear sky,0
Ust-Kamenogorsk,2026-09-30T00:45:02.722985+00:00,1790729102,517402,"Лев Толстой к-сі, 18",49.944817777778,82.653340277778,5,2,,0,1,1,5,pm25,2026-09-30T00:00:00Z,0.8,43,0,CHP,1.76,,72.2,146.4,,108.5,,1.76,4.7,,3.58,,0,1,,0,-4.01,74,1025,0,0,clear sky,0
Ust-Kamenogorsk,2026-09-30T00:45:02.722985+00:00,1790729102,517507,"М. Тынышпаев к-сі, 126",50.009261944444,82.564498888889,0,0,61,0,21,,-,pm25,2026-08-26T09:00:00Z,831.8,69,0,Kazzinc,4.97,,328.7,310.9,,333.8,,9.02,4.97,,6.73,,0,0,,0,-4.01,74,1025,0,0,clear sky,0
Karaganda,2026-09-30T00:45:02.722985+00:00,1790729102,506290,Майқұдық,49.89696663495,73.21133762598,55,14,,,,,55,pm25,2026-09-30T00:38:49Z,0.1,54,0,,,,,,,,,,,,,,,,,,0.95,69,1026,4.8,76,clear sky,0
Karaganda,2026-09-30T00:45:02.722985+00:00,1790729102,517423,"Мұқанов көшесі,57/3",49.786533888889,73.168150833333,211,113,0,2,1,1,-,pm25,2026-07-02T11:00:00Z,2149.8,45,0,,,,,,,,,,,,,,,,,,0.95,69,1026,4.8,76,clear sky,0
Pavlodar,2026-09-30T00:45:02.722985+00:00,1790729102,520273,  Торайғыров генералы Дүйсенов көшесі,52.294865277778,76.942828333333,46,24,24,2,0,0,46,pm25,2026-09-30T00:00:00Z,0.8,38,0,AluminiumSmelter,7.57,254.6,,,,,7.57,,,,,0,,,,,4.92,93,1028,1,0,clear sky,0
Pavlodar,2026-09-30T00:45:02.722985+00:00,1790729102,537550,"Естай к-сі, 54",52.281193333333,76.946898055556,4,1,0,2,3,1,4,pm25,2026-09-30T00:00:00Z,0.8,31,0,AluminiumSmelter,7.86,243.3,,,,,7.86,,,,,0,,,,,4.92,93,1028,1,0,clear sky,0
Pavlodar,2026-09-30T00:45:02.722985+00:00,1790729102,573904,Каз. Правда  к-сі,52.252530555556,76.974843611111,,,4,3,0,7,7,pm25,2026-09-30T00:00:00Z,0.8,43,0,AluminiumSmelter,8.46,217.3,,,,,8.46,,,,,1,,,,,4.92,93,1028,1,0,clear sky,0
Pavlodar,2026-09-30T00:45:02.722985+00:00,1790729102,573907,Ломов к-сі (ПМУ),52.264703055556,76.9640775,,,,0,0,0,0,pm25,2026-09-30T00:00:00Z,0.8,35,0,AluminiumSmelter,7.95,227.5,,,,,7.95,,,,,1,,,,,4.92,93,1028,1,0,clear sky,0
Pavlodar,2026-09-30T00:45:02.722985+00:00,1790729102,114532,Пед. колледж,52.2789,76.9384,32,7,,,,,-,pm25,2026-09-22T10:42:07Z,182.0,32,0,AluminiumSmelter,8.49,243.5,,,,,8.49,,,,,0,,,,,4.92,93,1028,1,0,clear sky,0
Astana,2026-09-30T00:45:02.722985+00:00,1790729102,10497,"Astana, US Embassy, Kazakhstan (Нұр-Сұлтан, АҚШ елшілігі)",51.125286,71.46722,,,3.5,16,2.6,0.1,16,so2,2026-09-30T06:00:00+06:00,0.8,36,0,,,,,,,,,,,,,,,,,,5.99,87,1027,0,0,clear sky,0
Ust-Kamenogorsk,2026-09-30T05:59:32.691479+00:00,1790747972,517390,"Серікбаев көшесі, 19",49.956986944444,82.592090555556,5,1,1,53,5,6,6,pm25,2026-09-30T05:00:00Z,1.0,41,0,UMZ,1.02,,304.9,214.9,,282.5,,3.31,3.12,,1.02,,0,1,,0,14.99,31,1022,1,0,clear sky,0
Ust-Kamenogorsk,2026-09-30T05:59:32.691479+00:00,1790747972,517402,"Лев Толстой к-сі, 18",49.944817777778,82.653340277778,3,1,,0,1,1,3,pm25,2026-09-30T05:00:00Z,1.0,43,0,CHP,1.76,,72.2,146.4,,108.5,,1.76,4.7,,3.58,,0,1,,0,14.99,31,1022,1,0,clear sky,0
Ust-Kamenogorsk,2026-09-30T05:59:32.691479+00:00,1790747972,517507,"М. Тынышпаев к-сі, 126",50.009261944444,82.564498888889,0,0,61,0,21,,-,pm25,2026-08-26T09:00:00Z,837.0,69,0,Kazzinc,4.97,,328.7,310.9,,333.8,,9.02,4.97,,6.73,,0,0,,0,14.99,31,1022,1,0,clear sky,0
Karaganda,2026-09-30T05:59:32.691479+00:00,1790747972,506290,Майқұдық,49.89696663495,73.21133762598,26,6,,,,,26,pm25,2026-09-30T05:52:52Z,0.1,54,0,,,,,,,,,,,,,,,,,,15.95,33,1023,10.05,85,clear sky,0
Karaganda,2026-09-30T05:59:32.691479+00:00,1790747972,517423,"Мұқанов көшесі,57/3",49.786533888889,73.168150833333,211,113,1,2,1,1,-,pm25,2026-07-02T11:00:00Z,2155.0,39,13.3,,,,,,,,,,,,,,,,,,15.95,33,1023,10.05,85,clear sky,0
Pavlodar,2026-09-30T05:59:32.691479+00:00,1790747972,520273,  Торайғыров генералы Дүйсенов көшесі,52.294865277778,76.942828333333,76,58,24,3,0,0,76,pm25,2026-09-30T05:00:00Z,1.0,32,17.9,AluminiumSmelter,7.57,254.6,,,,,7.57,,,,,1,,,,,17.92,55,1027,5,30,clear sky,0
Pavlodar,2026-09-30T05:59:32.691479+00:00,1790747972,537550,"Естай к-сі, 54",52.281193333333,76.946898055556,4,1,0,3,4,1,4,pm25,2026-09-30T05:00:00Z,1.0,31,0,AluminiumSmelter,7.86,243.3,,,,,7.86,,,,,1,,,,,17.92,55,1027,5,30,clear sky,0
Pavlodar,2026-09-30T05:59:32.691479+00:00,1790747972,573904,Каз. Правда  к-сі,52.252530555556,76.974843611111,,,15,4,0,7,7,pm25,2026-09-30T05:00:00Z,1.0,43,0,AluminiumSmelter,8.46,217.3,,,,,8.46,,,,,1,,,,,17.92,55,1027,5,30,clear sky,0
Pavlodar,2026-09-30T05:59:32.691479+00:00,1790747972,573907,Ломов к-сі (ПМУ),52.264703055556,76.9640775,,,,0,3,0,0,pm25,2026-09-30T05:00:00Z,1.0,35,0,AluminiumSmelter,7.95,227.5,,,,,7.95,,,,,1,,,,,17.92,55,1027,5,30,clear sky,0
Pavlodar,2026-09-30T05:59:32.691479+00:00,1790747972,114532,Пед. колледж,52.2789,76.9384,32,7,,,,,-,pm25,2026-09-22T10:42:07Z,187.3,32,0,AluminiumSmelter,8.49,243.5,,,,,8.49,,,,,1,,,,,17.92,55,1027,5,30,clear sky,0
Astana,2026-09-30T05:59:32.691479+00:00,1790747972,10497,"Astana, US Embassy, Kazakhstan (Нұр-Сұлтан, АҚШ елшілігі)",51.125286,71.46722,,,4.5,15.3,2.5,0.1,15,so2,2026-09-30T11:00:00+06:00,1.0,32,11.1,,,,,,,,,,,,,,,,,,15.99,55,1025,8,80,clear sky,0
Ust-Kamenogorsk,2026-09-30T12:28:09.083648+00:00,1790771289,517390,"Серікбаев көшесі, 19",49.956986944444,82.592090555556,5,1,1,53,5,7,7,pm25,2026-09-30T12:00:00Z,0.5,28,31.7,UMZ,1.02,,304.9,214.9,,282.5,,3.31,3.12,,1.02,,0,0,,0,17.99,29,1019,3,300,clear sky,0
Ust-Kamenogorsk,2026-09-30T12:28:09.083648+00:00,1790771289,517402,"Лев Толстой к-сі, 18",49.944817777778,82.653340277778,4,1,,0,0,2,4,pm25,2026-09-30T12:00:00Z,0.5,38,11.6,CHP,1.76,,72.2,146.4,,108.5,,1.76,4.7,,3.58,,1,1,,1,17.99,29,1019,3,300,clear sky,0
Ust-Kamenogorsk,2026-09-30T12:28:09.083648+00:00,1790771289,517507,"М. Тынышпаев к-сі, 126",50.009261944444,82.564498888889,0,0,61,0,21,,-,pm25,2026-08-26T09:00:00Z,843.5,69,0,Kazzinc,4.97,,328.7,310.9,,333.8,,9.02,4.97,,6.73,,0,0,,0,17.99,29,1019,3,300,clear sky,0
Karaganda,2026-09-30T12:28:09.083648+00:00,1790771289,506290,Майқұдық,49.89696663495,73.21133762598,10,2,,,,,10,pm25,2026-09-30T12:23:24Z,0.1,44,18.5,,,,,,,,,,,,,,,,,,17.95,32,1019,8.7,81,clear sky,0
Karaganda,2026-09-30T12:28:09.083648+00:00,1790771289,517423,"Мұқанов көшесі,57/3",49.786533888889,73.168150833333,211,113,3,0,1,1,-,pm25,2026-07-02T11:00:00Z,2161.5,35,23.9,,,,,,,,,,,,,,,,,,17.95,32,1019,8.7,81,clear sky,0
Pavlodar,2026-09-30T12:28:09.083648+00:00,1790771289,520273,  Торайғыров генералы Дүйсенов көшесі,52.294865277778,76.942828333333,37,29,24,6,0,3,37,pm25,2026-09-30T12:00:00Z,0.5,22,42.1,AluminiumSmelter,7.57,254.6,,,,,7.57,,,,,1,,,,,17.92,45,1025,6,70,clear sky,0
Pavlodar,2026-09-30T12:28:09.083648+00:00,1790771289,537550,"Естай к-сі, 54",52.281193333333,76.946898055556,4,1,0,3,4,2,4,pm25,2026-09-30T12:00:00Z,0.5,24,20.0,AluminiumSmelter,7.86,243.3,,,,,7.86,,,,,1,,,,,17.92,45,1025,6,70,clear sky,0
Pavlodar,2026-09-30T12:28:09.083648+00:00,1790771289,573904,Каз. Правда  к-сі,52.252530555556,76.974843611111,,,12,5,0,7,7,pm25,2026-09-30T12:00:00Z,0.5,43,0,AluminiumSmelter,8.46,217.3,,,,,8.46,,,,,1,,,,,17.92,45,1025,6,70,clear sky,0
Pavlodar,2026-09-30T12:28:09.083648+00:00,1790771289,573907,Ломов к-сі (ПМУ),52.264703055556,76.9640775,,,,0,0,0,0,pm25,2026-09-30T12:00:00Z,0.5,17,50.0,AluminiumSmelter,7.95,227.5,,,,,7.95,,,,,1,,,,,17.92,45,1025,6,70,clear sky,0
Pavlodar,2026-09-30T12:28:09.083648+00:00,1790771289,114532,Пед. колледж,52.2789,76.9384,32,7,,,,,-,pm25,2026-09-22T10:42:07Z,193.8,25,24.2,AluminiumSmelter,8.49,243.5,,,,,8.49,,,,,1,,,,,17.92,45,1025,6,70,clear sky,0
Astana,2026-09-30T12:28:09.083648+00:00,1790771289,10497,"Astana, US Embassy, Kazakhstan (Нұр-Сұлтан, АҚШ елшілігі)",51.125286,71.46722,,,6.4,28.9,2.1,0.1,29,so2,2026-09-30T18:00:00+06:00,0.5,29,19.4,,,,,,,,,,,,,,,,,,18.99,42,1021,9,70,clear sky,0
Ust-Kamenogorsk,2026-09-30T18:07:11.341889+00:00,1790791631,517390,"Серікбаев көшесі, 19",49.956986944444,82.592090555556,5,1,1,53,13,1,1,pm25,2026-09-30T17:00:00Z,1.1,41,0,UMZ,1.02,,304.9,214.9,,282.5,,3.31,3.12,,1.02,,1,0,,1,2.77,69,1019,0.23,130,clear sky,0
Ust-Kamenogorsk,2026-09-30T18:07:11.341889+00:00,1790791631,517402,"Лев Толстой к-сі, 18",49.944817777778,82.653340277778,3,1,,0,4,1,3,pm25,2026-09-30T17:00:00Z,1.1,43,0,CHP,1.76,,72.2,146.4,,108.5,,1.76,4.7,,3.58,,0,0,,0,2.77,69,1019,0.23,130,clear sky,0
Ust-Kamenogorsk,2026-09-30T18:07:11.341889+00:00,1790791631,517507,"М. Тынышпаев к-сі, 126",50.009261944444,82.564498888889,0,0,61,0,21,,-,pm25,2026-08-26T09:00:00Z,849.1,69,0,Kazzinc,4.97,,328.7,310.9,,333.8,,9.02,4.97,,6.73,,1,1,,1,2.77,69,1019,0.23,130,clear sky,0
Karaganda,2026-09-30T18:07:11.341889+00:00,1790791631,506290,Майқұдық,49.89696663495,73.21133762598,46,10,,,,,46,pm25,2026-09-30T17:58:35Z,0.1,54,0,,,,,,,,,,,,,,,,,,7.95,65,1020,5.9,88,clear sky,0
Karaganda,2026-09-30T18:07:11.341889+00:00,1790791631,517423,"Мұқанов көшесі,57/3",49.786533888889,73.168150833333,211,113,1,0,1,1,-,pm25,2026-07-02T11:00:00Z,2167.1,45,0,,,,,,,,,,,,,,,,,,7.95,65,1020,5.9,88,clear sky,0
Pavlodar,2026-09-30T18:07:11.341889+00:00,1790791631,520273,  Торайғыров генералы Дүйсенов көшесі,52.294865277778,76.942828333333,24,15,24,4,4,1,24,pm25,2026-09-30T17:00:00Z,1.1,38,0,AluminiumSmelter,7.57,254.6,,,,,7.57,,,,,1,,,,,11.78,54,1025,5.04,76,clear sky,0
Pavlodar,2026-09-30T18:07:11.341889+00:00,1790791631,537550,"Естай к-сі, 54",52.281193333333,76.946898055556,4,1,0,3,3,1,4,pm25,2026-09-30T17:00:00Z,1.1,31,0,AluminiumSmelter,7.86,243.3,,,,,7.86,,,,,1,,,,,11.78,54,1025,5.04,76,clear sky,0
Pavlodar,2026-09-30T18:07:11.341889+00:00,1790791631,573904,Каз. Правда  к-сі,52.252530555556,76.974843611111,,,6,4,0,7,7,pm25,2026-09-30T17:00:00Z,1.1,43,0,AluminiumSmelter,8.46,217.3,,,,,8.46,,,,,1,,,,,11.78,54,1025,5.04,76,clear sky,0
Pavlodar,2026-09-30T18:07:11.341889+00:00,1790791631,573907,Ломов к-сі (ПМУ),52.264703055556,76.9640775,,,,0,0,0,0,pm25,2026-09-30T17:00:00Z,1.1,35,0,AluminiumSmelter,7.95,227.5,,,,,7.95,,,,,1,,,,,11.78,54,1025,5.04,76,clear sky,0
Pavlodar,2026-09-30T18:07:11.341889+00:00,1790791631,114532,Пед. колледж,52.2789,76.9384,32,7,,,,,-,pm25,2026-09-22T10:42:07Z,199.4,32,0,AluminiumSmelter,8.49,243.5,,,,,8.49,,,,,1,,,,,11.78,54,1025,5.04,76,clear sky,0
Astana,2026-09-30T18:07:11.341889+00:00,1790791631,10497,"Astana, US Embassy, Kazakhstan (Нұр-Сұлтан, АҚШ елшілігі)",51.125286,71.46722,,,7.2,22.2,3.1,0.1,22,so2,2026-09-30T23:00:00+06:00,1.1,34,5.6,,,,,,,,,,,,,,,,,,11.99,66,1021,7,80,clear sky,0
Ust-Kamenogorsk,2026-09-30T22:11:20.388298+00:00,1790806280,517390,"Серікбаев көшесі, 19",49.956986944444,82.592090555556,5,1,1,53,7,1,1,pm25,2026-09-30T21:00:00Z,1.2,41,0,UMZ,1.02,,304.9,214.9,,282.5,,3.31,3.12,,1.02,,1,1,,1,5.35,81,1019,0.68,68,clear sky,0
Ust-Kamenogorsk,2026-09-30T22:11:20.388298+00:00,1790806280,517402,"Лев Толстой к-сі, 18",49.944817777778,82.653340277778,4,1,,0,2,1,4,pm25,2026-09-30T21:00:00Z,1.2,43,0,CHP,1.76,,72.2,146.4,,108.5,,1.76,4.7,,3.58,,0,0,,0,5.35,81,1019,0.68,68,clear sky,0
Ust-Kamenogorsk,2026-09-30T22:11:20.388298+00:00,1790806280,517507,"М. Тынышпаев к-сі, 126",50.009261944444,82.564498888889,0,0,61,0,21,,-,pm25,2026-08-26T09:00:00Z,853.2,69,0,Kazzinc,4.97,,328.7,310.9,,333.8,,9.02,4.97,,6.73,,0,0,,0,5.35,81,1019,0.68,68,clear sky,0
Karaganda,2026-09-30T22:11:20.388298+00:00,1790806280,506290,Майқұдық,49.89696663495,73.21133762598,29,8,,,,,29,pm25,2026-09-30T21:58:50Z,0.2,54,0,,,,,,,,,,,,,,,,,,6.95,72,1018,6.65,93,broken clouds,0
Karaganda,2026-09-30T22:11:20.388298+00:00,1790806280,517423,"Мұқанов көшесі,57/3",49.786533888889,73.168150833333,211,113,1,0,1,1,-,pm25,2026-07-02T11:00:00Z,2171.2,45,0,,,,,,,,,,,,,,,,,,6.95,72,1018,6.65,93,broken clouds,0
Pavlodar,2026-09-30T22:11:20.388298+00:00,1790806280,520273,  Торайғыров генералы Дүйсенов көшесі,52.294865277778,76.942828333333,30,13,24,3,0,1,30,pm25,2026-09-30T21:00:00Z,1.2,38,0,AluminiumSmelter,7.57,254.6,,,,,7.57,,,,,1,,,,,8.33,66,1025,3.49,80,clear sky,0
Pavlodar,2026-09-30T22:11:20.388298+00:00,1790806280,537550,"Естай к-сі, 54",52.281193333333,76.946898055556,4,1,0,2,3,1,4,pm25,2026-09-30T21:00:00Z,1.2,31,0,AluminiumSmelter,7.86,243.3,,,,,7.86,,,,,1,,,,,8.33,66,1025,3.49,80,clear sky,0
Pavlodar,2026-09-30T22:11:20.388298+00:00,1790806280,573904,Каз. Правда  к-сі,52.252530555556,76.974843611111,,,8,3,0,7,7,pm25,2026-09-30T21:00:00Z,1.2,43,0,AluminiumSmelter,8.46,217.3,,,,,8.46,,,,,1,,,,,8.33,66,1025,3.49,80,clear sky,0
Pavlodar,2026-09-30T22:11:20.388298+00:00,1790806280,573907,Ломов к-сі (ПМУ),52.264703055556,76.9640775,,,,0,0,0,0,pm25,2026-09-30T21:00:00Z,1.2,35,0,AluminiumSmelter,7.95,227.5,,,,,7.95,,,,,1,,,,,8.33,66,1025,3.49,80,clear sky,0
Pavlodar,2026-09-30T22:11:20.388298+00:00,1790806280,114532,Пед. колледж,52.2789,76.9384,32,7,,,,,-,pm25,2026-09-22T10:42:07Z,203.5,32,0,AluminiumSmelter,8.49,243.5,,,,,8.49,,,,,1,,,,,8.33,66,1025,3.49,80,clear sky,0
Astana,2026-09-30T22:11:20.388298+00:00,1790806280,10497,"Astana, US Embassy, Kazakhstan (Нұр-Сұлтан, АҚШ елшілігі)",51.125286,71.46722,,,1.6,16.9,2.6,0.1,17,so2,2026-10-01T03:00:00+06:00,1.2,36,0,,,,,,,,,,,,,,,,,,8.99,76,1019,5,70,clear sky,0
Ust-Kamenogorsk,2026-10-01T01:16:16.493640+00:00,1790817376,517390,"Серікбаев көшесі, 19",49.956986944444,82.592090555556,5,1,1,53,5,1,1,pm25,2026-10-01T01:00:00Z,0.3,41,0,UMZ,1.02,,304.9,214.9,,282.5,,3.31,3.12,,1.02,,0,1,,0,-3.01,93,1020,0,0,clear sky,1
Ust-Kamenogorsk,2026-10-01T01:16:16.493640+00:00,1790817376,517402,"Лев Толстой к-сі, 18",49.944817777778,82.653340277778,2,1,,0,2,1,2,pm25,2026-10-01T01:00:00Z,0.3,43,0,CHP,1.76,,72.2,146.4,,108.5,,1.76,4.7,,3.58,,0,1,,0,-3.01,93,1020,0,0,clear sky,1
Ust-Kamenogorsk,2026-10-01T01:16:16.493640+00:00,1790817376,517507,"М. Тынышпаев к-сі, 126",50.009261944444,82.564498888889,0,0,61,0,21,,-,pm25,2026-08-26T09:00:00Z,856.3,69,0,Kazzinc,4.97,,328.7,310.9,,333.8,,9.02,4.97,,6.73,,0,0,,0,-3.01,93,1020,0,0,clear sky,1
Karaganda,2026-10-01T01:16:16.493640+00:00,1790817376,506290,Майқұдық,49.89696663495,73.21133762598,109,35,,,,,109,pm25,2026-10-01T01:02:39Z,0.2,54,0,,,,,,,,,,,,,,,,,,6.95,70,1017,7.6,96,overcast clouds,1
Karaganda,2026-10-01T01:16:16.493640+00:00,1790817376,517423,"Мұқанов көшесі,57/3",49.786533888889,73.168150833333,211,113,0,0,2,1,-,pm25,2026-07-02T11:00:00Z,2174.3,45,0,,,,,,,,,,,,,,,,,,6.95,70,1017,7.6,96,overcast clouds,1
Pavlodar,2026-10-01T01:16:16.493640+00:00,1790817376,520273,  Торайғыров генералы Дүйсенов көшесі,52.294865277778,76.942828333333,32,13,24,2,0,1,32,pm25,2026-10-01T01:00:00Z,0.3,38,0,AluminiumSmelter,7.57,254.6,,,,,7.57,,,,,1,,,,,3.92,93,1025,6,80,clear sky,1
Pavlodar,2026-10-01T01:16:16.493640+00:00,1790817376,537550,"Естай к-сі, 54",52.281193333333,76.946898055556,4,1,0,2,2,1,4,pm25,2026-10-01T01:00:00Z,0.3,31,0,AluminiumSmelter,7.86,243.3,,,,,7.86,,,,,1,,,,,3.92,93,1025,6,80,clear sky,1
Pavlodar,2026-10-01T01:16:16.493640+00:00,1790817376,573904,Каз. Правда  к-сі,52.252530555556,76.974843611111,,,7,3,0,7,7,pm25,2026-10-01T01:00:00Z,0.3,43,0,AluminiumSmelter,8.46,217.3,,,,,8.46,,,,,1,,,,,3.92,93,1025,6,80,clear sky,1
Pavlodar,2026-10-01T01:16:16.493640+00:00,1790817376,573907,Ломов к-сі (ПМУ),52.264703055556,76.9640775,,,,0,0,0,0,pm25,2026-10-01T01:00:00Z,0.3,35,0,AluminiumSmelter,7.95,227.5,,,,,7.95,,,,,1,,,,,3.92,93,1025,6,80,clear sky,1
Pavlodar,2026-10-01T01:16:16.493640+00:00,1790817376,114532,Пед. колледж,52.2789,76.9384,32,7,,,,,-,pm25,2026-09-22T10:42:07Z,206.6,32,0,AluminiumSmelter,8.49,243.5,,,,,8.49,,,,,1,,,,,3.92,93,1025,6,80,clear sky,1
Astana,2026-10-01T01:16:16.493640+00:00,1790817376,10497,"Astana, US Embassy, Kazakhstan (Нұр-Сұлтан, АҚШ елшілігі)",51.125286,71.46722,,,1.2,15,1.8,0.1,15,so2,2026-10-01T07:00:00+06:00,0.3,35,2.8,,,,,,,,,,,,,,,,,,7.99,81,1018,6,70,overcast clouds,1
Ust-Kamenogorsk,2026-10-01T07:46:31.794110+00:00,1790840791,517390,"Серікбаев көшесі, 19",49.956986944444,82.592090555556,5,1,1,53,3,12,12,pm25,2026-10-01T07:00:00Z,0.8,41,0,UMZ,1.02,,304.9,214.9,,282.5,,3.31,3.12,,1.02,,0,0,,0,16.99,39,1016,2,280,clear sky,1
Ust-Kamenogorsk,2026-10-01T07:46:31.794110+00:00,1790840791,517402,"Лев Толстой к-сі, 18",49.944817777778,82.653340277778,2,1,,0,2,2,2,pm25,2026-10-01T07:00:00Z,0.8,37,14.0,CHP,1.76,,72.2,146.4,,108.5,,1.76,4.7,,3.58,,1,1,,1,16.99,39,1016,2,280,clear sky,1
Ust-Kamenogorsk,2026-10-01T07:46:31.794110+00:00,1790840791,517507,"М. Тынышпаев к-сі, 126",50.009261944444,82.564498888889,0,0,61,0,21,,-,pm25,2026-08-26T09:00:00Z,862.8,69,0,Kazzinc,4.97,,328.7,310.9,,333.8,,9.02,4.97,,6.73,,0,0,,0,16.99,39,1016,2,280,clear sky,1
Karaganda,2026-10-01T07:46:31.794110+00:00,1790840791,506290,Майқұдық,49.89696663495,73.21133762598,10,3,,,,,10,pm25,2026-10-01T07:37:19Z,0.2,54,0,,,,,,,,,,,,,,,,,,18.95,20,1014,3.77,164,overcast clouds,1
Karaganda,2026-10-01T07:46:31.794110+00:00,1790840791,517423,"Мұқанов көшесі,57/3",49.786533888889,73.168150833333,211,113,4,0,2,1,-,pm25,2026-07-02T11:00:00Z,2180.8,39,13.3,,,,,,,,,,,,,,,,,,18.95,20,1014,3.77,164,overcast clouds,1
Pavlodar,2026-10-01T07:46:31.794110+00:00,1790840791,520273,  Торайғыров генералы Дүйсенов көшесі,52.294865277778,76.942828333333,18,17,24,5,7,0,18,pm25,2026-10-01T07:00:00Z,0.8,38,0,AluminiumSmelter,7.57,254.6,,,,,7.57,,,,,1,,,,,15.92,33,1021,9,70,broken clouds,1
Pavlodar,2026-10-01T07:46:31.794110+00:00,1790840791,537550,"Естай к-сі, 54",52.281193333333,76.946898055556,4,1,0,2,4,1,4,pm25,2026-10-01T07:00:00Z,0.8,31,0,AluminiumSmelter,7.86,243.3,,,,,7.86,,,,,1,,,,,15.92,33,1021,9,70,broken clouds,1
Pavlodar,2026-10-01T07:46:31.794110+00:00,1790840791,573904,Каз. Правда  к-сі,52.252530555556,76.974843611111,,,10,17,0,7,7,pm25,2026-10-01T07:00:00Z,0.8,43,0,AluminiumSmelter,8.46,217.3,,,,,8.46,,,,,1,,,,,15.92,33,1021,9,70,broken clouds,1
Pavlodar,2026-10-01T07:46:31.794110+00:00,1790840791,573907,Ломов к-сі (ПМУ),52.264703055556,76.9640775,,,,0,1,0,0,pm25,2026-10-01T07:00:00Z,0.8,26,25.7,AluminiumSmelter,7.95,227.5,,,,,7.95,,,,,1,,,,,15.92,33,1021,9,70,broken clouds,1
Pavlodar,2026-10-01T07:46:31.794110+00:00,1790840791,114532,Пед. колледж,52.2789,76.9384,32,7,,,,,-,pm25,2026-09-22T10:42:07Z,213.1,26,18.8,AluminiumSmelter,8.49,243.5,,,,,8.49,,,,,1,,,,,15.92,33,1021,9,70,broken clouds,1
Astana,2026-10-01T07:46:31.794110+00:00,1790840791,10497,"Astana, US Embassy, Kazakhstan (Нұр-Сұлтан, АҚШ елшілігі)",51.125286,71.46722,,,3.8,14.9,2.7,0.1,15,so2,2026-10-01T13:00:00+06:00,0.8,32,11.1,,,,,,,,,,,,,,,,,,16.99,31,1015,8,120,overcast clouds,1
Ust-Kamenogorsk,2026-10-01T15:24:59.280744+00:00,1790868299,517390,"Серікбаев көшесі, 19",49.956986944444,82.592090555556,5,1,1,53,26,1,1,pm25,2026-10-01T14:00:00Z,1.4,41,0,UMZ,1.02,,304.9,214.9,,282.5,,3.31,3.12,,1.02,,1,1,,1,4.99,52,1015,2,70,broken clouds,1
Ust-Kamenogorsk,2026-10-01T15:24:59.280744+00:00,1790868299,517402,"Лев Толстой к-сі, 18",49.944817777778,82.653340277778,3,1,,0,3,1,3,pm25,2026-10-01T14:00:00Z,1.4,43,0,CHP,1.76,,72.2,146.4,,108.5,,1.76,4.7,,3.58,,0,0,,0,4.99,52,1015,2,70,broken clouds,1
Ust-Kamenogorsk,2026-10-01T15:24:59.280744+00:00,1790868299,517507,"М. Тынышпаев к-сі, 126",50.009261944444,82.564498888889,0,0,61,0,21,,-,pm25,2026-08-26T09:00:00Z,870.4,69,0,Kazzinc,4.97,,328.7,310.9,,333.8,,9.02,4.97,,6.73,,0,0,,0,4.99,52,1015,2,70,broken clouds,1
Karaganda,2026-10-01T15:24:59.280744+00:00,1790868299,506290,Майқұдық,49.89696663495,73.21133762598,90,30,,,,,90,pm25,2026-10-01T15:16:07Z,0.1,54,0,,,,,,,,,,,,,,,,,,5.95,84,1014,1.3,257,overcast clouds,1
Karaganda,2026-10-01T15:24:59.280744+00:00,1790868299,517423,"Мұқанов көшесі,57/3",49.786533888889,73.168150833333,211,113,8,0,5,1,-,pm25,2026-07-02T11:00:00Z,2188.4,40,11.1,,,,,,,,,,,,,,,,,,5.95,84,1014,1.3,257,overcast clouds,1
Pavlodar,2026-10-01T15:24:59.280744+00:00,1790868299,520273,  Торайғыров генералы Дүйсенов көшесі,52.294865277778,76.942828333333,40,24,24,4,18,0,40,pm25,2026-10-01T14:00:00Z,1.4,38,0,AluminiumSmelter,7.57,254.6,,,,,7.57,,,,,1,,,,,8.92,61,1019,8,70,overcast clouds,1
Pavlodar,2026-10-01T15:24:59.280744+00:00,1790868299,537550,"Естай к-сі, 54",52.281193333333,76.946898055556,4,1,0,2,6,1,4,pm25,2026-10-01T14:00:00Z,1.4,31,0,AluminiumSmelter,7.86,243.3,,,,,7.86,,,,,1,,,,,8.92,61,1019,8,70,overcast clouds,1
Pavlodar,2026-10-01T15:24:59.280744+00:00,1790868299,573904,Каз. Правда  к-сі,52.252530555556,76.974843611111,,,15,14,0,7,7,pm25,2026-10-01T14:00:00Z,1.4,43,0,AluminiumSmelter,8.46,217.3,,,,,8.46,,,,,1,,,,,8.92,61,1019,8,70,overcast clouds,1
Pavlodar,2026-10-01T15:24:59.280744+00:00,1790868299,573907,Ломов к-сі (ПМУ),52.264703055556,76.9640775,,,,0,2,0,0,pm25,2026-10-01T14:00:00Z,1.4,35,0,AluminiumSmelter,7.95,227.5,,,,,7.95,,,,,1,,,,,8.92,61,1019,8,70,overcast clouds,1
Pavlodar,2026-10-01T15:24:59.280744+00:00,1790868299,114532,Пед. колледж,52.2789,76.9384,32,7,,,,,-,pm25,2026-09-22T10:42:07Z,220.7,32,0,AluminiumSmelter,8.49,243.5,,,,,8.49,,,,,1,,,,,8.92,61,1019,8,70,overcast clouds,1
Astana,2026-10-01T15:24:59.280744+00:00,1790868299,10497,"Astana, US Embassy, Kazakhstan (Нұр-Сұлтан, АҚШ елшілігі)",51.125286,71.46722,,,11.6,15.4,4.4,0.1,15,so2,2026-10-01T20:00:00+06:00,1.4,31,13.9,,,,,,,,,,,,,,,,,,11.99,71,1013,2,310,overcast clouds,1
Ust-Kamenogorsk,2026-10-01T20:29:01.487254+00:00,1790886541,517390,"Серікбаев көшесі, 19",49.956986944444,82.592090555556,5,1,1,53,9,1,1,pm25,2026-10-01T19:00:00Z,1.5,41,0,UMZ,1.02,,304.9,214.9,,282.5,,3.31,3.12,,1.02,,0,1,,0,-1.01,69,1017,1,0,overcast clouds,1
Ust-Kamenogorsk,2026-10-01T20:29:01.487254+00:00,1790886541,517402,"Лев Толстой к-сі, 18",49.944817777778,82.653340277778,10,3,,0,3,1,10,pm25,2026-10-01T19:00:00Z,1.5,43,0,CHP,1.76,,72.2,146.4,,108.5,,1.76,4.7,,3.58,,0,1,,0,-1.01,69,1017,1,0,overcast clouds,1
Ust-Kamenogorsk,2026-10-01T20:29:01.487254+00:00,1790886541,517507,"М. Тынышпаев к-сі, 126",50.009261944444,82.564498888889,0,0,61,0,21,,-,pm25,2026-08-26T09:00:00Z,875.5,69,0,Kazzinc,4.97,,328.7,310.9,,333.8,,9.02,4.97,,6.73,,0,0,,0,-1.01,69,1017,1,0,overcast clouds,1
Karaganda,2026-10-01T20:29:01.487254+00:00,1790886541,506290,Майқұдық,49.89696663495,73.21133762598,48,12,,,,,48,pm25,2026-10-01T20:24:40Z,0.1,54,0,,,,,,,,,,,,,,,,,,2.95,91,1013,3.03,170,clear sky,1
Karaganda,2026-10-01T20:29:01.487254+00:00,1790886541,517423,"Мұқанов көшесі,57/3",49.786533888889,73.168150833333,211,113,8,0,13,1,-,pm25,2026-07-02T11:00:00Z,2193.5,45,0,,,,,,,,,,,,,,,,,,2.95,91,1013,3.03,170,clear sky,1
Pavlodar,2026-10-01T20:29:01.487254+00:00,1790886541,520273,  Торайғыров генералы Дүйсенов көшесі,52.294865277778,76.942828333333,22,14,24,4,0,0,22,pm25,2026-10-01T19:00:00Z,1.5,38,0,AluminiumSmelter,7.57,254.6,,,,,7.57,,,,,1,,,,,10.25,50,1016,4.46,88,overcast clouds,1
Pavlodar,2026-10-01T20:29:01.487254+00:00,1790886541,537550,"Естай к-сі, 54",52.281193333333,76.946898055556,4,1,0,2,3,1,4,pm25,2026-10-01T19:00:00Z,1.5,31,0,AluminiumSmelter,7.86,243.3,,,,,7.86,,,,,1,,,,,10.25,50,1016,4.46,88,overcast clouds,1
Pavlodar,2026-10-01T20:29:01.487254+00:00,1790886541,573904,Каз. Правда  к-сі,52.252530555556,76.974843611111,,,2,7,0,7,7,pm25,2026-10-01T19:00:00Z,1.5,43,0,AluminiumSmelter,8.46,217.3,,,,,8.46,,,,,1,,,,,10.25,50,1016,4.46,88,overcast clouds,1
Pavlodar,2026-10-01T20:29:01.487254+00:00,1790886541,573907,Ломов к-сі (ПМУ),52.264703055556,76.9640775,,,,0,0,0,0,pm25,2026-10-01T19:00:00Z,1.5,35,0,AluminiumSmelter,7.95,227.5,,,,,7.95,,,,,1,,,,,10.25,50,1016,4.46,88,overcast clouds,1
Pavlodar,2026-10-01T20:29:01.487254+00:00,1790886541,114532,Пед. колледж,52.2789,76.9384,32,7,,,,,-,pm25,2026-09-22T10:42:07Z,225.8,32,0,AluminiumSmelter,8.49,243.5,,,,,8.49,,,,,1,,,,,10.25,50,1016,4.46,88,overcast clouds,1
Astana,2026-10-01T20:29:01.487254+00:00,1790886541,10497,"Astana, US Embassy, Kazakhstan (Нұр-Сұлтан, АҚШ елшілігі)",51.125286,71.46722,,,14.4,17,5.6,0.1,17,so2,2026-10-02T01:00:00+06:00,1.5,30,6.2,,,,,,,,,,,,,,,,,,4.99,93,1012,4,190,clear sky,1
Ust-Kamenogorsk,2026-10-02T00:10:58.197032+00:00,1790899858,517390,"Серікбаев көшесі, 19",49.956986944444,82.592090555556,5,1,1,53,2,5,5,pm25,2026-10-02T00:00:00Z,0.2,41,0,UMZ,1.02,,304.9,214.9,,282.5,,3.31,3.12,,1.02,,0,1,,0,-0.01,74,1018,1,40,overcast clouds,1
Ust-Kamenogorsk,2026-10-02T00:10:58.197032+00:00,1790899858,517402,"Лев Толстой к-сі, 18",49.944817777778,82.653340277778,4,1,,0,1,1,4,pm25,2026-10-02T00:00:00Z,0.2,43,0,CHP,1.76,,72.2,146.4,,108.5,,1.76,4.7,,3.58,,0,0,,0,-0.01,74,1018,1,40,overcast clouds,1
Ust-Kamenogorsk,2026-10-02T00:10:58.197032+00:00,1790899858,517507,"М. Тынышпаев к-сі, 126",50.009261944444,82.564498888889,0,0,61,0,21,,-,pm25,2026-08-26T09:00:00Z,879.2,69,0,Kazzinc,4.97,,328.7,310.9,,333.8,,9.02,4.97,,6.73,,0,0,,0,-0.01,74,1018,1,40,overcast clouds,1
Karaganda,2026-10-02T00:10:58.197032+00:00,1790899858,506290,Майқұдық,49.89696663495,73.21133762598,39,9,,,,,39,pm25,2026-10-02T00:05:24Z,0.1,54,0,,,,,,,,,,,,,,,,,,4.95,77,1014,4.68,200,scattered clouds,1
Karaganda,2026-10-02T00:10:58.197032+00:00,1790899858,517423,"Мұқанов көшесі,57/3",49.786533888889,73.168150833333,211,113,1,0,2,1,-,pm25,2026-07-02T11:00:00Z,2197.2,45,0,,,,,,,,,,,,,,,,,,4.95,77,1014,4.68,200,scattered clouds,1
Pavlodar,2026-10-02T00:10:58.197032+00:00,1790899858,520273,  Торайғыров генералы Дүйсенов көшесі,52.294865277778,76.942828333333,34,15,24,3,0,0,34,pm25,2026-10-02T00:00:00Z,0.2,38,0,AluminiumSmelter,7.57,254.6,,,,,7.57,,,,,1,,,,,5.92,87,1015,3,100,overcast clouds,1
Pavlodar,2026-10-02T00:10:58.197032+00:00,1790899858,537550,"Естай к-сі, 54",52.281193333333,76.946898055556,4,1,0,4,3,1,4,pm25,2026-10-02T00:00:00Z,0.2,31,0,AluminiumSmelter,7.86,243.3,,,,,7.86,,,,,1,,,,,5.92,87,1015,3,100,overcast clouds,1
Pavlodar,2026-10-02T00:10:58.197032+00:00,1790899858,573904,Каз. Правда  к-сі,52.252530555556,76.974843611111,,,1,4,0,7,7,pm25,2026-10-02T00:00:00Z,0.2,43,0,AluminiumSmelter,8.46,217.3,,,,,8.46,,,,,0,,,,,5.92,87,1015,3,100,overcast clouds,1
Pavlodar,2026-10-02T00:10:58.197032+00:00,1790899858,573907,Ломов к-сі (ПМУ),52.264703055556,76.9640775,,,,0,0,0,0,pm25,2026-10-02T00:00:00Z,0.2,35,0,AluminiumSmelter,7.95,227.5,,,,,7.95,,,,,1,,,,,5.92,87,1015,3,100,overcast clouds,1
Pavlodar,2026-10-02T00:10:58.197032+00:00,1790899858,114532,Пед. колледж,52.2789,76.9384,32,7,,,,,-,pm25,2026-09-22T10:42:07Z,229.5,32,0,AluminiumSmelter,8.49,243.5,,,,,8.49,,,,,1,,,,,5.92,87,1015,3,100,overcast clouds,1
Astana,2026-10-02T00:10:58.197032+00:00,1790899858,10497,"Astana, US Embassy, Kazakhstan (Нұр-Сұлтан, АҚШ елшілігі)",51.125286,71.46722,,,1.1,14.5,1.6,0.1,15,so2,2026-10-02T06:00:00+06:00,0.2,31,3.1,,,,,,,,,,,,,,,,,,5.99,93,1011,3,160,scattered clouds,1
Ust-Kamenogorsk,2026-10-02T05:29:41.804008+00:00,1790918981,517390,"Серікбаев көшесі, 19",49.956986944444,82.592090555556,5,1,1,53,2,11,11,pm25,2026-10-02T05:00:00Z,0.5,41,0,UMZ,1.02,,304.9,214.9,,282.5,,3.31,3.12,,1.02,,1,0,,1,17.99,32,1018,4,150,overcast clouds,1
Ust-Kamenogorsk,2026-10-02T05:29:41.804008+00:00,1790918981,517402,"Лев Толстой к-сі, 18",49.944817777778,82.653340277778,5,1,,0,1,2,5,pm25,2026-10-02T05:00:00Z,0.5,43,0,CHP,1.76,,72.2,146.4,,108.5,,1.76,4.7,,3.58,,0,0,,0,17.99,32,1018,4,150,overcast clouds,1
Ust-Kamenogorsk,2026-10-02T05:29:41.804008+00:00,1790918981,517507,"М. Тынышпаев к-сі, 126",50.009261944444,82.564498888889,0,0,61,0,21,,-,pm25,2026-08-26T09:00:00Z,884.5,69,0,Kazzinc,4.97,,328.7,310.9,,333.8,,9.02,4.97,,6.73,,1,1,,1,17.99,32,1018,4,150,overcast clouds,1
Karaganda,2026-10-02T05:29:41.804008+00:00,1790918981,506290,Майқұдық,49.89696663495,73.21133762598,12,3,,,,,12,pm25,2026-10-02T05:23:57Z,0.1,54,0,,,,,,,,,,,,,,,,,,15.95,29,1014,9.05,232,broken clouds,1
Karaganda,2026-10-02T05:29:41.804008+00:00,1790918981,517423,"Мұқанов көшесі,57/3",49.786533888889,73.168150833333,211,113,8,1,3,1,-,pm25,2026-07-02T11:00:00Z,2202.5,39,13.3,,,,,,,,,,,,,,,,,,15.95,29,1014,9.05,232,broken clouds,1
Pavlodar,2026-10-02T05:29:41.804008+00:00,1790918981,520273,  Торайғыров генералы Дүйсенов көшесі,52.294865277778,76.942828333333,40,17,24,3,6,0,40,pm25,2026-10-02T05:00:00Z,0.5,38,0,AluminiumSmelter,7.57,254.6,,,,,7.57,,,,,0,,,,,10.92,76,1014,4,170,overcast clouds,1
Pavlodar,2026-10-02T05:29:41.804008+00:00,1790918981,537550,"Естай к-сі, 54",52.281193333333,76.946898055556,4,1,0,3,5,1,4,pm25,2026-10-02T05:00:00Z,0.5,25,19.4,AluminiumSmelter,7.86,243.3,,,,,7.86,,,,,0,,,,,10.92,76,1014,4,170,overcast clouds,1
Pavlodar,2026-10-02T05:29:41.804008+00:00,1790918981,573904,Каз. Правда  к-сі,52.252530555556,76.974843611111,,,8,4,0,7,7,pm25,2026-10-02T05:00:00Z,0.5,35,16.7,AluminiumSmelter,8.46,217.3,,,,,8.46,,,,,0,,,,,10.92,76,1014,4,170,overcast clouds,1
Pavlodar,2026-10-02T05:29:41.804008+00:00,1790918981,573907,Ломов к-сі (ПМУ),52.264703055556,76.9640775,,,,0,4,0,0,pm25,2026-10-02T05:00:00Z,0.5,25,26.5,AluminiumSmelter,7.95,227.5,,,,,7.95,,,,,0,,,,,10.92,76,1014,4,170,overcast clouds,1
Pavlodar,2026-10-02T05:29:41.804008+00:00,1790918981,114532,Пед. колледж,52.2789,76.9384,32,7,,,,,-,pm25,2026-09-22T10:42:07Z,234.8,32,0,AluminiumSmelter,8.49,243.5,,,,,8.49,,,,,0,,,,,10.92,76,1014,4,170,overcast clouds,1
Astana,2026-10-02T05:29:41.804008+00:00,1790918981,10497,"Astana, US Embassy, Kazakhstan (Нұр-Сұлтан, АҚШ елшілігі)",51.125286,71.46722,,,6.3,14.8,3.4,0.1,15,so2,2026-10-02T11:00:00+06:00,0.5,32,11.1,,,,,,,,,,,,,,,,,,11.99,66,1012,5,190,few clouds,1
Ust-Kamenogorsk,2026-10-02T11:19:49.323532+00:00,1790939989,517390,"Серікбаев көшесі, 19",49.956986944444,82.592090555556,5,1,1,53,3,5,5,pm25,2026-10-02T11:00:00Z,0.3,32,22.0,UMZ,1.02,,304.9,214.9,,282.5,,3.31,3.12,,1.02,,1,1,,1,10.99,87,1023,6,80,moderate rain,1
Ust-Kamenogorsk,2026-10-02T11:19:49.323532+00:00,1790939989,517402,"Лев Толстой к-сі, 18",49.944817777778,82.653340277778,4,1,,0,0,1,4,pm25,2026-10-02T11:00:00Z,0.3,40,9.1,CHP,1.76,,72.2,146.4,,108.5,,1.76,4.7,,3.58,,0,0,,0,10.99,87,1023,6,80,moderate rain,1
Ust-Kamenogorsk,2026-10-02T11:19:49.323532+00:00,1790939989,517507,"М. Тынышпаев к-сі, 126",50.009261944444,82.564498888889,0,0,61,0,21,,-,pm25,2026-08-26T09:00:00Z,890.3,69,0,Kazzinc,4.97,,328.7,310.9,,333.8,,9.02,4.97,,6.73,,0,1,,0,10.99,87,1023,6,80,moderate rain,1
Karaganda,2026-10-02T11:19:49.323532+00:00,1790939989,506290,Майқұдық,49.89696663495,73.21133762598,17,4,,,,,17,pm25,2026-10-02T11:09:17Z,0.2,54,0,,,,,,,,,,,,,,,,,,18.95,28,1015,9.84,270,broken clouds,1
Karaganda,2026-10-02T11:19:49.323532+00:00,1790939989,517423,"Мұқанов көшесі,57/3",49.786533888889,73.168150833333,211,113,3,0,3,1,-,pm25,2026-07-02T11:00:00Z,2208.3,38,17.4,,,,,,,,,,,,,,,,,,18.95,28,1015,9.84,270,broken clouds,1
Pavlodar,2026-10-02T11:19:49.323532+00:00,1790939989,520273,  Торайғыров генералы Дүйсенов көшесі,52.294865277778,76.942828333333,20,13,24,6,0,0,20,pm25,2026-10-02T11:00:00Z,0.3,29,25.6,AluminiumSmelter,7.57,254.6,,,,,7.57,,,,,0,,,,,20.92,26,1013,6,260,broken clouds,1
Pavlodar,2026-10-02T11:19:49.323532+00:00,1790939989,537550,"Естай к-сі, 54",52.281193333333,76.946898055556,4,1,0,5,4,2,4,pm25,2026-10-02T11:00:00Z,0.3,31,0,AluminiumSmelter,7.86,243.3,,,,,7.86,,,,,0,,,,,20.92,26,1013,6,260,broken clouds,1
Pavlodar,2026-10-02T11:19:49.323532+00:00,1790939989,573904,Каз. Правда  к-сі,52.252530555556,76.974843611111,,,6,6,0,7,7,pm25,2026-10-02T11:00:00Z,0.3,43,0,AluminiumSmelter,8.46,217.3,,,,,8.46,,,,,0,,,,,20.92,26,1013,6,260,broken clouds,1
Pavlodar,2026-10-02T11:19:49.323532+00:00,1790939989,573907,Ломов к-сі (ПМУ),52.264703055556,76.9640775,,,,1,2,0,0,pm25,2026-10-02T11:00:00Z,0.3,25,28.6,AluminiumSmelter,7.95,227.5,,,,,7.95,,,,,0,,,,,20.92,26,1013,6,260,broken clouds,1
Pavlodar,2026-10-02T11:19:49.323532+00:00,1790939989,114532,Пед. колледж,52.2789,76.9384,32,7,,,,,-,pm25,2026-09-22T10:42:07Z,240.6,27,15.6,AluminiumSmelter,8.49,243.5,,,,,8.49,,,,,0,,,,,20.92,26,1013,6,260,broken clouds,1
Astana,2026-10-02T11:19:49.323532+00:00,1790939989,10497,"Astana, US Embassy, Kazakhstan (Нұр-Сұлтан, АҚШ елшілігі)",51.125286,71.46722,,,3.8,14.2,2.3,0.1,14,so2,2026-10-02T17:00:00+06:00,0.3,31,13.9,,,,,,,,,,,,,,,,,,16.99,42,1014,8,260,scattered clouds,1
Ust-Kamenogorsk,2026-10-02T16:49:00.419881+00:00,1790959740,517390,"Серікбаев көшесі, 19",49.956986944444,82.592090555556,5,1,1,53,2,9,9,pm25,2026-10-02T16:00:00Z,0.8,41,0,UMZ,1.02,,304.9,214.9,,282.5,,3.31,3.12,,1.02,,1,0,,1,8.99,87,1025,3,110,light rain,1
Ust-Kamenogorsk,2026-10-02T16:49:00.419881+00:00,1790959740,517402,"Лев Толстой к-сі, 18",49.944817777778,82.653340277778,4,1,,0,1,1,4,pm25,2026-10-02T16:00:00Z,0.8,43,0,CHP,1.76,,72.2,146.4,,108.5,,1.76,4.7,,3.58,,0,0,,0,8.99,87,1025,3,110,light rain,1
Ust-Kamenogorsk,2026-10-02T16:49:00.419881+00:00,1790959740,517507,"М. Тынышпаев к-сі, 126",50.009261944444,82.564498888889,0,0,61,0,21,,-,pm25,2026-08-26T09:00:00Z,895.8,69,0,Kazzinc,4.97,,328.7,310.9,,333.8,,9.02,4.97,,6.73,,1,1,,1,8.99,87,1025,3,110,light rain,1
Karaganda,2026-10-02T16:49:00.419881+00:00,1790959740,506290,Майқұдық,49.89696663495,73.21133762598,151,61,,,,,151,pm25,2026-10-02T16:45:00Z,0.1,54,0,,,,,,,,,,,,,,,,,,9.95,47,1019,3.48,174,clear sky,1
Karaganda,2026-10-02T16:49:00.419881+00:00,1790959740,517423,"Мұқанов көшесі,57/3",49.786533888889,73.168150833333,211,113,10,0,12,1,-,pm25,2026-07-02T11:00:00Z,2213.8,39,13.3,,,,,,,,,,,,,,,,,,9.95,47,1019,3.48,174,clear sky,1
Pavlodar,2026-10-02T16:49:00.419881+00:00,1790959740,520273,  Торайғыров генералы Дүйсенов көшесі,52.294865277778,76.942828333333,45,20,24,4,84,0,45,pm25,2026-10-02T16:00:00Z,0.8,38,0,AluminiumSmelter,7.57,254.6,,,,,7.57,,,,,0,,,,,10.92,62,1015,5,200,scattered clouds,1
Pavlodar,2026-10-02T16:49:00.419881+00:00,1790959740,537550,"Естай к-сі, 54",52.281193333333,76.946898055556,4,1,0,5,11,1,4,pm25,2026-10-02T16:00:00Z,0.8,31,0,AluminiumSmelter,7.86,243.3,,,,,7.86,,,,,0,,,,,10.92,62,1015,5,200,scattered clouds,1
Pavlodar,2026-10-02T16:49:00.419881+00:00,1790959740,573904,Каз. Правда  к-сі,52.252530555556,76.974843611111,,,14,6,5,7,7,pm25,2026-10-02T16:00:00Z,0.8,43,0,AluminiumSmelter,8.46,217.3,,,,,8.46,,,,,0,,,,,10.92,62,1015,5,200,scattered clouds,1
Pavlodar,2026-10-02T16:49:00.419881+00:00,1790959740,573907,Ломов к-сі (ПМУ),52.264703055556,76.9640775,,,,0,6,0,0,pm25,2026-10-02T16:00:00Z,0.8,35,0,AluminiumSmelter,7.95,227.5,,,,,7.95,,,,,0,,,,,10.92,62,1015,5,200,scattered clouds,1
Pavlodar,2026-10-02T16:49:00.419881+00:00,1790959740,114532,Пед. колледж,52.2789,76.9384,32,7,,,,,-,pm25,2026-09-22T10:42:07Z,246.1,32,0,AluminiumSmelter,8.49,243.5,,,,,8.49,,,,,0,,,,,10.92,62,1015,5,200,scattered clouds,1
Astana,2026-10-02T16:49:00.419881+00:00,1790959740,10497,"Astana, US Embassy, Kazakhstan (Нұр-Сұлтан, АҚШ елшілігі)",51.125286,71.46722,,,29.7,16.5,12.7,0.1,17,so2,2026-10-02T22:00:00+06:00,0.8,33,10.8,,,,,,,,,,,,,,,,,,7.99,76,1017,2,190,broken clouds,1
Ust-Kamenogorsk,2026-10-02T21:18:01.994718+00:00,1790975881,517390,"Серікбаев көшесі, 19",49.956986944444,82.592090555556,5,1,1,53,1,12,12,pm25,2026-10-02T20:00:00Z,1.3,41,0,UMZ,1.02,,304.9,214.9,,282.5,,3.31,3.12,,1.02,,1,0,,1,8.99,87,1027,4,100,scattered clouds,1
Ust-Kamenogorsk,2026-10-02T21:18:01.994718+00:00,1790975881,517402,"Лев Толстой к-сі, 18",49.944817777778,82.653340277778,9,2,,0,1,1,9,pm25,2026-10-02T20:00:00Z,1.3,43,0,CHP,1.76,,72.2,146.4,,108.5,,1.76,4.7,,3.58,,0,0,,0,8.99,87,1027,4,100,scattered clouds,1
Ust-Kamenogorsk,2026-10-02T21:18:01.994718+00:00,1790975881,517507,"М. Тынышпаев к-сі, 126",50.009261944444,82.564498888889,0,0,61,0,21,,-,pm25,2026-08-26T09:00:00Z,900.3,69,0,Kazzinc,4.97,,328.7,310.9,,333.8,,9.02,4.97,,6.73,,1,1,,1,8.99,87,1027,4,100,scattered clouds,1
Karaganda,2026-10-02T21:18:01.994718+00:00,1790975881,506290,Майқұдық,49.89696663495,73.21133762598,68,20,,,,,68,pm25,2026-10-02T21:14:37Z,0.1,54,0,,,,,,,,,,,,,,,,,,9.95,41,1019,5.24,204,overcast clouds,1
Karaganda,2026-10-02T21:18:01.994718+00:00,1790975881,517423,"Мұқанов көшесі,57/3",49.786533888889,73.168150833333,211,113,3,0,2,1,-,pm25,2026-07-02T11:00:00Z,2218.3,45,0,,,,,,,,,,,,,,,,,,9.95,41,1019,5.24,204,overcast clouds,1
Pavlodar,2026-10-02T21:18:01.994718+00:00,1790975881,520273,  Торайғыров генералы Дүйсенов көшесі,52.294865277778,76.942828333333,19,8,24,4,0,0,19,pm25,2026-10-02T20:00:00Z,1.3,38,0,AluminiumSmelter,7.57,254.6,,,,,7.57,,,,,0,,,,,10.93,60,1018,4.9,240,few clouds,1
Pavlodar,2026-10-02T21:18:01.994718+00:00,1790975881,537550,"Естай к-сі, 54",52.281193333333,76.946898055556,4,1,0,3,3,1,4,pm25,2026-10-02T20:00:00Z,1.3,31,0,AluminiumSmelter,7.86,243.3,,,,,7.86,,,,,0,,,,,10.93,60,1018,4.9,240,few clouds,1
Pavlodar,2026-10-02T21:18:01.994718+00:00,1790975881,573904,Каз. Правда  к-сі,52.252530555556,76.974843611111,,,2,3,0,7,7,pm25,2026-10-02T20:00:00Z,1.3,43,0,AluminiumSmelter,8.46,217.3,,,,,8.46,,,,,0,,,,,10.93,60,1018,4.9,240,few clouds,1
Pavlodar,2026-10-02T21:18:01.994718+00:00,1790975881,573907,Ломов к-сі (ПМУ),52.264703055556,76.9640775,,,,0,0,0,0,pm25,2026-10-02T20:00:00Z,1.3,35,0,AluminiumSmelter,7.95,227.5,,,,,7.95,,,,,0,,,,,10.93,60,1018,4.9,240,few clouds,1
Pavlodar,2026-10-02T21:18:01.994718+00:00,1790975881,114532,Пед. колледж,52.2789,76.9384,32,7,,,,,-,pm25,2026-09-22T10:42:07Z,250.6,32,0,AluminiumSmelter,8.49,243.5,,,,,8.49,,,,,0,,,,,10.93,60,1018,4.9,240,few clouds,1
Astana,2026-10-02T21:18:01.994718+00:00,1790975881,10497,"Astana, US Embassy, Kazakhstan (Нұр-Сұлтан, АҚШ елшілігі)",51.125286,71.46722,,,3.9,14.3,2.1,0.1,14,so2,2026-10-03T02:00:00+06:00,1.3,34,2.9,,,,,,,,,,,,,,,,,,8.99,66,1015,4,180,overcast clouds,1
Ust-Kamenogorsk,2026-10-03T00:43:16.205241+00:00,1790988196,517390,"Серікбаев көшесі, 19",49.956986944444,82.592090555556,5,1,1,53,1,11,11,pm25,2026-10-02T23:00:00Z,1.7,41,0,UMZ,1.02,,304.9,214.9,,282.5,,3.31,3.12,,1.02,,1,0,,1,5.99,93,1028,4,130,overcast clouds,1
Ust-Kamenogorsk,2026-10-03T00:43:16.205241+00:00,1790988196,517402,"Лев Толстой к-сі, 18",49.944817777778,82.653340277778,2,0,,0,1,1,2,pm25,2026-10-02T23:00:00Z,1.7,43,0,CHP,1.76,,72.2,146.4,,108.5,,1.76,4.7,,3.58,,0,0,,0,5.99,93,1028,4,130,overcast clouds,1
Ust-Kamenogorsk,2026-10-03T00:43:16.205241+00:00,1790988196,517507,"М. Тынышпаев к-сі, 126",50.009261944444,82.564498888889,0,0,61,0,21,,-,pm25,2026-08-26T09:00:00Z,903.7,69,0,Kazzinc,4.97,,328.7,310.9,,333.8,,9.02,4.97,,6.73,,1,1,,1,5.99,93,1028,4,130,overcast clouds,1
Karaganda,2026-10-03T00:43:16.205241+00:00,1790988196,506290,Майқұдық,49.89696663495,73.21133762598,8,2,,,,,8,pm25,2026-10-03T00:37:40Z,0.1,54,0,,,,,,,,,,,,,,,,,,9.95,32,1020,5.28,191,overcast clouds,1
Karaganda,2026-10-03T00:43:16.205241+00:00,1790988196,517423,"Мұқанов көшесі,57/3",49.786533888889,73.168150833333,211,113,2,0,1,1,-,pm25,2026-07-02T11:00:00Z,2221.7,45,0,,,,,,,,,,,,,,,,,,9.95,32,1020,5.28,191,overcast clouds,1
Pavlodar,2026-10-03T00:43:16.205241+00:00,1790988196,520273,  Торайғыров генералы Дүйсенов көшесі,52.294865277778,76.942828333333,24,12,24,3,0,0,24,pm25,2026-10-02T23:00:00Z,1.7,38,0,AluminiumSmelter,7.57,254.6,,,,,7.57,,,,,0,,,,,4.92,93,1019,3,160,overcast clouds,1
Pavlodar,2026-10-03T00:43:16.205241+00:00,1790988196,537550,"Естай к-сі, 54",52.281193333333,76.946898055556,4,1,0,4,2,1,4,pm25,2026-10-02T23:00:00Z,1.7,31,0,AluminiumSmelter,7.86,243.3,,,,,7.86,,,,,0,,,,,4.92,93,1019,3,160,overcast clouds,1
Pavlodar,2026-10-03T00:43:16.205241+00:00,1790988196,573904,Каз. Правда  к-сі,52.252530555556,76.974843611111,,,2,5,0,7,7,pm25,2026-10-02T23:00:00Z,1.7,43,0,AluminiumSmelter,8.46,217.3,,,,,8.46,,,,,0,,,,,4.92,93,1019,3,160,overcast clouds,1
Pavlodar,2026-10-03T00:43:16.205241+00:00,1790988196,573907,Ломов к-сі (ПМУ),52.264703055556,76.9640775,,,,0,0,0,0,pm25,2026-10-02T23:00:00Z,1.7,35,0,AluminiumSmelter,7.95,227.5,,,,,7.95,,,,,0,,,,,4.92,93,1019,3,160,overcast clouds,1
Pavlodar,2026-10-03T00:43:16.205241+00:00,1790988196,114532,Пед. колледж,52.2789,76.9384,32,7,,,,,-,pm25,2026-09-22T10:42:07Z,254.0,32,0,AluminiumSmelter,8.49,243.5,,,,,8.49,,,,,0,,,,,4.92,93,1019,3,160,overcast clouds,1
Astana,2026-10-03T00:43:16.205241+00:00,1790988196,10497,"Astana, US Embassy, Kazakhstan (Нұр-Сұлтан, АҚШ елшілігі)",51.125286,71.46722,,,2.1,14.8,1.8,0.1,15,so2,2026-10-03T05:00:00+06:00,1.7,36,0,,,,,,,,,,,,,,,,,,8.99,49,1016,5,190,overcast clouds,1
Ust-Kamenogorsk,2026-10-03T05:44:59.452164+00:00,1791006299,517390,"Серікбаев көшесі, 19",49.956986944444,82.592090555556,5,1,1,53,2,11,11,pm25,2026-10-03T04:00:00Z,1.7,41,0,UMZ,1.02,,304.9,214.9,,282.5,,3.31,3.12,,1.02,,1,0,,1,17.99,52,1027,7,110,broken clouds,1
Ust-Kamenogorsk,2026-10-03T05:44:59.452164+00:00,1791006299,517402,"Лев Толстой к-сі, 18",49.944817777778,82.653340277778,5,1,,0,1,2,5,pm25,2026-10-03T04:00:00Z,1.7,43,0,CHP,1.76,,72.2,146.4,,108.5,,1.76,4.7,,3.58,,0,0,,0,17.99,52,1027,7,110,broken clouds,1
Ust-Kamenogorsk,2026-10-03T05:44:59.452164+00:00,1791006299,517507,"М. Тынышпаев к-сі, 126",50.009261944444,82.564498888889,0,0,61,0,21,,-,pm25,2026-08-26T09:00:00Z,908.7,69,0,Kazzinc,4.97,,328.7,310.9,,333.8,,9.02,4.97,,6.73,,1,1,,1,17.99,52,1027,7,110,broken clouds,1
Karaganda,2026-10-03T05:44:59.452164+00:00,1791006299,506290,Майқұдық,49.89696663495,73.21133762598,13,3,,,,,13,pm25,2026-10-03T05:38:53Z,0.1,54,0,,,,,,,,,,,,,,,,,,20.95,20,1019,8.46,219,overcast clouds,1
Karaganda,2026-10-03T05:44:59.452164+00:00,1791006299,517423,"Мұқанов көшесі,57/3",49.786533888889,73.168150833333,211,113,4,0,3,1,-,pm25,2026-07-02T11:00:00Z,2226.7,38,15.6,,,,,,,,,,,,,,,,,,20.95,20,1019,8.46,219,overcast clouds,1
Pavlodar,2026-10-03T05:44:59.452164+00:00,1791006299,520273,  Торайғыров генералы Дүйсенов көшесі,52.294865277778,76.942828333333,63,31,24,3,0,0,63,pm25,2026-10-03T04:00:00Z,1.7,29,23.7,AluminiumSmelter,7.57,254.6,,,,,7.57,,,,,0,,,,,15.92,41,1019,6,190,overcast clouds,1
Pavlodar,2026-10-03T05:44:59.452164+00:00,1791006299,537550,"Естай к-сі, 54",52.281193333333,76.946898055556,4,1,0,4,6,1,4,pm25,2026-10-03T04:00:00Z,1.7,31,0,AluminiumSmelter,7.86,243.3,,,,,7.86,,,,,0,,,,,15.92,41,1019,6,190,overcast clouds,1
Pavlodar,2026-10-03T05:44:59.452164+00:00,1791006299,573904,Каз. Правда  к-сі,52.252530555556,76.974843611111,,,9,4,0,7,7,pm25,2026-10-03T04:00:00Z,1.7,43,0,AluminiumSmelter,8.46,217.3,,,,,8.46,,,,,0,,,,,15.92,41,1019,6,190,overcast clouds,1
Pavlodar,2026-10-03T05:44:59.452164+00:00,1791006299,573907,Ломов к-сі (ПМУ),52.264703055556,76.9640775,,,,0,2,0,0,pm25,2026-10-03T04:00:00Z,1.7,27,20.6,AluminiumSmelter,7.95,227.5,,,,,7.95,,,,,0,,,,,15.92,41,1019,6,190,overcast clouds,1
Pavlodar,2026-10-03T05:44:59.452164+00:00,1791006299,114532,Пед. колледж,52.2789,76.9384,32,7,,,,,-,pm25,2026-09-22T10:42:07Z,259.0,27,15.6,AluminiumSmelter,8.49,243.5,,,,,8.49,,,,,0,,,,,15.92,41,1019,6,190,overcast clouds,1
Astana,2026-10-03T05:44:59.452164+00:00,1791006299,10497,"Astana, US Embassy, Kazakhstan (Нұр-Сұлтан, АҚШ елшілігі)",51.125286,71.46722,,,5.3,19.2,2.4,0.1,19,so2,2026-10-03T10:00:00+06:00,1.7,32,11.1,,,,,,,,,,,,,,,,,,14.99,38,1017,6,230,overcast clouds,1
Ust-Kamenogorsk,2026-10-03T10:38:21.699885+00:00,1791023901,517390,"Серікбаев көшесі, 19",49.956986944444,82.592090555556,5,1,1,53,2,12,12,pm25,2026-10-03T10:00:00Z,0.6,41,0,UMZ,1.02,,304.9,214.9,,282.5,,3.31,3.12,,1.02,,1,0,,1,19.99,45,1025,6,110,overcast clouds,1
Ust-Kamenogorsk,2026-10-03T10:38:21.699885+00:00,1791023901,517402,"Лев Толстой к-сі, 18",49.944817777778,82.653340277778,5,1,,0,1,2,5,pm25,2026-10-03T10:00:00Z,0.6,43,0,CHP,1.76,,72.2,146.4,,108.5,,1.76,4.7,,3.58,,0,0,,0,19.99,45,1025,6,110,overcast clouds,1
Ust-Kamenogorsk,2026-10-03T10:38:21.699885+00:00,1791023901,517507,"М. Тынышпаев к-сі, 126",50.009261944444,82.564498888889,0,0,61,0,21,,-,pm25,2026-08-26T09:00:00Z,913.6,69,0,Kazzinc,4.97,,328.7,310.9,,333.8,,9.02,4.97,,6.73,,1,1,,1,19.99,45,1025,6,110,overcast clouds,1
Karaganda,2026-10-03T10:38:21.699885+00:00,1791023901,506290,Майқұдық,49.89696663495,73.21133762598,42,10,,,,,42,pm25,2026-10-03T10:32:45Z,0.1,54,0,,,,,,,,,,,,,,,,,,19.95,22,1018,1.77,242,overcast clouds,1
Karaganda,2026-10-03T10:38:21.699885+00:00,1791023901,517423,"Мұқанов көшесі,57/3",49.786533888889,73.168150833333,211,113,3,0,2,1,-,pm25,2026-07-02T11:00:00Z,2231.6,39,13.3,,,,,,,,,,,,,,,,,,19.95,22,1018,1.77,242,overcast clouds,1
Pavlodar,2026-10-03T10:38:21.699885+00:00,1791023901,520273,  Торайғыров генералы Дүйсенов көшесі,52.294865277778,76.942828333333,24,22,24,6,0,0,24,pm25,2026-10-03T10:00:00Z,0.6,30,21.1,AluminiumSmelter,7.57,254.6,,,,,7.57,,,,,0,,,,,22.92,17,1018,6,250,overcast clouds,1
Pavlodar,2026-10-03T10:38:21.699885+00:00,1791023901,537550,"Естай к-сі, 54",52.281193333333,76.946898055556,4,1,0,5,3,2,4,pm25,2026-10-03T10:00:00Z,0.6,31,0,AluminiumSmelter,7.86,243.3,,,,,7.86,,,,,0,,,,,22.92,17,1018,6,250,overcast clouds,1
Pavlodar,2026-10-03T10:38:21.699885+00:00,1791023901,573904,Каз. Правда  к-сі,52.252530555556,76.974843611111,,,3,4,0,7,7,pm25,2026-10-03T10:00:00Z,0.6,43,0,AluminiumSmelter,8.46,217.3,,,,,8.46,,,,,0,,,,,22.92,17,1018,6,250,overcast clouds,1
Pavlodar,2026-10-03T10:38:21.699885+00:00,1791023901,573907,Ломов к-сі (ПМУ),52.264703055556,76.9640775,,,,1,0,0,0,pm25,2026-10-03T10:00:00Z,0.6,35,0,AluminiumSmelter,7.95,227.5,,,,,7.95,,,,,0,,,,,22.92,17,1018,6,250,overcast clouds,1
Pavlodar,2026-10-03T10:38:21.699885+00:00,1791023901,114532,Пед. колледж,52.2789,76.9384,32,7,,,,,-,pm25,2026-09-22T10:42:07Z,263.9,27,18.2,AluminiumSmelter,8.49,243.5,,,,,8.49,,,,,0,,,,,22.92,17,1018,6,250,overcast clouds,1
Astana,2026-10-03T10:38:21.699885+00:00,1791023901,10497,"Astana, US Embassy, Kazakhstan (Нұр-Сұлтан, АҚШ елшілігі)",51.125286,71.46722,,,10.1,16,3.7,0.1,16,so2,2026-10-03T16:00:00+06:00,0.6,29,19.4,,,,,,,,,,,,,,,,,,16.99,36,1016,4,180,overcast clouds,1
Ust-Kamenogorsk,2026-10-03T14:53:57.359221+00:00,1791039237,517390,"Серікбаев көшесі, 19",49.956986944444,82.592090555556,5,1,1,53,2,10,10,pm25,2026-10-03T14:00:00Z,0.9,41,0,UMZ,1.02,,304.9,214.9,,282.5,,3.31,3.12,,1.02,,1,1,,1,12.99,67,1025,5,80,broken clouds,1
Ust-Kamenogorsk,2026-10-03T14:53:57.359221+00:00,1791039237,517402,"Лев Толстой к-сі, 18",49.944817777778,82.653340277778,3,1,,0,1,1,3,pm25,2026-10-03T14:00:00Z,0.9,43,0,CHP,1.76,,72.2,146.4,,108.5,,1.76,4.7,,3.58,,0,0,,0,12.99,67,1025,5,80,broken clouds,1
Ust-Kamenogorsk,2026-10-03T14:53:57.359221+00:00,1791039237,517507,"М. Тынышпаев к-сі, 126",50.009261944444,82.564498888889,0,0,61,0,21,,-,pm25,2026-08-26T09:00:00Z,917.9,69,0,Kazzinc,4.97,,328.7,310.9,,333.8,,9.02,4.97,,6.73,,0,1,,0,12.99,67,1025,5,80,broken clouds,1
Karaganda,2026-10-03T14:53:57.359221+00:00,1791039237,506290,Майқұдық,49.89696663495,73.21133762598,13,4,,,,,13,pm25,2026-10-03T14:46:44Z,0.1,54,0,,,,,,,,,,,,,,,,,,16.95,26,1016,4.31,131,overcast clouds,1
Karaganda,2026-10-03T14:53:57.359221+00:00,1791039237,517423,"Мұқанов көшесі,57/3",49.786533888889,73.168150833333,211,113,8,0,3,1,-,pm25,2026-07-02T11:00:00Z,2235.9,45,0,,,,,,,,,,,,,,,,,,16.95,26,1016,4.31,131,overcast clouds,1
Pavlodar,2026-10-03T14:53:57.359221+00:00,1791039237,520273,  Торайғыров генералы Дүйсенов көшесі,52.294865277778,76.942828333333,78,62,24,4,7,0,78,pm25,2026-10-03T14:00:00Z,0.9,32,17.9,AluminiumSmelter,7.57,254.6,,,,,7.57,,,,,1,,,,,11.92,47,1018,2,80,overcast clouds,1
Pavlodar,2026-10-03T14:53:57.359221+00:00,1791039237,537550,"Естай к-сі, 54",52.281193333333,76.946898055556,4,1,0,7,6,1,4,pm25,2026-10-03T14:00:00Z,0.9,31,0,AluminiumSmelter,7.86,243.3,,,,,7.86,,,,,1,,,,,11.92,47,1018,2,80,overcast clouds,1
Pavlodar,2026-10-03T14:53:57.359221+00:00,1791039237,573904,Каз. Правда  к-сі,52.252530555556,76.974843611111,,,24,16,1,7,7,pm25,2026-10-03T14:00:00Z,0.9,43,0,AluminiumSmelter,8.46,217.3,,,,,8.46,,,,,1,,,,,11.92,47,1018,2,80,overcast clouds,1
Pavlodar,2026-10-03T14:53:57.359221+00:00,1791039237,573907,Ломов к-сі (ПМУ),52.264703055556,76.9640775,,,,0,7,0,0,pm25,2026-10-03T14:00:00Z,0.9,35,0,AluminiumSmelter,7.95,227.5,,,,,7.95,,,,,1,,,,,11.92,47,1018,2,80,overcast clouds,1
Pavlodar,2026-10-03T14:53:57.359221+00:00,1791039237,114532,Пед. колледж,52.2789,76.9384,32,7,,,,,-,pm25,2026-09-22T10:42:07Z,268.2,26,18.8,AluminiumSmelter,8.49,243.5,,,,,8.49,,,,,1,,,,,11.92,47,1018,2,80,overcast clouds,1
Astana,2026-10-03T14:53:57.359221+00:00,1791039237,10497,"Astana, US Embassy, Kazakhstan (Нұр-Сұлтан, АҚШ елшілігі)",51.125286,71.46722,,,11.1,15.3,3.8,0.1,15,so2,2026-10-03T20:00:00+06:00,0.9,29,19.4,,,,,,,,,,,,,,,,,,11.99,66,1015,1,0,overcast clouds,1
Ust-Kamenogorsk,2026-10-03T18:39:42.262788+00:00,1791052782,517390,"Серікбаев көшесі, 19",49.956986944444,82.592090555556,5,1,1,53,2,10,10,pm25,2026-10-03T18:00:00Z,0.7,41,0,UMZ,1.02,,304.9,214.9,,282.5,,3.31,3.12,,1.02,,1,0,,1,6.99,87,1024,2,130,broken clouds,1
Ust-Kamenogorsk,2026-10-03T18:39:42.262788+00:00,1791052782,517402,"Лев Толстой к-сі, 18",49.944817777778,82.653340277778,3,1,,0,1,1,3,pm25,2026-10-03T18:00:00Z,0.7,43,0,CHP,1.76,,72.2,146.4,,108.5,,1.76,4.7,,3.58,,0,0,,0,6.99,87,1024,2,130,broken clouds,1
Ust-Kamenogorsk,2026-10-03T18:39:42.262788+00:00,1791052782,517507,"М. Тынышпаев к-сі, 126",50.009261944444,82.564498888889,0,0,61,0,21,,-,pm25,2026-08-26T09:00:00Z,921.7,69,0,Kazzinc,4.97,,328.7,310.9,,333.8,,9.02,4.97,,6.73,,1,1,,1,6.99,87,1024,2,130,broken clouds,1
Karaganda,2026-10-03T18:39:42.262788+00:00,1791052782,506290,Майқұдық,49.89696663495,73.21133762598,5,1,,,,,5,pm25,2026-10-03T18:32:52Z,0.1,54,0,,,,,,,,,,,,,,,,,,16.95,52,1014,7.37,232,light rain,1
Karaganda,2026-10-03T18:39:42.262788+00:00,1791052782,517423,"Мұқанов көшесі,57/3",49.786533888889,73.168150833333,211,113,2,0,2,1,-,pm25,2026-07-02T11:00:00Z,2239.7,45,0,,,,,,,,,,,,,,,,,,16.95,52,1014,7.37,232,light rain,1
Pavlodar,2026-10-03T18:39:42.262788+00:00,1791052782,520273,  Торайғыров генералы Дүйсенов көшесі,52.294865277778,76.942828333333,65,54,24,5,14,0,65,pm25,2026-10-03T18:00:00Z,0.7,38,0,AluminiumSmelter,7.57,254.6,,,,,7.57,,,,,1,,,,,13.56,29,1016,3.21,99,overcast clouds,1
Pavlodar,2026-10-03T18:39:42.262788+00:00,1791052782,537550,"Естай к-сі, 54",52.281193333333,76.946898055556,4,1,0,10,9,1,4,pm25,2026-10-03T18:00:00Z,0.7,31,0,AluminiumSmelter,7.86,243.3,,,,,7.86,,,,,1,,,,,13.56,29,1016,3.21,99,overcast clouds,1
Pavlodar,2026-10-03T18:39:42.262788+00:00,1791052782,573904,Каз. Правда  к-сі,52.252530555556,76.974843611111,,,25,20,0,7,7,pm25,2026-10-03T18:00:00Z,0.7,43,0,AluminiumSmelter,8.46,217.3,,,,,8.46,,,,,0,,,,,13.56,29,1016,3.21,99,overcast clouds,1
Pavlodar,2026-10-03T18:39:42.262788+00:00,1791052782,573907,Ломов к-сі (ПМУ),52.264703055556,76.9640775,,,,0,1,0,0,pm25,2026-10-03T18:00:00Z,0.7,35,0,AluminiumSmelter,7.95,227.5,,,,,7.95,,,,,1,,,,,13.56,29,1016,3.21,99,overcast clouds,1
Pavlodar,2026-10-03T18:39:42.262788+00:00,1791052782,114532,Пед. колледж,52.2789,76.9384,32,7,,,,,-,pm25,2026-09-22T10:42:07Z,272.0,32,0,AluminiumSmelter,8.49,243.5,,,,,8.49,,,,,1,,,,,13.56,29,1016,3.21,99,overcast clouds,1
Astana,2026-10-03T18:39:42.262788+00:00,1791052782,10497,"Astana, US Embassy, Kazakhstan (Нұр-Сұлтан, АҚШ елшілігі)",51.125286,71.46722,,,5.1,14.5,2.8,0.1,15,so2,2026-10-04T00:00:00+06:00,0.7,34,5.6,,,,,,,,,,,,,,,,,,9.99,87,1012,5,90,moderate rain,1
Ust-Kamenogorsk,2026-10-03T21:45:09.564749+00:00,1791063909,517390,"Серікбаев көшесі, 19",49.956986944444,82.592090555556,5,1,1,53,1,10,10,pm25,2026-10-03T21:00:00Z,0.8,41,0,UMZ,1.02,,304.9,214.9,,282.5,,3.31,3.12,,1.02,,0,1,,0,5.99,87,1022,0,0,broken clouds,1
Ust-Kamenogorsk,2026-10-03T21:45:09.564749+00:00,1791063909,517402,"Лев Толстой к-сі, 18",49.944817777778,82.653340277778,4,1,,0,1,1,4,pm25,2026-10-03T21:00:00Z,0.8,43,0,CHP,1.76,,72.2,146.4,,108.5,,1.76,4.7,,3.58,,0,1,,0,5.99,87,1022,0,0,broken clouds,1
Ust-Kamenogorsk,2026-10-03T21:45:09.564749+00:00,1791063909,517507,"М. Тынышпаев к-сі, 126",50.009261944444,82.564498888889,0,0,61,0,21,,-,pm25,2026-08-26T09:00:00Z,924.8,69,0,Kazzinc,4.97,,328.7,310.9,,333.8,,9.02,4.97,,6.73,,0,0,,0,5.99,87,1022,0,0,broken clouds,1
Karaganda,2026-10-03T21:45:09.564749+00:00,1791063909,506290,Майқұдық,49.89696663495,73.21133762598,28,7,,,,,28,pm25,2026-10-03T21:38:52Z,0.1,54,0,,,,,,,,,,,,,,,,,,11.95,76,1011,8.37,178,light rain,1
Karaganda,2026-10-03T21:45:09.564749+00:00,1791063909,517423,"Мұқанов көшесі,57/3",49.786533888889,73.168150833333,211,113,1,0,1,1,-,pm25,2026-07-02T11:00:00Z,2242.8,45,0,,,,,,,,,,,,,,,,,,11.95,76,1011,8.37,178,light rain,1
Pavlodar,2026-10-03T21:45:09.564749+00:00,1791063909,520273,  Торайғыров генералы Дүйсенов көшесі,52.294865277778,76.942828333333,22,13,24,5,0,0,22,pm25,2026-10-03T21:00:00Z,0.8,38,0,AluminiumSmelter,7.57,254.6,,,,,7.57,,,,,1,,,,,14.85,30,1013,4.55,128,overcast clouds,1
Pavlodar,2026-10-03T21:45:09.564749+00:00,1791063909,537550,"Естай к-сі, 54",52.281193333333,76.946898055556,4,1,0,6,4,1,4,pm25,2026-10-03T21:00:00Z,0.8,31,0,AluminiumSmelter,7.86,243.3,,,,,7.86,,,,,0,,,,,14.85,30,1013,4.55,128,overcast clouds,1
Pavlodar,2026-10-03T21:45:09.564749+00:00,1791063909,573904,Каз. Правда  к-сі,52.252530555556,76.974843611111,,,4,11,0,7,7,pm25,2026-10-03T21:00:00Z,0.8,43,0,AluminiumSmelter,8.46,217.3,,,,,8.46,,,,,0,,,,,14.85,30,1013,4.55,128,overcast clouds,1
Pavlodar,2026-10-03T21:45:09.564749+00:00,1791063909,573907,Ломов к-сі (ПМУ),52.264703055556,76.9640775,,,,1,0,0,0,pm25,2026-10-03T21:00:00Z,0.8,35,0,AluminiumSmelter,7.95,227.5,,,,,7.95,,,,,0,,,,,14.85,30,1013,4.55,128,overcast clouds,1
Pavlodar,2026-10-03T21:45:09.564749+00:00,1791063909,114532,Пед. колледж,52.2789,76.9384,32,7,,,,,-,pm25,2026-09-22T10:42:07Z,275.1,32,0,AluminiumSmelter,8.49,243.5,,,,,8.49,,,,,0,,,,,14.85,30,1013,4.55,128,overcast clouds,1
Astana,2026-10-03T21:45:09.564749+00:00,1791063909,10497,"Astana, US Embassy, Kazakhstan (Нұр-Сұлтан, АҚШ елшілігі)",51.125286,71.46722,,,1.1,14.9,1.7,0.1,15,so2,2026-10-04T03:00:00+06:00,0.8,36,0,,,,,,,,,,,,,,,,,,11.99,87,1008,8,160,overcast clouds,1
Ust-Kamenogorsk,2026-10-04T00:03:28.051378+00:00,1791072208,517390,"Серікбаев көшесі, 19",49.956986944444,82.592090555556,5,1,1,53,1,10,10,pm25,2026-10-03T23:00:00Z,1.1,41,0,UMZ,1.02,,304.9,214.9,,282.5,,3.31,3.12,,1.02,,0,0,,0,4.99,87,1021,2,330,broken clouds,1
Ust-Kamenogorsk,2026-10-04T00:03:28.051378+00:00,1791072208,517402,"Лев Толстой к-сі, 18",49.944817777778,82.653340277778,3,1,,0,1,1,3,pm25,2026-10-03T23:00:00Z,1.1,43,0,CHP,1.76,,72.2,146.4,,108.5,,1.76,4.7,,3.58,,0,1,,1,4.99,87,1021,2,330,broken clouds,1
Ust-Kamenogorsk,2026-10-04T00:03:28.051378+00:00,1791072208,517507,"М. Тынышпаев к-сі, 126",50.009261944444,82.564498888889,0,0,61,0,21,,-,pm25,2026-08-26T09:00:00Z,927.1,69,0,Kazzinc,4.97,,328.7,310.9,,333.8,,9.02,4.97,,6.73,,0,0,,0,4.99,87,1021,2,330,broken clouds,1
Karaganda,2026-10-04T00:03:28.051378+00:00,1791072208,506290,Майқұдық,49.89696663495,73.21133762598,8,3,,,,,8,pm25,2026-10-03T23:55:56Z,0.1,54,0,,,,,,,,,,,,,,,,,,10.95,83,1011,8.71,198,light rain,1
Karaganda,2026-10-04T00:03:28.051378+00:00,1791072208,517423,"Мұқанов көшесі,57/3",49.786533888889,73.168150833333,211,113,1,0,1,1,-,pm25,2026-07-02T11:00:00Z,2245.1,45,0,,,,,,,,,,,,,,,,,,10.95,83,1011,8.71,198,light rain,1
Pavlodar,2026-10-04T00:03:28.051378+00:00,1791072208,520273,  Торайғыров генералы Дүйсенов көшесі,52.294865277778,76.942828333333,20,11,24,4,0,0,20,pm25,2026-10-03T23:00:00Z,1.1,38,0,AluminiumSmelter,7.57,254.6,,,,,7.57,,,,,0,,,,,13.92,44,1013,5,180,overcast clouds,1
Pavlodar,2026-10-04T00:03:28.051378+00:00,1791072208,537550,"Естай к-сі, 54",52.281193333333,76.946898055556,4,1,0,3,3,1,4,pm25,2026-10-03T23:00:00Z,1.1,31,0,AluminiumSmelter,7.86,243.3,,,,,7.86,,,,,0,,,,,13.92,44,1013,5,180,overcast clouds,1
Pavlodar,2026-10-04T00:03:28.051378+00:00,1791072208,573904,Каз. Правда  к-сі,52.252530555556,76.974843611111,,,3,5,0,7,7,pm25,2026-10-03T23:00:00Z,1.1,43,0,AluminiumSmelter,8.46,217.3,,,,,8.46,,,,,0,,,,,13.92,44,1013,5,180,overcast clouds,1
Pavlodar,2026-10-04T00:03:28.051378+00:00,1791072208,573907,Ломов к-сі (ПМУ),52.264703055556,76.9640775,,,,0,0,0,0,pm25,2026-10-03T23:00:00Z,1.1,35,0,AluminiumSmelter,7.95,227.5,,,,,7.95,,,,,0,,,,,13.92,44,1013,5,180,overcast clouds,1
Pavlodar,2026-10-04T00:03:28.051378+00:00,1791072208,114532,Пед. колледж,52.2789,76.9384,32,7,,,,,-,pm25,2026-09-22T10:42:07Z,277.4,32,0,AluminiumSmelter,8.49,243.5,,,,,8.49,,,,,0,,,,,13.92,44,1013,5,180,overcast clouds,1
Astana,2026-10-04T00:03:28.051378+00:00,1791072208,10497,"Astana, US Embassy, Kazakhstan (Нұр-Сұлтан, АҚШ елшілігі)",51.125286,71.46722,,,0.6,14.9,1.4,0.1,15,so2,2026-10-04T05:00:00+06:00,1.1,35,2.8,,,,,,,,,,,,,,,,,,11.99,94,1006,7,180,overcast clouds,1
Ust-Kamenogorsk,2026-10-04T05:45:18.669136+00:00,1791092718,517390,"Серікбаев көшесі, 19",49.956986944444,82.592090555556,5,1,1,53,2,9,9,pm25,2026-10-04T04:00:00Z,1.8,41,0,UMZ,1.02,,304.9,214.9,,282.5,,3.31,3.12,,1.02,,1,0,,1,18.99,37,1018,4,120,overcast clouds,1
Ust-Kamenogorsk,2026-10-04T05:45:18.669136+00:00,1791092718,517402,"Лев Толстой к-сі, 18",49.944817777778,82.653340277778,5,1,,0,1,1,5,pm25,2026-10-04T04:00:00Z,1.8,43,0,CHP,1.76,,72.2,146.4,,108.5,,1.76,4.7,,3.58,,0,0,,0,18.99,37,1018,4,120,overcast clouds,1
Ust-Kamenogorsk,2026-10-04T05:45:18.669136+00:00,1791092718,517507,"М. Тынышпаев к-сі, 126",50.009261944444,82.564498888889,0,0,61,0,21,,-,pm25,2026-08-26T09:00:00Z,932.8,69,0,Kazzinc,4.97,,328.7,310.9,,333.8,,9.02,4.97,,6.73,,1,1,,1,18.99,37,1018,4,120,overcast clouds,1
Karaganda,2026-10-04T05:45:18.669136+00:00,1791092718,506290,Майқұдық,49.89696663495,73.21133762598,56,14,,,,,56,pm25,2026-10-04T05:41:27Z,0.1,48,11.1,,,,,,,,,,,,,,,,,,9.95,80,1010,7.11,239,light rain,1
Karaganda,2026-10-04T05:45:18.669136+00:00,1791092718,517423,"Мұқанов көшесі,57/3",49.786533888889,73.168150833333,211,113,3,0,1,1,-,pm25,2026-07-02T11:00:00Z,2250.8,45,0,,,,,,,,,,,,,,,,,,9.95,80,1010,7.11,239,light rain,1
Pavlodar,2026-10-04T05:45:18.669136+00:00,1791092718,520273,  Торайғыров генералы Дүйсенов көшесі,52.294865277778,76.942828333333,23,10,24,4,0,0,23,pm25,2026-10-04T04:00:00Z,1.8,38,0,AluminiumSmelter,7.57,254.6,,,,,7.57,,,,,0,,,,,12.92,94,1009,8,160,overcast clouds,1
Pavlodar,2026-10-04T05:45:18.669136+00:00,1791092718,537550,"Естай к-сі, 54",52.281193333333,76.946898055556,4,1,0,3,3,1,4,pm25,2026-10-04T04:00:00Z,1.8,31,0,AluminiumSmelter,7.86,243.3,,,,,7.86,,,,,0,,,,,12.92,94,1009,8,160,overcast clouds,1
Pavlodar,2026-10-04T05:45:18.669136+00:00,1791092718,573904,Каз. Правда  к-сі,52.252530555556,76.974843611111,,,6,4,0,7,7,pm25,2026-10-04T04:00:00Z,1.8,43,0,AluminiumSmelter,8.46,217.3,,,,,8.46,,,,,0,,,,,12.92,94,1009,8,160,overcast clouds,1
Pavlodar,2026-10-04T05:45:18.669136+00:00,1791092718,573907,Ломов к-сі (ПМУ),52.264703055556,76.9640775,,,,0,0,0,0,pm25,2026-10-04T04:00:00Z,1.8,28,20.0,AluminiumSmelter,7.95,227.5,,,,,7.95,,,,,0,,,,,12.92,94,1009,8,160,overcast clouds,1
Pavlodar,2026-10-04T05:45:18.669136+00:00,1791092718,114532,Пед. колледж,52.2789,76.9384,32,7,,,,,-,pm25,2026-09-22T10:42:07Z,283.1,32,0,AluminiumSmelter,8.49,243.5,,,,,8.49,,,,,0,,,,,12.92,94,1009,8,160,overcast clouds,1
Astana,2026-10-04T05:45:18.669136+00:00,1791092718,10497,"Astana, US Embassy, Kazakhstan (Нұр-Сұлтан, АҚШ елшілігі)",51.125286,71.46722,,,2.8,15,2,0.1,15,so2,2026-10-04T10:00:00+06:00,1.8,33,8.3,,,,,,,,,,,,,,,,,,9.99,76,1009,9,240,overcast clouds,1
Ust-Kamenogorsk,2026-10-04T12:15:52.657607+00:00,1791116152,517390,"Серікбаев көшесі, 19",49.956986944444,82.592090555556,5,1,1,53,2,9,9,pm25,2026-10-04T11:00:00Z,1.3,41,0,UMZ,1.02,,304.9,214.9,,282.5,,3.31,3.12,,1.02,,1,0,,1,18.99,39,1015,4,100,overcast clouds,1
Ust-Kamenogorsk,2026-10-04T12:15:52.657607+00:00,1791116152,517402,"Лев Толстой к-сі, 18",49.944817777778,82.653340277778,4,1,,0,2,9,9,pm25,2026-10-04T11:00:00Z,1.3,43,0,CHP,1.76,,72.2,146.4,,108.5,,1.76,4.7,,3.58,,0,0,,0,18.99,39,1015,4,100,overcast clouds,1
Ust-Kamenogorsk,2026-10-04T12:15:52.657607+00:00,1791116152,517507,"М. Тынышпаев к-сі, 126",50.009261944444,82.564498888889,0,0,61,0,21,,-,pm25,2026-08-26T09:00:00Z,939.3,69,0,Kazzinc,4.97,,328.7,310.9,,333.8,,9.02,4.97,,6.73,,1,1,,1,18.99,39,1015,4,100,overcast clouds,1
Karaganda,2026-10-04T12:15:52.657607+00:00,1791116152,506290,Майқұдық,49.89696663495,73.21133762598,106,36,,,,,106,pm25,2026-10-04T12:08:53Z,0.1,54,0,,,,,,,,,,,,,,,,,,9.95,74,1012,6.57,244,overcast clouds,1
Karaganda,2026-10-04T12:15:52.657607+00:00,1791116152,517423,"Мұқанов көшесі,57/3",49.786533888889,73.168150833333,211,113,5,0,1,1,-,pm25,2026-07-02T11:00:00Z,2257.3,37,17.8,,,,,,,,,,,,,,,,,,9.95,74,1012,6.57,244,overcast clouds,1
Pavlodar,2026-10-04T12:15:52.657607+00:00,1791116152,520273,  Торайғыров генералы Дүйсенов көшесі,52.294865277778,76.942828333333,29,12,24,4,5,0,29,pm25,2026-10-04T11:00:00Z,1.3,31,20.5,AluminiumSmelter,7.57,254.6,,,,,7.57,,,,,0,,,,,12.92,94,1008,3,280,overcast clouds,1
Pavlodar,2026-10-04T12:15:52.657607+00:00,1791116152,537550,"Естай к-сі, 54",52.281193333333,76.946898055556,4,1,0,3,4,1,4,pm25,2026-10-04T11:00:00Z,1.3,31,0,AluminiumSmelter,7.86,243.3,,,,,7.86,,,,,0,,,,,12.92,94,1008,3,280,overcast clouds,1
Pavlodar,2026-10-04T12:15:52.657607+00:00,1791116152,573904,Каз. Правда  к-сі,52.252530555556,76.974843611111,,,9,4,0,7,7,pm25,2026-10-04T11:00:00Z,1.3,43,0,AluminiumSmelter,8.46,217.3,,,,,8.46,,,,,0,,,,,12.92,94,1008,3,280,overcast clouds,1
Pavlodar,2026-10-04T12:15:52.657607+00:00,1791116152,573907,Ломов к-сі (ПМУ),52.264703055556,76.9640775,,,,1,0,0,0,pm25,2026-10-04T11:00:00Z,1.3,35,0,AluminiumSmelter,7.95,227.5,,,,,7.95,,,,,0,,,,,12.92,94,1008,3,280,overcast clouds,1
Pavlodar,2026-10-04T12:15:52.657607+00:00,1791116152,114532,Пед. колледж,52.2789,76.9384,32,7,,,,,-,pm25,2026-09-22T10:42:07Z,289.6,25,24.2,AluminiumSmelter,8.49,243.5,,,,,8.49,,,,,0,,,,,12.92,94,1008,3,280,overcast clouds,1
Astana,2026-10-04T12:15:52.657607+00:00,1791116152,10497,"Astana, US Embassy, Kazakhstan (Нұр-Сұлтан, АҚШ елшілігі)",51.125286,71.46722,,,3.8,15.1,2.6,0.1,15,so2,2026-10-04T17:00:00+06:00,1.3,31,16.2,,,,,,,,,,,,,,,,,,9.99,46,1010,5,240,overcast clouds,1
Ust-Kamenogorsk,2026-10-04T17:00:40.551096+00:00,1791133240,517390,"Серікбаев көшесі, 19",49.956986944444,82.592090555556,5,1,1,53,2,9,9,pm25,2026-10-04T16:00:00Z,1.0,41,0,UMZ,1.02,,304.9,214.9,,282.5,,3.31,3.12,,1.02,,1,0,,1,15.99,51,1013,3,120,overcast clouds,1
Ust-Kamenogorsk,2026-10-04T17:00:40.551096+00:00,1791133240,517402,"Лев Толстой к-сі, 18",49.944817777778,82.653340277778,4,1,,0,2,7,7,pm25,2026-10-04T16:00:00Z,1.0,43,0,CHP,1.76,,72.2,146.4,,108.5,,1.76,4.7,,3.58,,0,0,,0,15.99,51,1013,3,120,overcast clouds,1
Ust-Kamenogorsk,2026-10-04T17:00:40.551096+00:00,1791133240,517507,"М. Тынышпаев к-сі, 126",50.009261944444,82.564498888889,0,0,61,0,21,,-,pm25,2026-08-26T09:00:00Z,944.0,69,0,Kazzinc,4.97,,328.7,310.9,,333.8,,9.02,4.97,,6.73,,1,1,,1,15.99,51,1013,3,120,overcast clouds,1
Karaganda,2026-10-04T17:00:40.551096+00:00,1791133240,506290,Майқұдық,49.89696663495,73.21133762598,74,25,,,,,74,pm25,2026-10-04T16:55:02Z,0.1,54,0,,,,,,,,,,,,,,,,,,7.95,79,1014,6.44,293,overcast clouds,1
Karaganda,2026-10-04T17:00:40.551096+00:00,1791133240,517423,"Мұқанов көшесі,57/3",49.786533888889,73.168150833333,211,113,6,0,3,1,-,pm25,2026-07-02T11:00:00Z,2262.0,45,0,,,,,,,,,,,,,,,,,,7.95,79,1014,6.44,293,overcast clouds,1
Pavlodar,2026-10-04T17:00:40.551096+00:00,1791133240,520273,  Торайғыров генералы Дүйсенов көшесі,52.294865277778,76.942828333333,26,9,24,3,22,0,26,pm25,2026-10-04T16:00:00Z,1.0,38,0,AluminiumSmelter,7.57,254.6,,,,,7.57,,,,,1,,,,,9.92,93,1010,2,30,moderate rain,1
Pavlodar,2026-10-04T17:00:40.551096+00:00,1791133240,537550,"Естай к-сі, 54",52.281193333333,76.946898055556,4,1,0,3,3,1,4,pm25,2026-10-04T16:00:00Z,1.0,31,0,AluminiumSmelter,7.86,243.3,,,,,7.86,,,,,1,,,,,9.92,93,1010,2,30,moderate rain,1
Pavlodar,2026-10-04T17:00:40.551096+00:00,1791133240,573904,Каз. Правда  к-сі,52.252530555556,76.974843611111,,,7,3,0,7,7,pm25,2026-10-04T16:00:00Z,1.0,43,0,AluminiumSmelter,8.46,217.3,,,,,8.46,,,,,1,,,,,9.92,93,1010,2,30,moderate rain,1
Pavlodar,2026-10-04T17:00:40.551096+00:00,1791133240,573907,Ломов к-сі (ПМУ),52.264703055556,76.9640775,,,,0,2,0,0,pm25,2026-10-04T16:00:00Z,1.0,35,0,AluminiumSmelter,7.95,227.5,,,,,7.95,,,,,1,,,,,9.92,93,1010,2,30,moderate rain,1
Pavlodar,2026-10-04T17:00:40.551096+00:00,1791133240,114532,Пед. колледж,52.2789,76.9384,32,7,,,,,-,pm25,2026-09-22T10:42:07Z,294.3,32,0,AluminiumSmelter,8.49,243.5,,,,,8.49,,,,,1,,,,,9.92,93,1010,2,30,moderate rain,1
Astana,2026-10-04T17:00:40.551096+00:00,1791133240,10497,"Astana, US Embassy, Kazakhstan (Нұр-Сұлтан, АҚШ елшілігі)",51.125286,71.46722,,,4.7,14.9,2.7,0.1,15,so2,2026-10-04T22:00:00+06:00,1.0,33,8.3,,,,,,,,,,,,,,,,,,4.99,87,1013,6,250,overcast clouds,1
Ust-Kamenogorsk,2026-10-04T20:08:04.041025+00:00,1791144484,517390,"Серікбаев көшесі, 19",49.956986944444,82.592090555556,5,1,1,53,1,11,11,pm25,2026-10-04T19:00:00Z,1.1,41,0,UMZ,1.02,,304.9,214.9,,282.5,,3.31,3.12,,1.02,,1,0,,0,16.99,45,1012,2,170,overcast clouds,1
Ust-Kamenogorsk,2026-10-04T20:08:04.041025+00:00,1791144484,517402,"Лев Толстой к-сі, 18",49.944817777778,82.653340277778,4,1,,0,1,3,4,pm25,2026-10-04T19:00:00Z,1.1,43,0,CHP,1.76,,72.2,146.4,,108.5,,1.76,4.7,,3.58,,0,0,,0,16.99,45,1012,2,170,overcast clouds,1
Ust-Kamenogorsk,2026-10-04T20:08:04.041025+00:00,1791144484,517507,"М. Тынышпаев к-сі, 126",50.009261944444,82.564498888889,0,0,61,0,21,,-,pm25,2026-08-26T09:00:00Z,947.1,69,0,Kazzinc,4.97,,328.7,310.9,,333.8,,9.02,4.97,,6.73,,1,1,,1,16.99,45,1012,2,170,overcast clouds,1
Karaganda,2026-10-04T20:08:04.041025+00:00,1791144484,506290,Майқұдық,49.89696663495,73.21133762598,43,12,,,,,43,pm25,2026-10-04T20:03:58Z,0.1,54,0,,,,,,,,,,,,,,,,,,2.95,90,1016,5.98,230,light rain,1
Karaganda,2026-10-04T20:08:04.041025+00:00,1791144484,517423,"Мұқанов көшесі,57/3",49.786533888889,73.168150833333,211,113,1,0,2,1,-,pm25,2026-07-02T11:00:00Z,2265.1,45,0,,,,,,,,,,,,,,,,,,2.95,90,1016,5.98,230,light rain,1
Pavlodar,2026-10-04T20:08:04.041025+00:00,1791144484,520273,  Торайғыров генералы Дүйсенов көшесі,52.294865277778,76.942828333333,16,6,24,3,0,0,16,pm25,2026-10-04T19:00:00Z,1.1,38,0,AluminiumSmelter,7.57,254.6,,,,,7.57,,,,,0,,,,,8.91,84,1010,2.44,210,light rain,1
Pavlodar,2026-10-04T20:08:04.041025+00:00,1791144484,537550,"Естай к-сі, 54",52.281193333333,76.946898055556,4,1,0,3,3,1,4,pm25,2026-10-04T19:00:00Z,1.1,31,0,AluminiumSmelter,7.86,243.3,,,,,7.86,,,,,0,,,,,8.91,84,1010,2.44,210,light rain,1
Pavlodar,2026-10-04T20:08:04.041025+00:00,1791144484,573904,Каз. Правда  к-сі,52.252530555556,76.974843611111,,,6,3,0,7,7,pm25,2026-10-04T19:00:00Z,1.1,43,0,AluminiumSmelter,8.46,217.3,,,,,8.46,,,,,0,,,,,8.91,84,1010,2.44,210,light rain,1
Pavlodar,2026-10-04T20:08:04.041025+00:00,1791144484,573907,Ломов к-сі (ПМУ),52.264703055556,76.9640775,,,,0,0,0,0,pm25,2026-10-04T19:00:00Z,1.1,35,0,AluminiumSmelter,7.95,227.5,,,,,7.95,,,,,0,,,,,8.91,84,1010,2.44,210,light rain,1
Pavlodar,2026-10-04T20:08:04.041025+00:00,1791144484,114532,Пед. колледж,52.2789,76.9384,32,7,,,,,-,pm25,2026-09-22T10:42:07Z,297.4,32,0,AluminiumSmelter,8.49,243.5,,,,,8.49,,,,,0,,,,,8.91,84,1010,2.44,210,light rain,1
Astana,2026-10-04T20:08:04.041025+00:00,1791144484,10497,"Astana, US Embassy, Kazakhstan (Нұр-Сұлтан, АҚШ елшілігі)",51.125286,71.46722,,,3.5,14.7,2.8,0.1,15,so2,2026-10-05T01:00:00+06:00,1.1,36,0,,,,,,,,,,,,,,,,,,-0.01,93,1013,3,210,scattered clouds,1
Ust-Kamenogorsk,2026-10-04T23:03:11.790170+00:00,1791154991,517390,"Серікбаев көшесі, 19",49.956986944444,82.592090555556,5,1,1,53,2,9,9,pm25,2026-10-04T22:00:00Z,1.1,41,0,UMZ,1.02,,304.9,214.9,,282.5,,3.31,3.12,,1.02,,1,0,,1,17.99,34,1013,5,150,overcast clouds,1
Ust-Kamenogorsk,2026-10-04T23:03:11.790170+00:00,1791154991,517402,"Лев Толстой к-сі, 18",49.944817777778,82.653340277778,8,2,,0,1,2,8,pm25,2026-10-04T22:00:00Z,1.1,43,0,CHP,1.76,,72.2,146.4,,108.5,,1.76,4.7,,3.58,,0,0,,0,17.99,34,1013,5,150,overcast clouds,1
Ust-Kamenogorsk,2026-10-04T23:03:11.790170+00:00,1791154991,517507,"М. Тынышпаев к-сі, 126",50.009261944444,82.564498888889,0,0,61,0,21,,-,pm25,2026-08-26T09:00:00Z,950.1,69,0,Kazzinc,4.97,,328.7,310.9,,333.8,,9.02,4.97,,6.73,,1,1,,1,17.99,34,1013,5,150,overcast clouds,1
Karaganda,2026-10-04T23:03:11.790170+00:00,1791154991,506290,Майқұдық,49.89696663495,73.21133762598,6,2,,,,,6,pm25,2026-10-04T22:57:45Z,0.1,54,0,,,,,,,,,,,,,,,,,,1.95,77,1017,6.62,222,broken clouds,1
Karaganda,2026-10-04T23:03:11.790170+00:00,1791154991,517423,"Мұқанов көшесі,57/3",49.786533888889,73.168150833333,211,113,2,0,2,1,-,pm25,2026-07-02T11:00:00Z,2268.1,45,0,,,,,,,,,,,,,,,,,,1.95,77,1017,6.62,222,broken clouds,1
Pavlodar,2026-10-04T23:03:11.790170+00:00,1791154991,520273,  Торайғыров генералы Дүйсенов көшесі,52.294865277778,76.942828333333,11,4,24,2,19,0,11,pm25,2026-10-04T22:00:00Z,1.1,38,0,AluminiumSmelter,7.57,254.6,,,,,7.57,,,,,0,,,,,6.71,83,1013,5.54,274,moderate rain,1
Pavlodar,2026-10-04T23:03:11.790170+00:00,1791154991,537550,"Естай к-сі, 54",52.281193333333,76.946898055556,4,1,0,2,3,1,4,pm25,2026-10-04T22:00:00Z,1.1,31,0,AluminiumSmelter,7.86,243.3,,,,,7.86,,,,,0,,,,,6.71,83,1013,5.54,274,moderate rain,1
Pavlodar,2026-10-04T23:03:11.790170+00:00,1791154991,573904,Каз. Правда  к-сі,52.252530555556,76.974843611111,,,3,3,0,7,7,pm25,2026-10-04T22:00:00Z,1.1,43,0,AluminiumSmelter,8.46,217.3,,,,,8.46,,,,,0,,,,,6.71,83,1013,5.54,274,moderate rain,1
Pavlodar,2026-10-04T23:03:11.790170+00:00,1791154991,573907,Ломов к-сі (ПМУ),52.264703055556,76.9640775,,,,0,0,0,0,pm25,2026-10-04T22:00:00Z,1.1,35,0,AluminiumSmelter,7.95,227.5,,,,,7.95,,,,,0,,,,,6.71,83,1013,5.54,274,moderate rain,1
Pavlodar,2026-10-04T23:03:11.790170+00:00,1791154991,114532,Пед. колледж,52.2789,76.9384,32,7,,,,,-,pm25,2026-09-22T10:42:07Z,300.4,32,0,AluminiumSmelter,8.49,243.5,,,,,8.49,,,,,0,,,,,6.71,83,1013,5.54,274,moderate rain,1
Astana,2026-10-04T23:03:11.790170+00:00,1791154991,10497,"Astana, US Embassy, Kazakhstan (Нұр-Сұлтан, АҚШ елшілігі)",51.125286,71.46722,,,1.3,15.1,2,0.1,15,so2,2026-10-05T04:00:00+06:00,1.1,36,0,,,,,,,,,,,,,,,,,,0.99,86,1012,7,190,few clouds,1
Ust-Kamenogorsk,2026-10-05T01:55:31.652501+00:00,1791165331,517390,"Серікбаев көшесі, 19",49.956986944444,82.592090555556,5,1,1,53,1,12,12,pm25,2026-10-05T01:00:00Z,0.9,41,0,UMZ,1.02,,304.9,214.9,,282.5,,3.31,3.12,,1.02,,0,0,,0,10.99,87,1018,10,260,moderate rain,1
Ust-Kamenogorsk,2026-10-05T01:55:31.652501+00:00,1791165331,517402,"Лев Толстой к-сі, 18",49.944817777778,82.653340277778,4,1,,0,1,1,4,pm25,2026-10-05T01:00:00Z,0.9,43,0,CHP,1.76,,72.2,146.4,,108.5,,1.76,4.7,,3.58,,1,0,,1,10.99,87,1018,10,260,moderate rain,1
Ust-Kamenogorsk,2026-10-05T01:55:31.652501+00:00,1791165331,517507,"М. Тынышпаев к-сі, 126",50.009261944444,82.564498888889,0,0,61,0,21,,-,pm25,2026-08-26T09:00:00Z,952.9,69,0,Kazzinc,4.97,,328.7,310.9,,333.8,,9.02,4.97,,6.73,,0,0,,0,10.99,87,1018,10,260,moderate rain,1
Karaganda,2026-10-05T01:55:31.652501+00:00,1791165331,506290,Майқұдық,49.89696663495,73.21133762598,11,4,,,,,11,pm25,2026-10-05T01:46:52Z,0.1,54,0,,,,,,,,,,,,,,,,,,1.95,55,1018,10.68,221,scattered clouds,1
Karaganda,2026-10-05T01:55:31.652501+00:00,1791165331,517423,"Мұқанов көшесі,57/3",49.786533888889,73.168150833333,211,113,1,0,2,1,-,pm25,2026-07-02T11:00:00Z,2270.9,45,0,,,,,,,,,,,,,,,,,,1.95,55,1018,10.68,221,scattered clouds,1
Pavlodar,2026-10-05T01:55:31.652501+00:00,1791165331,520273,  Торайғыров генералы Дүйсенов көшесі,52.294865277778,76.942828333333,8,3,24,5,0,0,8,pm25,2026-10-05T01:00:00Z,0.9,32,17.9,AluminiumSmelter,7.57,254.6,,,,,7.57,,,,,0,,,,,3.92,93,1015,5,230,clear sky,1
Pavlodar,2026-10-05T01:55:31.652501+00:00,1791165331,537550,"Естай к-сі, 54",52.281193333333,76.946898055556,4,1,0,2,2,2,4,pm25,2026-10-05T01:00:00Z,0.9,31,0,AluminiumSmelter,7.86,243.3,,,,,7.86,,,,,0,,,,,3.92,93,1015,5,230,clear sky,1
Pavlodar,2026-10-05T01:55:31.652501+00:00,1791165331,573904,Каз. Правда  к-сі,52.252530555556,76.974843611111,,,0,2,0,7,7,pm25,2026-10-05T01:00:00Z,0.9,35,18.6,AluminiumSmelter,8.46,217.3,,,,,8.46,,,,,0,,,,,3.92,93,1015,5,230,clear sky,1
Pavlodar,2026-10-05T01:55:31.652501+00:00,1791165331,573907,Ломов к-сі (ПМУ),52.264703055556,76.9640775,,,,1,0,0,0,pm25,2026-10-05T01:00:00Z,0.9,35,0,AluminiumSmelter,7.95,227.5,,,,,7.95,,,,,0,,,,,3.92,93,1015,5,230,clear sky,1
Pavlodar,2026-10-05T01:55:31.652501+00:00,1791165331,114532,Пед. колледж,52.2789,76.9384,32,7,,,,,-,pm25,2026-09-22T10:42:07Z,303.2,32,0,AluminiumSmelter,8.49,243.5,,,,,8.49,,,,,0,,,,,3.92,93,1015,5,230,clear sky,1
Astana,2026-10-05T01:55:31.652501+00:00,1791165331,10497,"Astana, US Embassy, Kazakhstan (Нұр-Сұлтан, АҚШ елшілігі)",51.125286,71.46722,,,0.6,14,1.8,0.1,14,so2,2026-10-05T07:00:00+06:00,0.9,35,2.8,,,,,,,,,,,,,,,,,,2.99,75,1012,11,220,overcast clouds,1
Ust-Kamenogorsk,2026-10-05T08:55:10.258429+00:00,1791190510,517390,"Серікбаев көшесі, 19",49.956986944444,82.592090555556,5,1,1,53,2,6,6,pm25,2026-10-05T08:00:00Z,0.9,34,17.1,UMZ,1.02,,304.9,214.9,,282.5,,3.31,3.12,,1.02,,1,1,,1,11.99,71,1022,4,90,overcast clouds,1
Ust-Kamenogorsk,2026-10-05T08:55:10.258429+00:00,1791190510,517402,"Лев Толстой к-сі, 18",49.944817777778,82.653340277778,4,1,,0,0,1,4,pm25,2026-10-05T08:00:00Z,0.9,36,18.2,CHP,1.76,,72.2,146.4,,108.5,,1.76,4.7,,3.58,,0,0,,0,11.99,71,1022,4,90,overcast clouds,1
Ust-Kamenogorsk,2026-10-05T08:55:10.258429+00:00,1791190510,517507,"М. Тынышпаев к-сі, 126",50.009261944444,82.564498888889,0,0,61,0,21,,-,pm25,2026-08-26T09:00:00Z,959.9,69,0,Kazzinc,4.97,,328.7,310.9,,333.8,,9.02,4.97,,6.73,,1,1,,0,11.99,71,1022,4,90,overcast clouds,1
Karaganda,2026-10-05T08:55:10.258429+00:00,1791190510,506290,Майқұдық,49.89696663495,73.21133762598,13,4,,,,,13,pm25,2026-10-05T08:51:02Z,0.1,54,0,,,,,,,,,,,,,,,,,,6.95,65,1017,11.95,231,light rain,1
Karaganda,2026-10-05T08:55:10.258429+00:00,1791190510,517423,"Мұқанов көшесі,57/3",49.786533888889,73.168150833333,211,113,3,0,2,1,-,pm25,2026-07-02T11:00:00Z,2277.9,37,17.8,,,,,,,,,,,,,,,,,,6.95,65,1017,11.95,231,light rain,1
Pavlodar,2026-10-05T08:55:10.258429+00:00,1791190510,520273,  Торайғыров генералы Дүйсенов көшесі,52.294865277778,76.942828333333,27,24,24,7,0,0,27,pm25,2026-10-05T08:00:00Z,0.9,28,26.3,AluminiumSmelter,7.57,254.6,,,,,7.57,,,,,0,,,,,8.92,57,1015,10,230,overcast clouds,1
Pavlodar,2026-10-05T08:55:10.258429+00:00,1791190510,537550,"Естай к-сі, 54",52.281193333333,76.946898055556,4,1,2,2,3,6,6,pm25,2026-10-05T08:00:00Z,0.9,25,19.4,AluminiumSmelter,7.86,243.3,,,,,7.86,,,,,0,,,,,8.92,57,1015,10,230,overcast clouds,1
Pavlodar,2026-10-05T08:55:10.258429+00:00,1791190510,573904,Каз. Правда  к-сі,52.252530555556,76.974843611111,,,1,3,0,7,7,pm25,2026-10-05T08:00:00Z,0.9,35,18.6,AluminiumSmelter,8.46,217.3,,,,,8.46,,,,,0,,,,,8.92,57,1015,10,230,overcast clouds,1
Pavlodar,2026-10-05T08:55:10.258429+00:00,1791190510,573907,Ломов к-сі (ПМУ),52.264703055556,76.9640775,,,,0,1,0,0,pm25,2026-10-05T08:00:00Z,0.9,20,42.9,AluminiumSmelter,7.95,227.5,,,,,7.95,,,,,0,,,,,8.92,57,1015,10,230,overcast clouds,1
Pavlodar,2026-10-05T08:55:10.258429+00:00,1791190510,114532,Пед. колледж,52.2789,76.9384,32,7,,,,,-,pm25,2026-09-22T10:42:07Z,310.2,28,15.2,AluminiumSmelter,8.49,243.5,,,,,8.49,,,,,0,,,,,8.92,57,1015,10,230,overcast clouds,1
Astana,2026-10-05T08:55:10.258429+00:00,1791190510,10497,"Astana, US Embassy, Kazakhstan (Нұр-Сұлтан, АҚШ елшілігі)",51.125286,71.46722,,,2.5,14.7,2.4,0.1,15,so2,2026-10-05T14:00:00+06:00,0.9,32,11.1,,,,,,,,,,,,,,,,,,4.99,70,1013,11,200,overcast clouds,1
Ust-Kamenogorsk,2026-10-05T18:21:44.673623+00:00,1791224504,517390,"Серікбаев көшесі, 19",49.956986944444,82.592090555556,5,1,1,53,4,2,2,pm25,2026-10-05T17:00:00Z,1.4,41,0,UMZ,1.02,,304.9,214.9,,282.5,,3.31,3.12,,1.02,,0,1,,0,2.99,75,1024,1,0,broken clouds,1
Ust-Kamenogorsk,2026-10-05T18:21:44.673623+00:00,1791224504,517402,"Лев Толстой к-сі, 18",49.944817777778,82.653340277778,4,1,,0,1,1,4,pm25,2026-10-05T17:00:00Z,1.4,43,0,CHP,1.76,,72.2,146.4,,108.5,,1.76,4.7,,3.58,,0,1,,0,2.99,75,1024,1,0,broken clouds,1
Ust-Kamenogorsk,2026-10-05T18:21:44.673623+00:00,1791224504,517507,"М. Тынышпаев к-сі, 126",50.009261944444,82.564498888889,0,0,61,0,21,,-,pm25,2026-08-26T09:00:00Z,969.4,69,0,Kazzinc,4.97,,328.7,310.9,,333.8,,9.02,4.97,,6.73,,0,0,,0,2.99,75,1024,1,0,broken clouds,1
Karaganda,2026-10-05T18:21:44.673623+00:00,1791224504,506290,Майқұдық,49.89696663495,73.21133762598,17,5,,,,,17,pm25,2026-10-05T18:17:37Z,0.1,54,0,,,,,,,,,,,,,,,,,,6.95,57,1016,12.21,230,overcast clouds,1
Karaganda,2026-10-05T18:21:44.673623+00:00,1791224504,517423,"Мұқанов көшесі,57/3",49.786533888889,73.168150833333,211,113,2,0,1,1,-,pm25,2026-07-02T11:00:00Z,2287.4,45,0,,,,,,,,,,,,,,,,,,6.95,57,1016,12.21,230,overcast clouds,1
Pavlodar,2026-10-05T18:21:44.673623+00:00,1791224504,520273,  Торайғыров генералы Дүйсенов көшесі,52.294865277778,76.942828333333,19,15,24,8,0,0,19,pm25,2026-10-05T17:00:00Z,1.4,38,0,AluminiumSmelter,7.57,254.6,,,,,7.57,,,,,0,,,,,7.27,69,1012,9.57,207,overcast clouds,1
Pavlodar,2026-10-05T18:21:44.673623+00:00,1791224504,537550,"Естай к-сі, 54",52.281193333333,76.946898055556,4,1,4,2,3,7,7,pm25,2026-10-05T17:00:00Z,1.4,31,0,AluminiumSmelter,7.86,243.3,,,,,7.86,,,,,0,,,,,7.27,69,1012,9.57,207,overcast clouds,1
Pavlodar,2026-10-05T18:21:44.673623+00:00,1791224504,573904,Каз. Правда  к-сі,52.252530555556,76.974843611111,,,10,4,0,7,7,pm25,2026-10-05T17:00:00Z,1.4,43,0,AluminiumSmelter,8.46,217.3,,,,,8.46,,,,,0,,,,,7.27,69,1012,9.57,207,overcast clouds,1
Pavlodar,2026-10-05T18:21:44.673623+00:00,1791224504,573907,Ломов к-сі (ПМУ),52.264703055556,76.9640775,,,,1,0,0,0,pm25,2026-10-05T17:00:00Z,1.4,35,0,AluminiumSmelter,7.95,227.5,,,,,7.95,,,,,0,,,,,7.27,69,1012,9.57,207,overcast clouds,1
Pavlodar,2026-10-05T18:21:44.673623+00:00,1791224504,114532,Пед. колледж,52.2789,76.9384,32,7,,,,,-,pm25,2026-09-22T10:42:07Z,319.7,32,0,AluminiumSmelter,8.49,243.5,,,,,8.49,,,,,0,,,,,7.27,69,1012,9.57,207,overcast clouds,1
Astana,2026-10-05T18:21:44.673623+00:00,1791224504,10497,"Astana, US Embassy, Kazakhstan (Нұр-Сұлтан, АҚШ елшілігі)",51.125286,71.46722,,,3.1,14.6,2.5,0.1,15,so2,2026-10-05T23:00:00+06:00,1.4,34,5.6,,,,,,,,,,,,,,,,,,4.99,87,1010,11,230,overcast clouds,1
Ust-Kamenogorsk,2026-10-06T00:18:36.414418+00:00,1791245916,517390,"Серікбаев көшесі, 19",49.956986944444,82.592090555556,5,1,1,53,1,7,7,pm25,2026-10-05T23:00:00Z,1.3,41,0,UMZ,1.02,,304.9,214.9,,282.5,,3.31,3.12,,1.02,,1,0,,1,1.99,80,1024,3,110,clear sky,1
Ust-Kamenogorsk,2026-10-06T00:18:36.414418+00:00,1791245916,517402,"Лев Толстой к-сі, 18",49.944817777778,82.653340277778,6,1,,0,0,1,6,pm25,2026-10-05T23:00:00Z,1.3,43,0,CHP,1.76,,72.2,146.4,,108.5,,1.76,4.7,,3.58,,0,0,,0,1.99,80,1024,3,110,clear sky,1
Ust-Kamenogorsk,2026-10-06T00:18:36.414418+00:00,1791245916,517507,"М. Тынышпаев к-сі, 126",50.009261944444,82.564498888889,0,0,61,0,21,,-,pm25,2026-08-26T09:00:00Z,975.3,69,0,Kazzinc,4.97,,328.7,310.9,,333.8,,9.02,4.97,,6.73,,1,1,,1,1.99,80,1024,3,110,clear sky,1
Karaganda,2026-10-06T00:18:36.414418+00:00,1791245916,506290,Майқұдық,49.89696663495,73.21133762598,0,0,,,,,0,pm25,2026-10-06T00:12:53Z,0.1,54,0,,,,,,,,,,,,,,,,,,6.95,57,1014,11.99,227,broken clouds,1
Karaganda,2026-10-06T00:18:36.414418+00:00,1791245916,517423,"Мұқанов көшесі,57/3",49.786533888889,73.168150833333,211,113,1,0,1,1,-,pm25,2026-07-02T11:00:00Z,2293.3,45,0,,,,,,,,,,,,,,,,,,6.95,57,1014,11.99,227,broken clouds,1
Pavlodar,2026-10-06T00:18:36.414418+00:00,1791245916,520273,  Торайғыров генералы Дүйсенов көшесі,52.294865277778,76.942828333333,10,8,24,10,0,0,10,pm25,2026-10-05T23:00:00Z,1.3,38,0,AluminiumSmelter,7.57,254.6,,,,,7.57,,,,,0,,,,,8.92,61,1011,11,220,overcast clouds,1
Pavlodar,2026-10-06T00:18:36.414418+00:00,1791245916,537550,"Естай к-сі, 54",52.281193333333,76.946898055556,4,1,3,2,2,11,11,pm25,2026-10-05T23:00:00Z,1.3,31,0,AluminiumSmelter,7.86,243.3,,,,,7.86,,,,,0,,,,,8.92,61,1011,11,220,overcast clouds,1
Pavlodar,2026-10-06T00:18:36.414418+00:00,1791245916,573904,Каз. Правда  к-сі,52.252530555556,76.974843611111,,,0,4,0,7,7,pm25,2026-10-05T23:00:00Z,1.3,43,0,AluminiumSmelter,8.46,217.3,,,,,8.46,,,,,0,,,,,8.92,61,1011,11,220,overcast clouds,1
Pavlodar,2026-10-06T00:18:36.414418+00:00,1791245916,573907,Ломов к-сі (ПМУ),52.264703055556,76.9640775,,,,1,0,0,0,pm25,2026-10-05T23:00:00Z,1.3,35,0,AluminiumSmelter,7.95,227.5,,,,,7.95,,,,,0,,,,,8.92,61,1011,11,220,overcast clouds,1
Pavlodar,2026-10-06T00:18:36.414418+00:00,1791245916,114532,Пед. колледж,52.2789,76.9384,32,7,,,,,-,pm25,2026-09-22T10:42:07Z,325.6,32,0,AluminiumSmelter,8.49,243.5,,,,,8.49,,,,,0,,,,,8.92,61,1011,11,220,overcast clouds,1
Astana,2026-10-06T00:18:36.414418+00:00,1791245916,10497,"Astana, US Embassy, Kazakhstan (Нұр-Сұлтан, АҚШ елшілігі)",51.125286,71.46722,,,0.3,14.7,1.7,0.1,15,so2,2026-10-06T05:00:00+06:00,1.3,36,0,,,,,,,,,,,,,,,,,,5.99,81,1008,11,230,overcast clouds,1
Ust-Kamenogorsk,2026-10-06T06:50:02.612206+00:00,1791269402,517390,"Серікбаев көшесі, 19",49.956986944444,82.592090555556,5,1,1,53,2,10,10,pm25,2026-10-06T06:00:00Z,0.8,41,0,UMZ,1.02,,304.9,214.9,,282.5,,3.31,3.12,,1.02,,0,0,,0,12.99,35,1022,6,210,scattered clouds,1
Ust-Kamenogorsk,2026-10-06T06:50:02.612206+00:00,1791269402,517402,"Лев Толстой к-сі, 18",49.944817777778,82.653340277778,8,1,,0,1,1,8,pm25,2026-10-06T06:00:00Z,0.8,32,25.6,CHP,1.76,,72.2,146.4,,108.5,,1.76,4.7,,3.58,,1,0,,0,12.99,35,1022,6,210,scattered clouds,1
Ust-Kamenogorsk,2026-10-06T06:50:02.612206+00:00,1791269402,517507,"М. Тынышпаев к-сі, 126",50.009261944444,82.564498888889,0,0,61,0,21,,-,pm25,2026-08-26T09:00:00Z,981.8,69,0,Kazzinc,4.97,,328.7,310.9,,333.8,,9.02,4.97,,6.73,,0,0,,1,12.99,35,1022,6,210,scattered clouds,1
Karaganda,2026-10-06T06:50:02.612206+00:00,1791269402,506290,Майқұдық,49.89696663495,73.21133762598,4,2,,,,,4,pm25,2026-10-06T06:44:50Z,0.1,54,0,,,,,,,,,,,,,,,,,,10.95,42,1014,12.82,248,overcast clouds,1
Karaganda,2026-10-06T06:50:02.612206+00:00,1791269402,517423,"Мұқанов көшесі,57/3",49.786533888889,73.168150833333,211,113,4,0,1,1,-,pm25,2026-07-02T11:00:00Z,2299.8,45,0,,,,,,,,,,,,,,,,,,10.95,42,1014,12.82,248,overcast clouds,1
Pavlodar,2026-10-06T06:50:02.612206+00:00,1791269402,520273,  Торайғыров генералы Дүйсенов көшесі,52.294865277778,76.942828333333,14,11,24,7,3,0,14,pm25,2026-10-06T06:00:00Z,0.8,30,21.1,AluminiumSmelter,7.57,254.6,,,,,7.57,,,,,0,,,,,5.92,93,1010,9,260,light rain,1
Pavlodar,2026-10-06T06:50:02.612206+00:00,1791269402,537550,"Естай к-сі, 54",52.281193333333,76.946898055556,4,1,5,2,3,7,7,pm25,2026-10-06T06:00:00Z,0.8,26,16.1,AluminiumSmelter,7.86,243.3,,,,,7.86,,,,,0,,,,,5.92,93,1010,9,260,light rain,1
Pavlodar,2026-10-06T06:50:02.612206+00:00,1791269402,573904,Каз. Правда  к-сі,52.252530555556,76.974843611111,,,3,4,0,7,7,pm25,2026-10-06T06:00:00Z,0.8,43,0,AluminiumSmelter,8.46,217.3,,,,,8.46,,,,,0,,,,,5.92,93,1010,9,260,light rain,1
Pavlodar,2026-10-06T06:50:02.612206+00:00,1791269402,573907,Ломов к-сі (ПМУ),52.264703055556,76.9640775,,,,1,3,0,0,pm25,2026-10-06T06:00:00Z,0.8,26,27.8,AluminiumSmelter,7.95,227.5,,,,,7.95,,,,,0,,,,,5.92,93,1010,9,260,light rain,1
Pavlodar,2026-10-06T06:50:02.612206+00:00,1791269402,114532,Пед. колледж,52.2789,76.9384,32,7,,,,,-,pm25,2026-09-22T10:42:07Z,332.1,32,0,AluminiumSmelter,8.49,243.5,,,,,8.49,,,,,0,,,,,5.92,93,1010,9,260,light rain,1
Astana,2026-10-06T06:50:02.612206+00:00,1791269402,10497,"Astana, US Embassy, Kazakhstan (Нұр-Сұлтан, АҚШ елшілігі)",51.125286,71.46722,,,3.9,15,2.7,0.1,15,so2,2026-10-06T12:00:00+06:00,0.8,31,13.9,,,,,,,,,,,,,,,,,,3.99,70,1014,9,260,overcast clouds,1
